datetime,6,7,8,9,10,11,12,13,14,15,16,17,18,19,20,21,22,23,24,25,26,27,28,29,30,31,32,33
202109030000,34,26,22,50,32,23,10,15,53,11,22,16,22,32,32,27,22,51,34,26,15,18,49,11,22,19,21,32
202109030015,31,22,20,51,33,18,8,13,48,9,21,17,20,24,30,23,20,51,34,21,12,15,45,9,21,19,19,24
202109030030,26,21,16,41,31,16,7,12,44,12,17,18,21,24,25,22,16,42,32,18,11,14,41,12,18,20,20,24
202109030045,24,19,16,44,28,15,5,12,41,10,18,15,19,20,22,20,16,45,29,17,9,14,38,10,18,17,18,20
202109030100,20,16,14,40,27,13,4,11,40,10,16,12,17,20,18,17,14,41,28,16,8,13,37,10,16,14,16,20
202109030130,20,14,11,40,24,9,2,8,34,11,13,11,13,17,19,15,11,41,25,12,6,10,31,10,13,13,13,17
202109030145,18,16,11,37,21,9,3,8,33,10,11,11,13,15,17,17,11,38,22,11,6,10,31,9,11,13,13,15
202109030200,17,15,11,32,19,7,2,9,35,9,13,8,12,12,16,16,11,33,20,10,6,11,32,8,13,10,11,12
202109030215,17,11,10,33,21,8,2,8,32,6,13,8,9,12,15,12,10,34,22,10,5,10,30,6,13,10,9,12
202109030230,15,12,9,30,21,7,2,7,32,5,10,7,8,11,13,13,9,31,22,9,5,9,30,5,10,9,8,11
202109030245,14,12,9,30,19,7,1,6,34,6,10,6,8,11,13,13,9,31,20,10,5,8,31,6,10,8,8,11
202109030300,13,12,10,31,20,5,2,7,32,9,7,8,8,15,12,13,10,32,21,8,5,9,30,8,7,10,8,15
202109030315,13,10,7,30,16,5,0,5,28,8,8,6,8,12,12,11,7,31,18,8,3,7,26,7,8,8,8,11
202109030330,15,8,5,29,16,6,0,5,28,6,8,6,10,11,14,9,5,30,18,8,3,7,26,6,8,8,9,10
202109030345,12,8,5,27,15,6,0,5,28,7,10,5,9,11,11,9,5,28,16,8,3,7,26,7,10,7,9,10
202109030400,11,7,4,28,13,6,1,5,25,7,10,4,9,12,10,8,4,29,15,8,4,7,23,7,10,6,8,11
202109030415,12,8,0,27,13,8,2,6,24,5,7,4,8,11,10,9,0,28,15,10,4,8,22,5,7,6,7,10
202109030430,11,8,0,26,12,6,2,7,25,4,7,4,9,11,9,9,0,27,14,8,5,9,23,4,7,6,8,10
202109030445,11,7,0,27,13,4,2,7,26,4,7,4,10,11,9,8,0,28,15,6,5,9,24,4,8,6,9,10
202109030500,11,9,5,25,12,5,2,6,27,6,6,7,11,9,9,10,5,26,14,7,5,8,25,6,7,8,10,9
202109030515,9,12,7,26,11,4,4,9,26,6,8,7,9,9,7,12,7,27,13,6,6,11,24,6,8,8,9,9
202109030530,8,12,9,27,13,7,5,10,24,7,9,8,10,11,6,12,9,28,14,9,7,12,23,7,9,9,10,11
202109030545,16,20,12,37,17,9,6,16,35,11,12,13,14,12,14,20,11,38,19,11,9,17,33,11,12,14,14,12
202109030600,18,21,12,44,22,15,8,20,48,13,17,14,19,16,17,21,12,44,23,18,12,22,45,13,18,16,18,16
202109030615,16,24,14,45,22,17,10,27,45,14,20,19,19,15,15,24,14,45,23,20,14,28,42,14,20,20,19,15
202109030630,19,23,16,43,26,17,12,30,47,17,21,22,20,18,18,23,16,43,27,20,16,31,44,17,21,23,20,18
202109030645,22,20,17,50,25,18,11,37,50,20,23,22,20,23,21,20,17,50,26,21,15,38,47,19,23,24,20,23
202109030700,29,27,24,52,29,24,11,35,55,26,25,26,21,22,28,27,23,53,31,27,16,36,51,25,25,27,21,23
202109030715,32,29,25,47,31,31,15,38,68,29,26,37,25,29,31,30,25,48,33,34,21,40,63,28,26,38,26,29
202109030730,37,31,28,50,37,29,14,53,66,29,24,38,23,29,35,32,27,51,39,32,20,54,61,28,24,39,24,30
202109030745,33,28,25,49,44,32,15,52,69,30,26,40,28,29,32,29,25,50,45,35,21,53,64,29,27,41,29,29
202109030800,37,34,26,58,46,36,15,47,67,33,30,36,28,26,36,34,25,59,47,38,21,48,63,32,30,37,28,27
202109030815,38,31,27,56,51,34,13,39,62,31,24,31,32,27,37,32,26,57,52,36,18,40,58,30,25,33,31,28
202109030830,35,28,25,53,47,32,15,33,56,29,24,34,29,17,34,29,24,54,48,34,19,34,52,28,25,34,29,18
202109030845,34,24,23,54,43,24,17,34,53,28,24,31,25,17,33,25,22,55,44,26,21,35,50,27,25,31,25,18
202109030900,33,27,17,55,39,26,13,39,48,27,22,30,28,18,32,28,16,56,40,28,17,40,45,26,23,30,28,18
202109030915,31,24,16,48,43,21,12,36,47,31,22,29,26,20,30,25,16,49,44,23,16,37,44,30,23,30,26,20
202109030930,37,26,19,49,44,23,12,33,48,28,20,30,30,21,36,27,18,50,45,25,16,34,45,27,22,31,30,21
202109030945,37,21,19,43,49,19,9,34,49,31,21,31,29,21,36,23,19,45,50,22,13,35,46,29,22,32,29,21
202109031000,36,25,20,43,53,20,13,35,47,32,22,32,20,22,36,26,19,44,53,22,16,36,44,31,22,33,21,22
202109031015,45,26,19,48,47,24,13,33,47,31,20,28,19,18,44,28,18,50,48,26,17,34,44,30,20,29,19,18
202109031030,41,26,17,53,47,18,13,40,49,32,22,32,19,20,40,28,17,55,48,21,17,41,46,31,22,33,20,20
202109031045,43,25,18,50,55,20,14,35,50,28,20,31,23,17,42,27,17,52,56,23,18,36,47,27,21,31,23,17
202109031100,45,31,19,54,56,22,14,36,46,34,23,34,25,15,44,32,18,56,57,24,17,37,43,33,24,34,25,16
202109031115,44,34,17,56,52,23,16,35,45,30,21,28,27,14,43,35,16,58,53,25,19,36,43,29,22,28,27,14
202109031130,45,31,19,54,55,24,14,32,50,27,21,28,27,16,44,32,18,56,56,26,18,33,47,26,22,29,27,16
202109031145,45,34,18,55,59,25,13,37,50,26,26,30,26,16,44,35,17,57,60,27,17,38,47,25,26,31,26,16
202109031200,54,38,18,58,62,33,13,45,52,31,28,32,29,16,53,39,17,60,63,34,17,46,49,30,29,32,29,16
202109031215,49,46,16,62,63,29,14,42,53,28,20,32,33,20,48,46,16,63,63,31,18,43,49,27,22,33,32,20
202109031230,56,45,21,64,55,32,15,42,54,27,21,26,31,21,55,46,20,66,57,33,19,43,51,26,23,27,30,22
202109031245,49,39,18,61,55,25,14,40,49,25,21,28,34,18,48,40,17,62,56,27,18,41,46,24,23,29,33,18
202109031300,49,37,15,58,53,27,13,39,46,30,28,26,34,16,48,38,14,60,54,28,16,40,43,29,29,27,33,16
202109031315,48,34,14,59,56,25,13,36,42,30,27,22,26,16,47,35,14,61,57,26,16,37,40,29,27,23,25,16
202109031330,46,28,18,58,54,24,12,32,40,27,23,25,23,16,45,30,17,60,55,25,15,33,38,26,23,26,23,16
202109031345,51,31,18,54,60,25,14,33,38,27,25,22,24,18,50,33,17,56,61,26,17,34,36,26,25,23,23,18
202109031400,45,28,19,55,62,25,14,38,39,26,21,26,29,16,45,30,18,56,62,26,17,39,37,25,22,27,28,17
202109031415,49,28,21,51,56,25,14,34,39,23,22,24,29,16,48,30,20,53,57,26,17,35,37,22,23,25,28,17
202109031430,43,25,21,56,58,25,13,33,42,27,22,21,27,15,42,27,20,58,59,26,16,34,40,26,23,22,26,16
202109031445,46,26,24,52,56,26,13,36,37,31,19,24,31,15,45,28,23,54,57,27,15,37,35,30,21,25,30,16
202109031500,50,25,20,52,57,25,11,33,41,33,24,24,29,18,49,28,19,54,58,26,14,34,39,31,25,25,28,18
202109031515,48,26,18,58,60,27,12,33,43,31,19,25,26,18,47,28,17,60,61,28,15,34,40,30,20,26,25,18
202109031530,47,29,19,58,71,25,15,36,49,32,23,23,26,19,47,31,18,59,71,27,19,37,46,31,24,24,25,19
202109031545,51,31,18,54,65,21,13,37,48,31,24,20,26,19,50,33,18,56,66,23,17,38,45,30,25,22,25,19
202109031600,52,32,20,60,69,25,14,35,49,26,25,26,26,21,52,34,20,62,69,27,18,36,46,25,26,27,26,21
202109031615,54,29,23,59,71,27,11,38,45,26,24,25,20,20,54,32,22,61,71,28,15,39,42,25,24,26,20,21
202109031630,53,30,20,61,71,26,11,43,46,31,23,32,26,22,53,32,20,63,71,27,15,44,43,30,24,33,26,22
202109031645,63,31,29,57,73,25,11,58,53,26,29,49,26,26,62,34,28,60,74,27,15,59,49,25,29,49,27,27
202109031700,70,34,26,60,84,35,13,58,58,29,29,44,29,24,69,37,25,63,84,36,18,59,54,28,30,44,30,25
202109031715,64,37,24,62,87,35,12,62,58,31,31,48,31,25,64,40,23,65,87,36,17,62,54,30,32,48,32,25
202109031730,67,39,27,62,84,37,15,61,55,33,32,50,30,27,67,42,26,65,84,38,19,62,51,32,32,50,31,28
202109031745,68,37,30,64,91,43,18,64,61,34,39,54,32,26,68,40,29,67,91,44,23,65,57,33,39,54,33,27
202109031800,74,41,29,66,95,52,21,61,71,39,48,50,34,29,74,44,28,69,95,53,26,62,66,38,47,50,35,30
202109031815,90,47,32,70,97,45,21,55,70,33,47,46,38,30,89,51,31,74,98,46,26,56,66,32,47,47,38,31
202109031830,107,51,35,82,104,54,20,61,74,35,51,47,38,28,105,56,34,87,106,54,26,62,69,34,50,48,38,29
202109031845,119,55,33,84,103,61,20,57,78,32,54,43,36,33,117,61,32,89,106,61,26,58,73,31,53,45,36,34
202109031900,125,51,33,88,104,54,17,55,84,32,63,41,40,35,123,57,33,93,107,55,24,56,78,31,61,43,39,36
202109031915,122,52,35,89,109,51,18,57,88,33,69,43,39,38,120,58,35,94,111,53,26,58,82,32,67,45,39,39
202109031930,129,63,40,82,109,53,19,57,93,29,74,38,39,33,127,68,39,88,112,55,27,58,86,28,71,40,38,35
202109031945,130,69,40,89,104,50,20,49,94,27,76,40,41,31,127,74,39,95,107,53,28,50,87,26,73,42,40,33
202109032000,130,64,40,98,112,47,20,49,92,26,80,42,44,34,128,70,39,103,114,50,28,51,85,25,77,44,43,35
202109032015,130,62,42,88,106,52,20,45,85,30,77,38,40,36,128,68,41,94,109,54,27,47,79,29,74,40,39,37
202109032030,116,55,44,84,85,56,25,43,87,31,82,39,40,44,113,60,43,89,88,58,32,45,81,30,78,42,39,45
202109032045,106,53,40,92,97,52,24,45,88,28,82,34,44,41,104,58,39,96,99,54,31,47,82,28,79,37,42,42
202109032100,113,53,40,86,91,61,25,44,89,27,79,38,44,41,110,58,39,91,94,62,32,46,83,27,76,41,43,42
202109032115,103,53,44,86,97,61,24,43,89,27,69,33,38,45,102,58,43,90,99,62,31,45,83,27,67,37,37,46
202109032130,99,54,43,92,93,57,22,47,88,26,72,35,34,41,98,58,42,95,95,59,29,49,82,26,69,38,33,42
202109032145,94,46,37,93,92,55,22,43,83,28,67,33,41,42,93,50,37,96,94,56,28,45,78,28,65,36,39,43
202109032200,90,48,38,95,93,54,22,41,77,27,59,28,41,40,89,52,37,98,94,55,28,43,72,26,58,32,39,41
202109032215,83,48,41,103,88,48,22,39,79,26,64,31,43,42,82,51,40,105,89,50,28,41,74,26,63,34,41,43
202109032230,68,42,36,99,83,47,21,40,83,27,60,31,40,42,67,44,36,100,83,49,27,42,77,26,59,34,38,42
202109032245,67,40,38,103,84,43,17,38,86,20,61,33,37,47,66,42,38,103,84,46,24,41,80,20,59,37,36,47
202109032300,61,37,35,97,79,40,18,37,86,21,52,30,36,46,60,39,35,97,79,44,25,40,80,21,51,34,35,46
202109032315,52,35,35,93,79,40,16,35,87,23,45,25,36,37,52,37,34,93,79,44,24,37,81,22,45,28,34,38
202109032330,42,27,22,74,58,30,11,27,74,18,33,23,31,31,41,28,22,74,59,34,18,29,68,17,33,26,30,31
202109032345,37,23,17,67,46,26,14,20,67,14,28,17,27,28,36,24,17,67,47,29,20,22,62,14,28,20,26,27
202109040000,38,23,19,62,42,20,14,20,63,14,24,16,21,30,37,25,19,62,43,24,19,22,59,14,24,19,20,30
202109040015,35,19,15,59,37,18,14,16,60,15,19,19,22,27,33,21,15,60,38,22,19,18,56,15,20,22,21,26
202109040030,31,18,15,59,35,18,11,16,55,12,16,16,19,22,30,20,15,59,36,22,16,18,51,12,17,18,18,22
202109040045,25,15,15,54,27,19,10,12,52,12,14,14,17,22,23,16,15,54,29,22,15,14,48,12,15,16,16,22
202109040100,26,17,18,51,28,14,8,10,50,14,14,15,19,22,24,18,18,52,30,18,13,12,47,13,15,17,18,22
202109040115,27,18,15,51,27,14,5,12,45,11,13,10,14,23,26,19,15,52,29,17,9,14,42,11,13,13,13,23
202109040130,25,18,16,51,24,11,6,12,41,10,12,9,15,18,24,19,16,51,26,14,10,14,38,10,13,11,14,18
202109040145,25,17,14,46,21,9,6,10,38,10,12,6,13,18,23,18,14,46,23,12,9,12,35,10,12,8,12,18
202109040200,19,16,12,43,19,10,4,12,36,9,10,7,12,17,17,17,12,43,21,12,7,14,33,9,10,9,11,17
202109040215,19,15,12,38,21,10,6,10,33,7,8,8,10,16,18,16,12,39,22,12,9,12,31,7,8,10,10,16
202109040230,17,12,14,34,17,10,6,10,36,6,11,6,10,17,16,13,14,35,19,13,9,12,34,6,11,8,9,17
202109040245,17,12,13,32,16,9,5,10,31,7,12,5,9,16,16,13,13,33,18,11,8,12,29,7,12,7,8,16
202109040300,16,12,12,31,19,9,5,11,31,9,12,6,8,16,15,13,12,32,21,11,8,13,29,9,12,8,8,16
202109040315,16,9,10,29,14,8,2,9,31,8,11,5,8,13,15,10,10,30,16,10,5,11,29,8,11,7,8,13
202109040330,16,9,10,29,12,10,2,8,34,8,11,4,8,14,14,10,10,30,14,12,6,10,31,8,11,6,8,14
202109040345,16,9,11,29,11,10,2,8,32,7,11,5,8,12,14,10,11,30,13,12,5,10,30,7,11,7,8,12
202109040400,14,8,9,29,11,10,3,10,30,6,10,4,8,12,12,9,9,30,13,12,6,12,28,6,10,6,8,12
202109040415,14,9,0,31,13,11,3,9,30,4,10,4,9,14,12,10,1,31,15,13,6,11,28,4,10,6,8,13
202109040430,14,8,0,31,11,11,2,9,28,4,11,5,8,13,12,9,1,32,13,12,5,11,26,4,11,7,8,12
202109040445,15,9,0,31,11,10,1,9,30,4,11,4,8,13,13,10,1,32,13,12,4,11,28,4,11,6,8,12
202109040500,14,11,8,28,11,7,5,10,29,7,12,6,8,11,12,12,8,29,13,9,8,12,27,7,12,8,8,11
202109040515,13,9,11,27,10,9,4,10,28,7,12,6,10,13,11,10,11,28,12,11,7,12,26,7,12,8,10,13
202109040530,13,9,13,30,10,9,5,11,27,9,13,6,12,13,11,10,12,31,12,11,7,13,25,9,13,8,11,13
202109040545,19,17,15,41,15,12,9,16,38,10,19,11,15,14,17,17,14,41,17,15,12,18,36,10,19,13,14,14
202109040600,19,18,15,47,21,15,8,20,42,12,21,15,17,17,18,18,15,47,23,18,12,22,39,12,21,17,16,17
202109040615,21,18,17,46,23,15,7,20,43,14,22,16,18,14,20,19,16,46,24,18,11,22,40,13,22,17,17,14
202109040630,23,16,17,47,21,16,8,22,46,16,23,19,18,16,21,17,16,48,23,19,12,24,43,15,23,20,18,16
202109040645,21,20,18,47,16,17,9,22,49,15,25,19,18,16,19,21,17,47,18,20,13,24,46,15,25,20,18,17
202109040700,24,22,23,52,22,20,11,25,46,22,25,22,21,17,22,23,22,52,24,22,15,27,43,21,25,23,21,18
202109040715,29,25,26,54,27,20,10,28,50,23,32,23,22,20,27,26,25,54,29,23,14,30,47,22,31,25,22,21
202109040730,29,26,27,59,30,25,12,30,57,21,30,24,27,18,27,26,26,59,31,28,17,31,53,20,30,25,26,19
202109040745,32,25,24,58,37,26,12,33,62,25,35,29,27,21,31,26,23,59,38,29,17,34,58,24,35,30,27,22
202109040800,41,29,28,64,41,30,12,37,69,26,38,34,32,28,39,30,27,65,42,33,18,39,64,25,38,36,32,29
202109040815,43,29,29,69,44,35,13,40,68,27,37,32,36,26,41,31,28,70,46,38,19,41,63,26,38,34,35,27
202109040830,41,30,26,62,52,39,12,40,61,27,36,39,33,25,40,31,25,63,53,40,17,41,57,26,36,40,33,26
202109040845,45,33,26,65,56,34,10,39,54,24,39,31,32,25,44,34,25,66,57,35,15,40,50,23,39,32,31,26
202109040900,43,31,24,72,58,37,13,34,61,26,38,35,36,30,42,32,24,73,59,38,18,36,57,25,38,37,35,30
202109040915,43,31,25,72,59,38,13,42,56,30,37,37,37,29,43,32,25,73,59,39,18,43,52,29,38,38,36,29
202109040930,37,33,24,78,61,34,16,48,59,29,41,38,37,27,37,34,24,78,61,36,21,49,55,28,41,39,36,27
202109040945,47,31,27,75,58,34,16,48,66,27,43,34,42,30,46,33,27,76,59,36,21,49,61,26,44,36,40,30
202109041000,51,34,25,76,65,30,18,54,70,25,42,35,41,28,50,36,25,77,65,33,23,55,65,24,43,37,40,28
202109041015,52,34,25,75,79,31,18,53,67,25,39,32,42,32,52,36,25,76,79,34,23,54,63,24,40,34,40,32
202109041030,59,35,27,78,72,37,15,57,63,25,38,35,46,28,58,37,26,79,73,39,20,58,59,24,40,37,44,29
202109041045,57,40,26,71,69,34,20,52,63,25,38,36,41,32,56,42,26,72,70,36,24,53,59,24,39,38,40,32
202109041100,60,39,26,73,67,38,21,55,61,28,36,34,35,34,59,41,26,75,68,39,25,56,58,27,37,36,34,34
202109041115,58,32,23,82,69,39,16,55,62,28,36,36,33,30,57,34,23,83,70,40,21,56,58,27,36,38,33,30
202109041130,63,39,25,78,77,38,18,48,59,29,32,34,37,33,63,41,25,79,78,39,22,49,55,28,33,36,36,33
202109041145,68,41,28,78,76,39,18,47,61,30,33,30,36,30,67,43,27,80,77,40,23,48,57,29,34,32,35,31
202109041200,62,45,26,83,78,45,16,51,63,31,28,32,34,25,61,46,25,84,78,46,21,52,59,30,29,33,33,26
202109041215,68,49,29,82,75,42,20,43,59,32,29,34,34,30,67,51,28,84,76,42,24,44,56,31,30,36,33,31
202109041230,71,45,32,82,85,44,19,48,59,31,32,27,42,35,70,47,32,84,85,44,23,50,56,30,34,30,40,36
202109041245,76,44,28,89,81,48,17,45,62,26,31,24,35,30,75,47,28,91,82,48,22,46,58,25,32,27,33,30
202109041300,79,46,28,82,78,48,20,46,57,26,31,25,34,29,78,49,27,84,80,48,24,47,54,25,32,27,33,30
202109041315,74,40,29,74,77,47,18,43,60,24,36,30,30,32,73,43,28,76,78,47,22,45,56,24,36,33,29,32
202109041330,75,35,29,76,73,39,15,38,64,29,41,24,29,27,74,39,28,79,75,40,20,39,60,28,40,26,28,28
202109041345,71,39,30,70,79,38,17,42,59,27,38,26,35,25,70,42,29,73,80,39,21,43,55,26,38,28,34,26
202109041400,76,42,28,76,79,34,17,45,59,28,39,26,37,24,75,45,27,79,80,36,21,46,55,27,39,28,35,25
202109041415,67,40,30,68,79,33,16,46,58,25,37,32,38,25,66,42,29,70,80,35,20,47,54,24,38,33,37,26
202109041430,74,40,29,71,73,32,16,46,59,25,38,28,36,27,73,43,28,74,74,34,21,47,55,24,38,30,35,28
202109041445,73,35,26,67,73,36,14,48,62,22,32,30,33,30,72,39,26,70,74,38,19,49,58,21,33,32,32,30
202109041500,73,40,29,71,76,39,13,47,61,24,32,29,38,31,72,43,28,74,77,40,18,48,57,23,33,31,36,31
202109041515,75,43,29,72,81,38,14,50,65,27,36,28,36,28,74,46,28,74,82,40,19,51,61,26,37,30,35,29
202109041530,74,42,32,69,82,35,17,49,62,28,32,34,34,27,73,45,31,72,83,37,22,50,58,27,33,35,33,28
202109041545,77,40,28,67,87,37,17,49,63,26,36,36,33,26,76,43,27,70,88,39,22,50,59,25,36,37,33,27
202109041600,80,45,29,74,79,40,18,51,56,24,32,35,34,27,78,48,28,77,81,41,22,52,53,23,33,36,34,28
202109041615,81,42,28,79,83,35,14,46,57,23,34,33,37,29,80,45,27,82,84,36,19,47,53,22,35,35,36,30
202109041630,83,38,28,83,86,36,17,49,67,24,35,33,45,27,82,42,27,86,87,38,22,50,63,23,37,35,43,28
202109041645,86,37,31,83,84,42,20,47,65,27,33,33,39,27,85,41,30,86,85,43,25,48,61,26,34,34,38,28
202109041700,81,33,35,84,81,42,20,50,72,25,31,35,37,28,80,37,34,86,82,44,26,51,67,24,32,36,36,30
202109041715,84,43,35,91,91,45,17,55,71,28,37,38,37,36,83,47,34,93,92,46,23,56,66,27,38,40,37,37
202109041730,88,47,30,94,93,45,18,47,78,30,46,39,40,31,87,50,29,96,94,47,24,48,73,29,46,40,39,32
202109041745,95,47,27,92,93,44,16,53,76,32,44,38,42,30,93,51,26,95,95,46,22,54,70,31,44,39,41,30
202109041800,99,49,34,86,103,48,19,61,80,30,42,43,41,35,98,53,33,90,104,50,26,62,74,29,43,45,40,36
202109041815,101,54,41,80,107,50,13,64,82,32,46,43,38,34,100,58,40,84,108,52,20,65,76,30,46,45,38,36
202109041830,110,55,37,89,112,54,13,56,89,31,44,44,41,35,109,60,36,93,113,56,21,57,82,30,44,46,40,36
202109041845,119,60,41,97,116,59,13,48,85,35,45,38,41,36,118,65,40,101,118,60,21,50,78,33,45,40,40,38
202109041900,118,62,43,95,114,54,15,53,81,38,49,41,37,39,117,67,42,100,116,55,22,55,75,36,48,43,37,40
202109041915,125,65,41,96,104,53,15,55,81,36,52,41,39,40,123,70,40,101,107,54,22,57,75,35,51,43,38,41
202109041930,137,58,41,95,104,60,15,53,79,32,57,37,40,42,134,65,40,101,108,60,22,55,73,31,56,40,39,43
202109041945,118,56,44,94,105,60,20,51,79,26,56,37,35,40,116,61,43,99,107,60,26,53,74,25,54,40,34,41
202109042000,115,62,48,94,110,58,18,49,81,30,48,36,40,43,114,66,47,98,112,59,25,51,75,29,48,39,39,45
202109042015,106,61,43,109,97,57,17,48,82,25,51,33,34,40,104,65,42,112,99,58,24,50,76,24,50,36,33,41
202109042030,105,58,45,103,94,55,21,48,82,25,49,32,34,35,103,62,43,106,96,56,27,50,77,25,48,34,33,37
202109042045,101,56,47,93,89,58,24,43,81,26,49,31,38,31,99,60,45,96,91,59,30,45,76,26,49,33,37,33
202109042100,85,58,42,95,84,59,23,40,85,27,53,33,37,31,84,60,40,97,85,60,30,42,79,27,52,35,36,33
202109042115,81,58,38,89,80,51,21,42,82,27,53,31,35,36,80,60,37,91,82,53,28,44,76,26,52,34,34,37
202109042130,81,59,39,92,78,50,23,45,91,29,48,33,36,34,79,61,38,94,80,53,30,47,85,28,47,35,35,35
202109042145,92,57,37,101,89,51,24,45,89,30,51,34,39,37,91,60,36,103,90,53,31,47,83,29,51,37,38,38
202109042200,87,54,36,94,87,48,22,41,92,30,56,34,40,38,86,57,35,96,88,51,29,43,86,29,55,37,39,39
202109042215,76,47,33,101,81,44,23,41,91,29,55,33,44,40,75,49,33,102,82,48,30,43,85,28,55,36,42,40
202109042230,67,44,36,91,72,43,17,41,93,26,50,33,43,44,66,46,36,92,73,47,25,43,86,25,50,36,41,44
202109042245,61,38,31,93,72,43,18,40,93,26,50,30,38,46,60,40,31,94,73,47,26,42,86,25,50,34,37,46
202109042300,61,39,26,93,67,43,20,39,88,25,49,28,39,40,60,41,26,94,68,46,27,41,82,25,49,31,37,40
202109042315,56,39,25,88,66,37,17,36,83,26,49,29,36,40,55,41,25,89,67,41,24,38,77,25,48,32,35,40
202109042330,40,31,19,72,54,29,16,30,65,23,43,20,28,34,39,32,20,72,55,32,21,32,61,22,42,23,27,33
202109042345,35,29,20,65,45,25,15,28,58,17,38,17,21,32,34,30,20,65,46,28,19,30,54,17,37,20,20,32
202109050000,38,24,20,64,44,26,13,23,57,15,33,14,22,28,37,26,20,64,45,28,18,25,53,15,32,17,21,28
202109050015,38,23,19,57,45,23,11,22,50,16,32,16,17,28,36,25,19,58,46,25,15,24,47,16,31,19,17,28
202109050030,30,21,21,55,37,22,11,20,50,15,27,15,14,27,29,22,21,55,38,25,15,22,47,15,26,18,14,27
202109050045,28,20,17,47,28,19,10,20,48,15,23,16,15,25,27,21,17,48,30,22,14,22,45,15,23,19,15,24
202109050100,27,22,18,45,28,14,12,17,45,12,19,15,18,20,26,23,18,46,30,17,15,19,42,12,19,17,17,20
202109050115,23,18,15,45,24,15,7,14,41,12,20,15,19,20,21,19,15,45,26,18,11,16,38,12,20,17,18,20
202109050130,20,14,13,42,22,15,7,13,39,10,17,14,16,19,18,15,13,43,23,17,10,15,36,10,17,16,16,19
202109050145,17,14,11,37,24,14,7,13,34,13,14,11,16,17,16,15,11,37,25,16,10,15,32,13,14,13,15,17
202109050200,18,14,10,32,17,14,6,12,34,11,14,10,15,16,16,15,10,33,19,16,9,14,32,10,14,12,14,15
202109050215,16,14,11,32,16,12,6,12,38,10,13,9,11,18,14,15,11,33,18,15,10,14,35,10,13,11,11,17
202109050230,14,12,10,32,16,11,6,12,37,7,11,8,12,18,12,13,10,33,18,14,9,14,34,7,11,10,11,18
202109050245,16,10,9,31,15,9,6,12,35,6,10,9,11,18,14,11,9,32,17,12,9,14,33,6,10,11,11,18
202109050300,15,13,8,35,18,9,6,11,33,8,10,9,9,19,14,14,8,36,19,11,9,13,31,8,10,11,9,18
202109050315,17,12,7,32,13,8,2,9,31,8,7,7,7,15,15,13,7,33,15,10,5,11,29,8,7,9,7,14
202109050330,15,12,7,32,13,8,1,8,27,8,9,7,9,14,13,13,7,33,15,10,4,10,25,8,9,9,9,13
202109050345,14,11,6,34,13,6,1,9,25,9,10,5,8,13,12,12,6,35,15,8,4,11,23,9,10,7,8,13
202109050400,14,12,5,36,14,7,2,8,25,8,11,5,9,12,12,13,5,36,16,9,4,10,23,8,11,7,8,11
202109050415,18,11,0,36,13,7,2,9,25,7,9,5,10,12,16,12,1,37,15,9,4,11,23,7,9,7,9,11
202109050430,16,11,0,29,13,7,2,10,26,8,6,4,9,13,14,12,1,30,15,9,5,12,24,8,7,6,8,12
202109050445,15,10,0,26,13,7,1,8,27,9,6,5,9,14,13,11,1,27,15,9,4,10,25,8,7,7,8,13
202109050500,11,11,6,24,12,6,7,9,22,7,8,6,9,13,10,11,6,25,14,8,9,11,21,7,8,8,9,12
202109050515,10,10,5,25,12,7,7,9,20,8,9,6,8,13,8,10,5,26,14,8,8,11,19,8,9,8,8,12
202109050530,9,9,7,29,11,7,6,7,22,8,8,7,8,12,7,10,7,30,12,9,8,9,21,8,8,9,8,12
202109050545,19,14,9,35,17,11,8,12,33,14,13,9,13,13,17,15,9,36,19,13,11,14,31,14,13,11,12,13
202109050600,18,17,10,40,22,14,9,12,40,15,18,11,15,13,16,17,10,41,23,16,12,14,37,15,18,13,14,13
202109050615,19,15,12,44,23,13,9,14,42,15,19,11,17,14,17,16,12,45,24,16,12,16,39,15,19,13,16,14
202109050630,26,17,13,48,27,14,8,19,37,15,18,11,20,14,24,18,13,49,29,16,11,21,35,15,19,13,19,14
202109050645,28,20,15,53,25,13,8,19,42,15,19,16,23,17,26,21,15,53,27,16,12,21,39,14,20,18,22,17
202109050700,32,23,19,63,28,18,10,27,51,19,25,19,25,19,30,24,18,63,30,21,14,28,47,18,25,21,24,19
202109050715,31,27,18,58,28,20,10,29,51,20,30,22,26,19,30,28,18,59,30,23,14,30,47,19,30,23,25,19
202109050730,33,27,17,65,32,21,11,26,58,23,32,22,27,19,31,28,17,65,34,24,16,27,54,22,32,23,26,19
202109050745,32,27,18,64,37,22,10,34,56,27,33,24,32,21,31,28,18,64,38,25,15,35,52,26,33,25,31,21
202109050800,36,32,22,68,36,26,11,39,65,27,39,26,35,21,35,32,21,68,38,29,17,40,60,26,39,27,34,21
202109050815,38,34,23,66,48,27,11,32,60,30,39,26,37,23,37,34,22,66,49,30,16,34,56,29,40,28,35,23
202109050830,42,31,23,71,49,29,12,36,60,30,37,33,40,24,41,32,22,71,50,31,17,37,56,29,38,34,39,24
202109050845,47,29,25,70,52,29,13,39,59,33,34,39,36,24,46,31,24,71,53,31,18,40,55,31,35,40,36,25
202109050900,46,30,26,74,51,36,13,47,64,31,40,35,42,24,45,32,25,75,52,38,18,48,60,30,41,36,41,25
202109050915,46,37,27,73,52,33,15,52,61,32,41,37,44,28,45,38,26,74,53,35,20,53,57,31,42,38,43,28
202109050930,43,44,26,73,59,32,17,59,66,33,42,40,43,29,43,44,25,74,59,35,22,60,62,32,43,41,42,29
202109050945,53,43,25,69,61,36,18,53,66,32,40,40,45,27,52,44,24,70,62,38,23,54,62,31,41,41,44,27
202109051000,55,39,28,72,68,33,18,50,71,32,49,46,45,28,54,40,27,73,69,36,24,51,66,31,49,47,44,29
202109051015,59,45,28,70,65,30,16,52,69,30,42,44,40,30,58,46,27,72,66,33,22,53,64,29,43,45,40,30
202109051030,67,38,28,74,67,33,20,55,65,27,40,40,44,28,65,41,27,76,68,35,25,56,61,26,41,41,43,29
202109051045,64,39,29,76,76,34,16,49,69,28,38,43,48,25,63,41,28,77,77,37,22,50,64,27,40,44,47,26
202109051100,63,44,30,75,72,32,14,52,68,27,37,44,47,25,62,46,29,76,73,35,20,53,63,26,39,44,46,26
202109051115,68,42,30,81,69,33,17,50,74,29,40,41,47,28,67,44,29,82,70,36,23,51,69,28,41,42,46,29
202109051130,70,46,34,80,73,35,14,58,74,29,37,42,43,28,69,48,33,82,74,38,20,59,69,28,38,43,42,29
202109051145,75,52,33,81,67,42,12,55,71,33,35,44,42,27,73,54,32,83,69,44,18,56,66,32,37,45,41,28
202109051200,84,62,31,82,75,36,11,53,72,33,34,43,45,25,82,64,30,85,77,39,18,54,67,31,36,44,44,26
202109051215,84,60,30,86,78,37,13,55,74,36,36,38,48,25,82,62,29,89,80,40,20,56,69,34,38,39,46,26
202109051230,88,59,28,93,77,43,13,53,67,31,38,36,47,28,86,61,27,95,79,44,19,54,62,30,40,37,45,29
202109051245,84,53,31,94,76,41,15,45,67,33,41,36,40,28,82,56,30,96,78,42,21,46,62,32,42,37,39,29
202109051300,73,48,29,91,77,37,16,46,70,29,38,40,39,30,72,50,28,92,78,39,22,47,65,28,39,41,38,31
202109051315,66,50,28,89,73,43,21,52,72,28,34,34,40,30,65,51,28,90,74,45,26,53,67,28,35,36,39,30
202109051330,78,50,28,93,72,35,22,48,69,30,36,30,47,32,76,52,28,95,74,37,27,49,65,30,38,32,45,32
202109051345,81,51,30,88,80,36,17,50,68,28,35,32,43,26,80,54,29,90,82,38,22,51,63,27,37,33,41,27
202109051400,83,45,26,89,78,42,20,52,72,33,42,34,44,29,81,48,26,91,80,44,25,53,67,32,43,36,42,29
202109051415,85,41,31,87,72,39,15,51,72,31,39,33,37,28,83,45,30,90,74,41,21,52,67,30,39,35,36,29
202109051430,85,42,28,88,79,36,16,51,62,30,37,36,37,28,84,46,27,91,81,38,21,52,58,29,38,37,36,29
202109051445,81,39,30,82,82,42,16,49,65,31,39,35,38,26,80,43,29,85,83,43,21,50,61,30,40,36,37,27
202109051500,88,43,29,81,77,40,16,53,63,30,43,39,35,27,86,47,28,84,79,41,21,54,59,29,43,40,35,28
202109051515,90,43,28,86,80,41,17,47,63,34,37,38,34,27,88,47,27,89,82,42,22,48,59,33,37,39,34,28
202109051530,86,40,28,87,84,41,14,51,62,34,42,38,35,31,85,44,28,90,86,42,19,52,58,33,42,40,35,31
202109051545,85,45,29,81,84,38,14,51,64,32,44,34,37,33,83,49,29,84,85,40,19,52,60,31,44,36,36,33
202109051600,84,46,32,73,85,37,16,49,68,31,45,38,43,26,83,49,31,76,86,39,22,50,63,30,46,39,42,27
202109051615,87,43,32,69,90,36,14,50,67,30,46,42,45,28,86,47,31,73,91,38,20,51,62,29,47,43,44,29
202109051630,85,41,32,74,95,37,14,49,64,28,42,46,38,28,84,45,31,77,96,39,19,50,60,27,42,47,38,29
202109051645,81,44,32,73,91,39,18,52,68,27,39,43,43,29,80,47,31,76,92,41,23,53,64,26,40,44,42,30
202109051700,77,44,32,80,88,43,18,53,70,31,40,42,40,33,76,47,31,82,89,45,23,54,65,30,41,44,39,34
202109051715,87,40,25,83,101,41,20,60,64,32,37,40,44,32,86,44,25,86,101,42,24,61,60,31,39,42,43,32
202109051730,83,43,25,91,96,41,22,53,71,32,39,37,45,34,82,47,25,93,96,43,27,54,67,31,40,39,44,34
202109051745,84,40,33,84,94,41,17,61,77,32,39,40,41,39,83,44,33,87,95,43,23,62,72,31,40,42,40,39
202109051800,88,43,30,81,99,45,17,62,82,33,44,37,38,34,87,47,30,84,100,47,24,63,76,32,44,39,37,35
202109051815,96,44,33,85,101,45,16,61,74,32,45,41,41,31,95,49,32,89,102,47,22,62,69,31,45,42,40,32
202109051830,96,52,33,78,92,48,15,55,79,34,48,40,44,29,95,56,32,82,94,50,22,56,73,33,48,41,43,30
202109051845,92,52,35,82,95,53,18,51,89,34,54,43,37,32,91,55,34,85,96,55,26,52,83,33,53,44,37,33
202109051900,99,59,30,86,104,56,15,53,90,33,49,41,41,36,98,62,30,90,105,58,23,54,83,32,49,43,40,36
202109051915,96,57,36,84,102,53,15,59,89,25,49,34,41,40,95,60,36,87,103,55,23,60,82,24,49,37,40,41
202109051930,96,56,35,81,100,53,18,49,91,26,52,37,38,41,95,59,35,85,101,55,26,51,84,25,51,40,37,42
202109051945,92,54,37,86,90,48,17,45,90,30,53,37,37,40,91,57,36,89,91,51,25,47,83,29,52,40,36,41
202109052000,98,54,35,89,93,50,21,50,93,29,60,39,45,37,96,58,34,92,95,53,29,51,86,28,59,41,44,38
202109052015,95,53,37,90,85,47,21,49,90,31,53,34,43,34,93,57,36,93,87,50,28,50,84,30,53,36,41,35
202109052030,92,56,40,92,92,50,19,47,83,26,51,36,42,31,91,59,39,95,93,52,26,48,77,25,51,38,41,33
202109052045,88,50,33,86,86,51,17,43,83,25,53,34,39,37,86,53,33,89,88,53,24,45,77,24,52,36,38,37
202109052100,81,50,40,89,82,54,19,47,86,27,55,36,42,37,80,53,39,91,83,56,26,49,80,26,54,39,41,38
202109052115,73,43,41,84,80,46,20,45,83,28,48,28,43,39,72,46,40,86,81,48,27,47,77,27,48,31,41,40
202109052130,64,47,39,87,78,50,20,43,84,23,49,29,41,43,64,49,38,88,78,52,27,45,78,23,49,33,39,44
202109052145,63,45,45,96,79,49,25,38,85,23,48,28,43,47,63,47,44,97,79,51,31,41,80,23,48,32,41,48
202109052200,64,42,42,105,78,52,22,40,87,23,43,30,44,43,64,44,41,105,79,54,29,42,81,23,44,34,42,44
202109052215,60,41,39,96,74,49,22,39,88,23,45,30,46,39,59,43,38,96,75,52,29,41,82,23,46,33,44,40
202109052230,66,40,39,92,69,47,20,38,86,25,42,27,49,42,65,43,38,93,70,50,27,40,80,24,44,31,46,43
202109052245,54,42,41,92,73,51,18,39,85,26,41,33,51,45,54,43,40,92,73,53,25,42,79,25,43,37,48,46
202109052300,59,38,34,84,66,47,16,34,82,24,41,36,44,40,58,40,34,85,67,49,23,36,76,23,42,39,42,40
202109052315,53,35,35,86,66,47,18,30,77,23,39,32,40,38,52,37,35,86,67,49,24,32,72,23,40,35,39,39
202109052330,38,29,31,71,50,32,11,24,64,21,30,26,34,35,37,30,31,71,51,34,17,27,59,20,31,29,33,35
202109052345,38,25,24,58,43,29,8,23,59,16,27,23,30,36,37,27,24,59,44,31,14,26,55,15,28,26,29,36
202109060000,31,24,27,55,39,24,7,22,54,20,26,20,28,33,30,25,27,56,40,27,12,24,50,19,27,23,27,33
202109060015,28,25,23,53,36,23,6,19,50,19,25,18,24,28,27,26,23,54,37,25,11,21,46,18,25,21,23,28
202109060030,28,24,17,46,35,21,6,15,43,19,24,15,24,25,27,25,17,47,36,23,10,17,40,18,24,17,23,25
202109060045,24,20,18,39,32,18,5,15,38,18,19,11,26,22,23,21,18,40,33,20,9,17,35,17,20,13,24,22
202109060100,21,20,16,40,28,15,6,15,35,16,17,10,23,19,20,21,16,41,29,17,9,17,33,15,18,12,21,19
202109060115,22,21,17,39,26,13,4,14,31,17,17,9,21,19,21,22,17,40,27,15,7,16,29,16,18,11,20,19
202109060130,18,20,14,36,28,13,4,14,29,16,16,9,21,17,17,20,14,37,29,14,7,16,27,15,17,11,20,17
202109060145,18,15,16,34,28,13,4,14,28,16,17,8,21,13,17,16,15,35,29,14,7,16,26,15,18,10,19,13
202109060200,18,14,17,33,24,13,6,12,30,15,16,6,24,13,17,15,16,34,25,15,8,14,28,14,17,8,22,14
202109060215,16,13,17,34,23,13,6,12,30,12,14,5,22,14,15,14,16,35,24,15,9,14,28,11,15,7,20,15
202109060230,18,12,14,36,24,10,2,11,29,12,16,5,18,14,17,13,13,37,25,12,5,13,27,11,17,7,17,14
202109060245,16,11,13,32,26,9,4,10,30,12,19,6,17,15,15,12,13,33,27,11,7,12,28,11,19,8,16,15
202109060300,16,11,17,34,27,8,2,10,30,12,19,8,18,17,15,12,16,35,28,10,5,12,28,11,19,10,17,17
202109060315,14,8,10,27,22,10,1,9,27,10,17,4,16,15,13,9,10,28,23,12,4,11,25,9,17,6,15,15
202109060330,18,9,9,24,18,11,1,9,27,11,17,5,15,13,16,10,9,25,20,12,4,11,25,10,17,7,14,13
202109060345,17,8,10,23,18,9,1,8,26,12,16,5,14,12,15,9,10,24,20,11,4,10,24,11,16,7,13,12
202109060400,17,9,10,26,17,10,0,9,24,13,15,5,15,12,15,10,10,27,19,11,3,11,22,12,15,7,14,12
202109060415,15,8,0,26,16,10,0,9,24,9,13,6,14,11,14,9,0,27,17,11,3,11,22,8,13,8,13,10
202109060430,14,9,0,25,17,9,0,9,23,8,14,5,15,10,13,10,0,26,18,10,3,11,21,7,14,6,14,9
202109060445,14,8,0,26,15,8,0,9,24,9,13,7,14,11,12,9,0,27,17,10,3,11,22,8,13,8,13,10
202109060500,15,9,7,22,16,7,3,11,21,12,13,8,14,11,13,10,7,23,17,8,5,13,20,11,13,9,13,11
202109060515,15,7,10,23,14,8,4,10,21,10,13,7,13,9,13,8,10,24,16,9,6,12,20,10,13,8,12,9
202109060530,14,9,10,23,13,8,6,11,23,10,12,8,13,12,12,10,10,24,15,10,8,13,22,10,12,10,12,12
202109060545,23,17,15,32,17,13,8,14,40,16,19,11,17,14,21,18,14,33,19,16,11,16,37,15,19,13,16,14
202109060600,25,18,17,35,19,16,8,16,45,16,24,14,19,18,23,19,16,36,21,19,12,18,42,15,24,16,18,18
202109060615,28,16,15,41,20,20,10,23,44,18,24,15,18,18,26,17,15,42,22,22,14,25,41,17,24,17,17,18
202109060630,31,17,19,44,25,20,11,28,48,20,27,20,20,17,29,19,18,45,27,22,15,29,45,19,27,21,20,17
202109060645,32,21,19,43,29,21,13,35,48,23,26,26,20,19,30,22,18,44,31,23,17,36,45,22,26,27,20,19
202109060700,33,24,23,40,32,32,13,36,55,34,28,30,23,23,32,25,22,41,34,34,17,37,51,32,28,31,23,23
202109060715,34,26,26,45,36,36,11,43,59,31,27,28,25,20,33,27,25,46,37,37,16,44,55,30,27,29,25,21
202109060730,39,26,27,49,43,36,12,52,62,33,34,36,23,24,38,27,26,51,44,38,17,53,58,31,33,37,24,25
202109060745,39,28,27,51,43,36,14,75,59,35,34,41,26,26,38,29,26,52,44,37,19,75,55,34,34,42,27,27
202109060800,44,28,27,49,49,39,13,75,65,46,30,38,30,28,43,30,26,51,50,41,19,75,60,44,30,39,30,29
202109060815,46,27,25,49,61,36,11,60,57,45,26,34,28,21,45,29,24,51,61,37,16,60,53,43,27,35,28,22
202109060830,40,25,25,50,60,35,9,36,58,30,26,32,29,18,40,27,24,51,60,37,14,37,54,29,27,33,29,19
202109060845,39,26,19,55,50,31,8,32,53,31,28,30,23,16,38,28,18,56,51,32,13,33,49,29,28,31,23,16
202109060900,38,27,17,56,37,22,11,26,44,30,25,27,26,17,36,28,16,57,39,24,14,27,41,29,26,28,26,17
202109060915,37,26,15,57,39,18,11,30,49,31,22,27,28,19,36,27,15,58,40,21,15,31,46,30,23,28,27,19
202109060930,35,33,18,57,36,18,12,32,53,30,22,25,30,18,34,33,17,58,38,21,16,33,49,29,23,26,29,18
202109060945,40,32,19,54,36,20,12,37,49,34,23,27,29,19,38,33,18,55,38,23,16,38,46,33,24,28,28,19
202109061000,39,31,19,59,41,18,16,36,46,33,23,27,29,17,38,32,18,60,42,21,19,37,44,32,24,28,28,17
202109061015,36,31,18,53,45,16,12,31,49,33,24,25,31,19,35,32,17,54,46,19,16,32,46,31,25,26,30,19
202109061030,32,27,19,61,48,19,12,30,47,30,22,24,34,20,31,28,18,61,48,22,16,31,44,29,24,25,33,20
202109061045,37,25,18,59,44,19,12,28,41,26,23,27,33,17,36,26,17,60,45,21,15,29,39,25,25,28,32,17
202109061100,37,25,16,55,46,19,11,31,44,29,25,22,28,18,36,26,15,56,47,21,14,32,41,28,26,23,27,18
202109061115,40,28,17,57,42,18,9,26,43,25,21,22,28,17,39,29,16,58,43,20,13,27,40,24,22,23,27,17
202109061130,44,36,21,62,42,24,10,28,45,30,24,27,26,16,42,37,20,63,44,26,14,29,42,28,25,28,26,17
202109061145,44,36,23,64,49,27,10,37,43,31,30,25,27,14,43,37,22,65,50,28,13,38,40,30,30,26,26,15
202109061200,45,36,25,64,48,27,8,32,54,34,26,25,37,20,44,37,24,65,49,29,13,33,50,32,28,26,35,21
202109061215,53,37,21,65,52,28,9,31,49,32,25,26,33,21,52,39,20,67,54,29,13,32,46,31,26,27,32,21
202109061230,57,41,19,69,52,30,13,33,53,33,26,26,34,23,55,42,19,71,54,31,17,34,50,32,27,28,33,23
202109061245,55,37,17,66,46,30,12,33,49,31,26,26,37,17,53,39,16,68,48,31,16,34,46,30,28,27,35,17
202109061300,63,36,18,64,47,29,10,33,50,32,25,27,33,13,61,38,17,66,50,30,14,34,47,30,26,27,32,14
202109061315,48,35,19,69,45,26,10,34,52,38,23,25,29,16,46,36,18,70,47,28,15,35,48,36,24,26,28,17
202109061330,53,30,14,63,47,23,9,35,51,39,25,23,30,17,51,32,14,65,49,25,14,36,47,37,26,24,29,17
202109061345,56,27,15,60,46,22,11,31,49,40,27,28,27,17,54,30,15,62,48,24,15,32,46,38,28,29,27,17
202109061400,56,26,15,62,48,22,10,35,46,35,25,28,29,17,54,29,15,64,50,24,14,36,43,33,26,29,28,17
202109061415,53,29,16,65,52,21,9,29,43,33,23,29,32,16,52,31,15,67,54,23,13,30,40,31,25,29,31,16
202109061430,48,26,17,65,48,24,11,31,47,33,24,27,30,16,47,28,16,66,50,26,15,32,44,31,25,28,29,16
202109061445,43,29,14,66,52,27,11,32,43,32,25,25,31,16,42,30,14,67,53,28,14,33,40,31,26,26,30,16
202109061500,50,31,16,64,60,24,11,34,43,31,22,26,31,18,49,33,16,65,61,25,14,35,41,30,24,27,30,18
202109061515,45,26,14,67,53,26,11,33,41,34,26,23,26,18,44,28,14,68,54,27,14,34,39,32,27,24,25,18
202109061530,48,33,15,70,56,25,12,33,44,35,29,24,28,18,47,35,15,71,57,26,15,34,41,33,29,25,27,18
202109061545,44,31,16,66,54,21,11,34,44,35,27,24,27,18,43,32,16,67,55,23,15,35,41,33,27,25,26,18
202109061600,47,33,19,67,60,24,11,35,43,31,26,21,27,20,46,34,18,68,61,26,15,36,40,30,27,22,26,20
202109061615,45,32,18,64,48,26,12,34,51,30,27,32,27,22,44,33,18,65,49,28,16,35,48,29,28,33,27,22
202109061630,50,31,20,69,54,28,12,42,55,31,28,32,27,24,48,33,20,70,55,30,17,43,51,30,28,33,27,24
202109061645,53,32,20,72,60,29,16,61,58,34,27,35,27,30,52,34,20,73,61,31,20,62,54,33,28,37,27,30
202109061700,54,32,19,76,65,28,16,57,61,33,21,37,30,26,53,34,19,77,66,31,21,58,57,32,23,38,30,26
202109061715,60,33,20,80,62,27,15,55,59,31,27,39,31,23,59,35,20,81,63,30,20,56,55,30,28,40,31,23
202109061730,70,39,24,76,64,30,16,58,64,33,31,35,33,25,68,42,23,78,66,33,21,59,60,32,32,36,33,25
202109061745,71,43,30,79,79,31,14,60,69,31,34,36,33,27,70,46,29,81,80,34,20,61,64,30,35,37,33,28
202109061800,86,45,28,77,85,42,14,63,71,38,42,32,33,25,84,49,27,80,87,44,20,63,66,36,42,33,32,26
202109061815,90,52,30,82,97,41,19,58,77,34,35,34,32,26,89,55,29,85,98,43,25,59,72,33,35,35,32,27
202109061830,98,54,32,87,98,48,21,58,75,26,50,36,36,28,97,58,31,91,99,49,27,59,70,25,49,37,35,29
202109061845,101,56,31,87,103,53,20,61,75,28,52,34,39,30,100,60,30,91,104,54,26,62,70,27,51,36,38,31
202109061900,99,51,34,81,103,51,19,57,84,32,52,38,39,35,98,55,33,85,104,53,26,58,78,31,51,40,38,36
202109061915,99,50,34,79,97,47,22,51,82,33,54,36,39,35,98,54,33,83,99,49,28,52,76,32,53,38,38,36
202109061930,94,56,39,84,97,48,25,52,90,33,54,40,42,35,93,59,38,87,98,51,32,53,84,32,54,42,41,36
202109061945,93,52,37,91,93,49,23,55,91,29,57,41,42,37,92,56,36,94,94,52,30,56,85,29,56,43,41,38
202109062000,90,49,43,97,80,51,22,56,87,27,59,35,41,37,88,53,42,100,82,53,29,57,81,27,58,37,40,39
202109062015,85,49,35,96,83,52,21,50,83,28,55,36,38,38,83,52,34,98,85,54,28,52,77,27,54,39,37,39
202109062030,78,48,40,100,84,55,24,60,87,28,56,38,37,40,77,50,39,101,85,56,31,61,81,28,55,41,36,41
202109062045,81,45,37,94,82,57,22,51,93,26,57,40,39,40,80,48,37,96,83,59,30,53,87,26,56,42,39,41
202109062100,83,46,37,99,75,53,22,44,94,26,53,39,43,43,81,49,37,101,77,56,30,46,87,26,53,42,42,43
202109062115,85,52,34,96,74,51,19,40,89,29,58,35,39,47,83,55,34,98,76,53,26,42,83,28,57,39,38,47
202109062130,82,53,34,95,73,54,23,39,86,29,57,37,38,50,80,55,35,97,75,56,30,42,80,28,56,41,37,50
202109062145,75,53,36,99,66,52,25,39,90,29,56,36,40,44,73,55,36,100,68,54,32,41,84,29,55,39,39,44
202109062200,70,49,35,110,65,49,25,42,92,27,54,37,38,42,68,51,35,110,67,52,32,44,86,27,53,40,37,42
202109062215,65,45,34,112,63,47,24,42,90,27,56,34,37,46,63,47,34,112,65,50,31,44,84,27,55,38,36,46
202109062230,63,42,35,106,64,41,20,36,87,24,54,32,41,45,61,44,35,106,65,44,27,38,81,24,53,36,39,45
202109062245,58,42,32,100,57,39,19,32,88,27,53,31,42,44,56,43,32,100,59,43,26,35,82,26,53,35,40,44
202109062300,54,42,28,98,54,36,20,34,87,24,49,35,34,42,52,43,28,98,55,40,27,36,81,24,48,38,33,41
202109062315,56,37,27,90,51,33,17,30,81,25,50,34,33,37,54,39,27,90,53,37,24,32,75,24,49,37,32,37
202109062330,45,29,22,67,41,28,15,31,63,21,40,22,26,34,43,31,22,68,43,31,20,33,59,21,39,25,25,34
202109062345,37,30,21,61,34,23,12,28,56,19,30,24,27,33,35,31,21,62,36,26,17,30,52,18,30,27,26,33
202109070000,38,26,23,59,29,19,11,22,55,18,28,25,26,29,36,27,23,60,31,22,16,24,51,17,28,27,25,29
202109070015,34,28,22,58,27,19,10,18,54,16,26,20,21,23,32,29,22,59,29,22,15,20,50,16,26,22,21,23
202109070030,34,24,21,49,23,17,9,15,43,15,23,19,16,22,32,25,21,50,25,19,13,17,40,15,23,21,16,22
202109070045,30,21,18,47,22,16,8,11,38,13,19,18,16,24,28,22,18,48,24,18,11,13,36,13,19,20,16,24
202109070100,29,21,20,42,23,13,9,10,36,10,20,16,14,20,27,22,19,43,25,15,12,12,34,10,20,18,14,20
202109070115,25,22,19,41,20,14,8,10,35,11,18,15,12,20,23,23,19,42,22,16,11,12,33,11,18,17,12,20
202109070130,23,17,17,41,21,15,5,12,36,11,19,14,11,21,21,18,17,42,23,17,8,14,34,11,19,16,11,21
202109070145,21,14,16,41,20,12,4,10,33,11,17,12,10,18,19,15,16,41,22,14,7,12,31,10,17,14,10,18
202109070200,21,16,17,34,22,12,7,9,29,10,16,10,12,18,19,17,17,35,24,14,9,11,27,10,16,12,12,18
202109070215,22,14,16,33,18,13,4,8,28,9,15,10,11,20,20,15,16,34,20,14,7,10,26,9,15,12,11,20
202109070230,21,12,17,30,16,13,6,7,29,10,16,12,10,18,19,13,16,31,18,14,9,9,27,10,16,14,10,18
202109070245,19,11,17,26,14,11,4,10,28,8,14,10,10,17,17,12,16,28,16,13,7,12,26,8,14,12,10,17
202109070300,22,11,20,30,15,10,5,9,27,10,14,9,11,17,20,12,19,31,17,12,7,11,25,9,14,11,11,18
202109070315,24,9,10,29,15,11,3,8,26,8,15,7,11,13,22,11,10,30,17,12,6,10,24,7,15,9,10,13
202109070330,20,9,8,29,15,10,3,9,26,7,12,8,11,13,18,11,8,30,17,11,5,11,24,7,12,10,11,12
202109070345,19,9,10,24,13,11,3,8,24,8,13,8,9,12,17,10,10,26,15,12,5,10,22,8,13,9,9,12
202109070400,20,10,9,24,16,10,3,10,22,9,12,6,9,14,18,11,9,26,18,11,5,12,21,8,12,8,9,14
202109070415,20,10,0,25,15,10,2,9,22,6,11,7,10,15,18,11,1,27,17,11,4,11,21,6,11,9,9,14
202109070430,20,10,0,26,14,9,2,8,23,5,11,7,9,16,18,11,1,27,16,10,4,10,22,5,11,9,9,15
202109070445,19,9,0,27,14,9,2,8,20,5,12,7,10,14,17,10,1,28,16,10,4,10,19,5,12,9,10,13
202109070500,17,11,11,23,11,8,4,8,22,7,9,10,10,15,15,12,11,24,13,10,6,10,21,7,9,12,10,15
202109070515,17,11,11,22,10,9,5,7,22,7,14,10,10,12,15,12,10,23,12,10,7,9,21,7,14,11,10,12
202109070530,18,13,11,25,11,9,7,9,21,8,13,10,10,12,16,14,11,26,13,10,8,11,20,8,13,11,10,12
202109070545,24,20,15,38,20,15,8,14,33,12,15,14,16,13,22,21,14,39,22,16,11,16,31,12,15,15,16,13
202109070600,26,23,17,43,23,20,8,16,40,17,22,18,16,14,24,24,16,44,25,22,11,18,37,16,22,19,16,15
202109070615,27,21,18,40,24,21,10,21,44,16,22,20,16,16,25,22,17,41,26,23,14,23,41,15,22,21,16,17
202109070630,30,23,20,46,25,23,11,29,47,21,28,31,17,18,28,24,19,47,27,25,15,30,44,20,27,31,18,18
202109070645,32,23,19,49,29,22,11,36,51,21,35,31,18,19,30,24,18,50,31,25,15,37,47,20,34,32,19,19
202109070700,34,28,24,55,28,25,13,37,57,34,35,36,21,19,32,29,23,56,30,28,18,38,53,32,34,36,22,20
202109070715,37,25,26,54,35,31,14,42,65,30,36,43,24,26,35,26,25,55,37,34,20,43,61,29,35,44,25,27
202109070730,41,27,25,56,41,39,12,51,71,36,34,44,23,28,39,28,25,57,43,41,18,52,66,34,33,45,24,28
202109070745,42,29,26,57,46,35,12,51,70,30,32,44,28,31,41,30,26,58,47,38,18,52,65,29,32,45,29,31
202109070800,47,33,25,58,59,39,15,45,68,37,30,42,33,29,46,34,25,60,60,41,21,46,63,35,31,43,33,29
202109070815,49,36,19,55,51,35,11,42,61,39,27,37,31,26,48,37,19,57,52,37,16,43,57,37,28,38,31,26
202109070830,50,30,18,55,53,30,8,40,55,37,31,37,25,22,49,32,18,57,54,32,13,41,51,35,31,38,26,22
202109070845,42,27,17,52,52,30,7,35,50,34,30,33,25,19,41,29,17,54,53,31,12,36,46,32,30,34,25,19
202109070900,44,25,16,50,42,24,7,35,47,34,29,33,23,20,42,27,16,52,44,26,11,36,44,32,29,34,23,20
202109070915,43,24,15,51,38,19,7,31,49,34,30,29,27,15,41,26,14,53,40,22,12,32,45,32,30,29,27,15
202109070930,41,21,20,52,43,19,7,27,45,40,29,27,29,15,40,23,19,53,44,21,11,28,42,38,30,27,28,16
202109070945,40,22,17,56,43,19,7,25,54,40,23,31,28,17,39,24,16,57,44,22,12,26,50,38,24,31,28,17
202109071000,41,24,15,50,43,20,8,32,57,41,28,34,27,18,40,26,15,51,45,23,13,33,53,39,28,34,27,18
202109071015,40,24,15,54,47,21,10,36,49,39,28,28,24,23,39,26,15,55,48,24,14,37,46,37,28,29,24,23
202109071030,45,23,12,58,42,21,10,35,44,36,22,27,28,20,44,25,12,59,44,23,14,36,41,34,23,28,27,20
202109071045,46,29,14,59,47,18,8,35,50,36,23,27,28,15,44,31,13,61,48,21,13,36,46,34,24,28,27,15
202109071100,47,29,16,51,51,20,9,32,51,38,23,27,33,17,46,31,16,53,52,23,14,33,47,36,25,28,32,17
202109071115,49,27,15,49,46,23,11,31,50,40,25,32,32,18,47,29,15,51,48,25,15,32,47,38,26,33,31,18
202109071130,61,33,13,48,47,22,12,30,49,42,27,27,30,19,59,36,13,51,49,24,16,31,46,40,28,28,29,19
202109071145,57,36,14,54,55,23,13,26,51,41,26,30,35,19,56,38,14,56,57,25,17,28,48,39,28,31,34,19
202109071200,57,32,18,71,53,27,13,31,52,39,27,31,37,18,56,34,17,72,55,29,17,32,49,37,29,32,36,18
202109071215,63,35,20,72,47,33,11,35,57,34,27,31,36,20,61,38,19,74,50,35,16,36,53,32,29,32,35,20
202109071230,64,36,21,67,48,31,10,37,55,37,30,22,33,19,62,39,20,69,50,33,15,38,51,35,31,23,31,20
202109071245,62,42,17,65,42,30,10,39,48,32,30,25,35,16,60,44,16,67,45,31,14,40,45,31,31,26,33,16
202109071300,59,37,15,60,43,24,8,35,50,34,27,29,36,17,57,39,15,62,46,26,12,36,46,32,29,30,35,17
202109071315,56,35,16,57,50,25,8,34,49,35,26,30,31,15,54,37,15,59,52,27,12,35,45,33,27,30,30,15
202109071330,49,35,16,50,49,24,10,37,45,32,21,29,30,13,47,36,15,52,51,25,14,38,42,30,22,29,29,13
202109071345,46,28,13,52,43,20,11,40,45,37,20,25,29,13,44,30,13,54,45,22,15,41,42,35,22,26,28,13
202109071400,50,25,12,58,49,22,11,41,46,36,21,25,31,14,49,28,12,60,51,24,15,42,43,34,23,26,30,14
202109071415,48,24,13,52,47,19,10,41,46,36,22,24,36,21,47,27,13,54,49,21,14,42,43,34,24,25,34,21
202109071430,47,24,16,48,50,19,8,32,47,38,18,27,35,19,46,26,16,50,51,21,12,33,44,36,20,28,34,19
202109071445,47,21,18,50,54,20,9,33,43,33,23,26,35,19,46,24,17,52,55,22,13,34,40,31,25,27,34,19
202109071500,48,20,17,54,50,22,10,30,41,33,24,28,38,17,47,23,16,56,51,24,13,31,39,31,26,29,37,17
202109071515,51,23,16,58,55,26,11,33,41,36,23,27,36,14,50,26,15,60,56,27,14,34,39,34,25,27,35,14
202109071530,51,21,11,58,55,23,12,38,44,34,26,29,35,16,50,24,11,60,56,25,15,39,41,32,28,30,34,16
202109071545,49,20,10,52,52,22,13,39,42,38,28,28,36,14,47,23,10,54,53,24,16,40,40,36,29,29,35,14
202109071600,54,23,15,59,59,19,13,38,47,41,30,30,34,16,53,26,15,61,60,21,17,39,44,39,31,31,33,16
202109071615,52,26,13,63,62,19,14,32,47,40,28,34,31,16,51,29,13,65,63,21,17,33,44,38,29,34,31,16
202109071630,50,24,15,56,64,22,16,46,49,39,28,38,32,21,49,27,15,58,65,24,19,47,46,37,29,38,32,21
202109071645,58,24,18,59,68,24,13,58,51,42,31,46,29,24,57,27,18,61,69,26,17,59,48,40,31,46,30,24
202109071700,68,26,18,59,69,27,14,58,55,44,32,51,28,20,66,30,18,62,71,29,18,58,52,42,32,50,29,20
202109071715,68,32,22,57,73,30,9,59,58,40,32,56,32,22,67,35,21,60,74,32,14,59,54,38,33,55,33,22
202109071730,62,34,22,62,74,36,11,58,67,39,36,56,34,23,61,36,21,64,75,38,17,58,62,37,36,55,35,23
202109071745,77,37,27,66,81,38,13,63,74,41,39,59,37,23,76,40,26,69,82,41,20,63,69,39,39,58,38,24
202109071800,90,43,27,65,90,42,15,68,71,40,41,52,41,23,89,47,26,69,91,44,21,68,66,38,42,52,41,24
202109071815,100,48,27,76,97,40,19,67,77,39,43,56,37,31,99,52,27,80,99,43,25,68,72,37,43,56,38,31
202109071830,101,46,33,79,93,45,20,64,83,44,47,55,45,32,99,51,32,83,95,47,27,65,77,42,48,55,45,33
202109071845,112,48,30,79,95,46,18,62,85,44,56,51,37,33,110,54,30,84,97,48,25,63,79,42,55,52,38,33
202109071900,113,59,36,80,96,50,20,64,80,42,54,49,41,31,111,64,35,85,99,52,26,65,75,40,53,50,41,32
202109071915,117,57,30,92,104,53,21,64,79,39,58,46,49,30,115,62,29,97,106,54,27,65,74,38,58,47,48,31
202109071930,113,55,34,91,99,54,24,60,75,33,61,50,46,33,111,60,33,95,101,54,29,61,71,32,60,51,46,34
202109071945,113,58,33,93,97,55,20,56,79,30,60,48,50,33,111,63,32,97,99,56,26,57,74,29,60,49,49,34
202109072000,110,61,30,89,99,56,18,57,85,30,74,49,50,33,109,65,29,93,101,57,25,58,79,29,72,50,49,33
202109072015,109,51,31,81,95,52,14,51,86,31,69,43,41,38,107,56,31,85,97,54,22,53,80,30,67,45,40,38
202109072030,109,52,37,88,93,57,14,58,86,36,67,47,41,38,107,57,36,92,96,58,22,59,80,35,65,49,41,39
202109072045,95,52,41,87,93,54,17,52,92,36,65,44,42,42,94,56,40,90,95,56,25,54,85,35,63,46,41,43
202109072100,93,45,36,82,91,57,18,47,94,35,61,43,44,40,92,49,36,85,93,59,26,49,87,34,60,45,43,41
202109072115,91,50,33,79,87,51,18,46,87,33,64,39,45,42,89,53,33,82,89,53,25,48,81,32,63,42,44,42
202109072130,88,50,35,79,76,51,18,46,84,34,64,35,38,47,86,53,35,82,78,53,25,48,78,33,62,39,37,47
202109072145,80,45,39,87,79,50,19,42,81,31,58,29,42,47,78,48,39,89,81,52,26,44,75,30,57,33,40,48
202109072200,81,48,40,87,72,50,20,42,89,31,57,32,38,43,79,51,39,89,74,53,27,44,83,30,56,35,37,44
202109072215,76,45,40,92,64,46,20,38,94,38,55,31,40,42,74,48,39,94,66,50,28,40,87,37,54,35,38,43
202109072230,70,44,39,103,62,40,20,43,92,29,54,33,44,45,68,46,39,104,64,44,28,45,85,28,54,37,42,46
202109072245,63,43,36,98,65,41,20,45,94,26,51,30,40,41,62,45,36,98,66,45,28,47,87,25,51,34,38,42
202109072300,60,39,36,93,57,36,20,45,88,21,57,28,41,42,58,41,36,93,59,40,27,47,82,21,56,32,39,43
202109072315,57,40,30,86,57,37,18,41,85,21,51,28,37,39,56,41,30,86,58,41,25,43,79,21,50,31,35,39
202109072330,39,29,22,76,46,33,11,32,72,17,42,23,32,34,38,30,22,76,47,36,18,34,66,17,42,26,31,34
202109072345,37,25,22,62,40,29,9,26,63,13,39,20,23,33,36,26,22,63,41,32,15,28,58,13,38,23,22,33
202109080000,35,23,25,52,34,26,9,23,57,14,35,21,25,33,33,25,25,53,36,29,14,25,53,14,34,24,24,33
202109080015,35,21,23,53,35,28,9,21,53,13,33,21,23,28,33,23,23,54,37,30,14,23,49,13,32,24,22,28
202109080030,35,22,22,61,36,26,9,27,49,13,39,21,30,26,33,24,22,62,38,28,13,29,46,13,39,23,29,26
202109080045,34,20,21,58,26,21,8,23,47,14,34,22,28,24,32,22,21,59,28,23,12,25,44,14,34,24,27,24
202109080100,30,18,21,50,29,25,9,20,44,12,31,19,26,24,28,19,21,51,31,26,13,22,41,12,31,21,25,24
202109080115,28,17,20,48,28,25,8,19,36,12,27,17,23,19,26,18,19,49,30,25,11,21,34,12,27,19,22,19
202109080130,25,14,18,44,26,19,6,17,37,11,26,13,22,16,23,15,17,45,28,20,9,19,34,11,26,15,21,16
202109080145,21,17,18,39,22,17,4,16,35,10,21,10,20,13,19,18,17,40,23,18,7,18,33,10,21,12,19,14
202109080200,23,15,16,35,20,15,5,15,32,12,20,12,22,15,21,16,15,36,22,17,8,17,30,12,21,14,21,15
202109080215,24,17,15,33,21,13,4,13,30,10,23,13,22,13,22,18,14,34,23,15,7,15,28,10,23,14,21,13
202109080230,23,17,14,33,17,13,3,11,28,11,24,15,20,13,21,18,13,34,19,14,6,13,26,10,24,16,19,13
202109080245,23,15,17,37,22,12,6,10,26,10,25,14,20,16,21,16,16,38,24,13,8,12,24,10,25,16,19,16
202109080300,24,16,15,36,26,13,6,11,27,11,21,18,20,17,22,17,15,37,28,14,8,13,25,11,21,19,20,17
202109080315,23,14,10,37,20,14,2,9,27,11,20,10,18,15,21,15,10,38,22,15,5,11,25,10,20,12,17,14
202109080330,19,11,10,32,16,13,3,10,27,11,18,11,16,14,17,12,10,33,18,14,6,12,25,10,18,13,15,14
202109080345,17,13,9,28,16,14,3,9,26,10,16,12,18,15,15,14,9,29,18,15,6,11,24,9,17,14,17,14
202109080400,19,12,7,29,19,15,3,9,25,11,18,10,18,16,18,13,7,30,21,16,5,11,23,10,18,12,17,15
202109080415,19,13,0,27,18,16,2,10,25,10,16,9,16,18,17,14,1,28,20,17,4,12,23,9,16,11,15,17
202109080430,17,10,0,28,17,16,2,9,24,9,17,8,15,19,15,11,1,29,19,17,4,11,22,8,17,10,14,17
202109080445,14,12,0,27,17,15,2,8,24,7,17,7,16,18,13,13,1,28,18,16,4,10,22,7,17,9,15,16
202109080500,17,12,8,28,13,12,5,9,23,10,16,7,18,17,15,13,8,29,15,13,7,11,22,10,17,9,17,16
202109080515,17,13,10,24,13,11,5,9,25,11,17,8,18,15,15,14,10,25,15,12,7,11,24,11,17,10,17,15
202109080530,17,13,10,25,14,11,8,10,24,12,15,7,17,15,15,14,10,26,16,12,10,12,23,12,16,9,16,15
202109080545,25,18,16,36,18,17,10,17,33,16,22,12,17,14,23,19,15,37,20,18,12,18,31,16,22,14,16,14
202109080600,29,22,18,39,22,22,13,21,43,17,29,11,23,17,27,23,17,40,24,24,16,22,41,17,29,13,21,17
202109080615,31,25,20,45,25,22,15,24,46,18,27,15,23,21,29,26,19,46,27,24,18,26,43,18,27,17,22,21
202109080630,32,26,21,45,29,24,16,34,44,18,29,21,24,20,31,27,20,46,31,26,19,35,42,18,29,23,23,20
202109080645,35,26,26,49,30,23,15,40,48,25,26,22,23,19,33,27,25,50,32,25,18,41,45,24,26,23,23,20
202109080700,37,33,25,51,35,30,14,41,59,34,31,25,31,24,35,33,24,52,37,32,19,42,55,33,32,27,30,25
202109080715,31,32,27,51,37,31,15,40,61,35,35,33,31,28,30,32,26,52,38,33,20,41,57,34,35,35,31,29
202109080730,32,35,30,54,40,36,11,55,63,32,41,36,33,30,31,35,29,55,41,38,17,56,59,30,41,38,33,31
202109080745,36,35,27,54,46,40,11,56,65,33,38,40,33,29,35,35,26,55,47,41,17,57,60,31,38,41,33,30
202109080800,50,37,30,57,64,39,13,58,68,39,36,35,34,27,49,38,29,59,65,41,19,59,63,37,36,36,33,28
202109080815,44,35,24,51,60,38,14,52,57,35,37,35,33,25,44,36,23,53,60,39,19,53,53,34,37,36,33,25
202109080830,43,32,19,50,51,32,12,45,56,34,37,32,35,17,42,33,18,52,52,34,17,46,52,33,37,32,34,18
202109080845,36,35,20,51,45,27,12,39,47,31,33,30,34,17,35,35,19,52,46,28,16,40,44,30,34,30,33,17
202109080900,34,30,19,49,46,24,12,44,44,35,33,33,35,15,33,30,18,50,47,25,15,45,41,33,34,33,34,15
202109080915,33,35,18,50,47,22,11,43,45,33,33,31,33,17,32,35,17,51,48,24,15,44,42,31,34,31,32,17
202109080930,38,36,17,51,48,24,14,42,52,32,34,31,41,16,37,36,16,52,49,26,18,43,49,31,35,31,39,16
202109080945,40,32,18,49,50,24,12,40,50,31,31,29,39,14,39,33,17,51,51,26,16,41,47,30,32,29,37,15
202109081000,41,33,18,55,45,24,12,38,50,33,32,31,37,12,40,34,17,56,46,26,16,39,47,31,33,31,36,13
202109081015,42,28,17,56,49,24,11,35,50,34,30,23,36,12,41,29,16,57,50,26,15,36,47,32,31,23,34,13
202109081030,38,29,16,51,53,23,12,31,51,36,27,25,37,13,37,30,15,52,54,25,16,32,48,34,29,25,35,13
202109081045,39,32,16,51,50,21,8,33,43,36,28,29,36,15,38,33,15,52,51,23,12,34,40,34,30,29,35,15
202109081100,42,35,16,48,52,25,8,33,40,31,30,25,34,15,41,36,15,50,53,26,11,34,37,29,31,26,33,15
202109081115,45,37,16,50,53,21,8,32,39,27,30,29,36,16,44,38,15,52,54,22,11,33,36,26,31,30,35,16
202109081130,49,35,13,52,52,25,9,35,47,27,31,29,38,17,47,36,13,54,53,27,13,36,44,26,33,30,36,17
202109081145,57,36,19,59,59,28,11,35,59,30,35,30,37,18,55,38,18,61,60,30,16,36,55,29,36,31,36,18
202109081200,56,39,25,66,58,32,12,37,66,30,31,26,36,18,55,41,24,68,59,35,18,38,61,29,32,27,34,19
202109081215,65,38,29,68,53,34,13,38,60,26,30,30,33,19,63,40,28,70,55,36,18,39,56,25,31,31,32,20
202109081230,58,43,23,67,55,37,11,35,53,26,26,30,28,20,56,44,22,69,57,38,16,36,49,25,27,31,28,21
202109081245,60,39,25,64,53,35,12,35,56,29,28,29,28,19,58,41,24,66,55,36,17,36,52,28,29,30,28,20
202109081300,49,35,22,62,43,33,13,37,54,29,27,29,29,18,47,37,21,64,45,34,17,38,51,28,28,30,29,19
202109081315,53,31,19,53,45,29,10,35,46,27,24,29,29,19,51,33,18,55,47,30,14,36,43,26,25,30,28,19
202109081330,50,26,16,55,45,21,10,37,46,24,22,31,33,15,48,29,15,57,47,23,14,38,43,23,24,31,32,15
202109081345,45,29,19,59,49,19,9,39,52,28,26,30,34,15,44,31,18,61,50,22,14,40,48,27,27,30,33,16
202109081400,50,25,16,61,47,18,9,40,52,35,25,35,37,14,48,28,15,63,49,21,14,41,48,33,27,35,36,14
202109081415,48,24,14,62,48,21,9,35,48,35,22,33,32,17,47,26,14,63,49,23,13,36,45,33,23,33,31,17
202109081430,47,22,15,60,52,21,11,35,49,30,21,30,30,17,46,25,15,61,53,23,15,36,46,29,22,31,29,17
202109081445,49,21,18,57,51,22,10,30,54,30,24,31,31,12,47,24,17,59,52,25,15,31,50,29,25,31,30,13
202109081500,42,23,16,56,52,20,9,31,55,32,25,32,29,11,41,25,15,57,53,23,14,32,51,30,26,32,29,11
202109081515,43,23,14,60,49,19,11,30,48,31,26,32,30,11,42,25,13,61,50,22,15,31,45,30,27,32,30,11
202109081530,52,25,12,54,50,16,10,36,46,36,27,31,31,14,51,28,12,56,52,19,14,37,43,34,28,31,30,14
202109081545,52,25,13,56,48,20,10,35,47,39,26,35,27,14,50,28,13,58,50,22,14,36,44,37,27,35,27,14
202109081600,53,26,13,58,50,18,11,34,48,38,24,37,30,13,52,29,12,60,52,21,15,35,45,36,25,37,30,13
202109081615,59,25,15,59,47,18,12,37,46,36,25,37,26,18,57,28,15,61,49,21,16,38,43,34,26,37,27,18
202109081630,55,29,14,56,53,21,10,43,49,43,29,46,23,17,53,32,14,58,55,23,14,44,46,41,29,45,25,17
202109081645,54,31,17,52,55,20,10,54,61,38,28,54,24,22,53,33,17,54,56,24,16,55,57,36,28,53,26,22
202109081700,63,33,22,54,71,26,10,53,57,35,33,50,24,21,62,36,21,57,72,29,15,54,53,33,33,50,26,22
202109081715,57,34,21,54,64,29,11,53,59,27,36,53,28,25,56,36,21,57,65,31,16,54,55,26,36,53,30,25
202109081730,61,39,25,60,65,33,12,56,64,26,39,55,32,18,60,41,24,62,66,35,18,56,59,25,39,54,34,19
202109081745,72,37,22,66,81,34,11,53,65,31,39,51,35,23,71,40,21,69,82,36,17,54,60,30,39,51,36,23
202109081800,75,40,29,80,84,41,14,54,72,36,48,52,33,26,74,43,28,82,85,43,20,55,67,34,47,52,34,27
202109081815,90,47,29,84,93,44,18,57,72,36,54,54,34,33,89,51,28,87,94,45,24,58,67,35,53,55,35,33
202109081830,100,49,33,85,96,47,22,61,83,34,53,45,40,31,98,54,32,89,98,49,29,62,78,33,52,46,40,32
202109081845,103,54,41,89,93,53,24,58,76,35,55,44,44,35,101,58,40,93,95,54,30,59,71,34,55,46,43,36
202109081900,118,58,41,90,93,57,20,57,84,33,62,46,45,39,115,63,40,95,96,58,27,58,78,32,61,48,44,40
202109081915,113,61,33,95,93,55,18,55,76,29,66,45,48,40,111,65,33,99,96,56,24,57,71,28,65,47,47,40
202109081930,110,65,32,96,91,53,20,52,79,28,65,45,52,40,107,69,32,100,94,54,26,54,74,27,65,47,50,40
202109081945,116,57,36,95,90,61,23,60,83,31,73,43,46,36,113,62,35,99,93,61,29,61,78,30,71,45,45,37
202109082000,116,57,44,100,86,56,24,59,84,31,73,42,42,37,113,62,43,104,89,57,30,60,79,30,71,44,41,39
202109082015,113,56,45,101,82,53,24,51,82,33,74,46,47,36,110,61,44,105,86,54,30,53,77,32,72,48,46,38
202109082030,104,60,44,98,84,57,25,50,81,33,77,47,39,39,101,64,43,101,87,58,31,52,76,32,74,49,39,40
202109082045,95,56,42,94,82,54,24,46,89,32,71,46,41,41,93,59,41,97,84,56,31,48,83,31,69,48,41,42
202109082100,90,52,42,97,80,57,23,45,102,33,71,42,40,43,88,55,41,99,82,60,31,47,95,32,69,45,39,44
202109082115,88,46,44,99,74,55,24,40,95,32,71,39,39,40,86,50,43,101,76,57,31,42,89,31,68,42,38,41
202109082130,86,47,48,98,72,53,21,46,94,34,69,36,39,48,84,50,47,100,74,55,29,48,87,33,67,40,38,49
202109082145,77,40,48,96,68,47,22,45,95,33,67,35,45,53,75,43,48,97,70,50,30,48,88,32,65,39,43,54
202109082200,81,46,47,102,73,50,23,45,90,31,65,38,45,50,79,49,46,103,75,53,30,47,84,30,64,42,44,51
202109082215,68,43,44,110,73,46,23,45,92,33,64,41,42,46,67,45,43,110,74,49,30,47,86,32,62,44,41,47
202109082230,65,43,44,101,74,45,23,43,98,31,64,38,39,43,64,45,43,101,75,49,31,45,91,30,62,41,38,44
202109082245,67,41,41,99,70,46,23,38,100,28,60,35,37,36,66,43,40,100,71,50,31,40,93,27,58,37,36,37
202109082300,67,45,40,93,66,43,18,35,91,26,50,34,37,41,66,47,39,94,68,47,26,37,84,25,49,37,36,42
202109082315,61,42,36,84,64,43,17,35,85,25,47,36,32,37,60,44,35,85,65,46,24,37,79,24,46,38,32,38
202109082330,50,30,27,72,47,36,12,28,67,18,42,33,26,32,49,32,27,73,49,38,18,30,62,18,41,35,26,32
202109082345,44,24,26,68,41,35,11,25,63,16,37,26,20,30,42,26,26,69,43,37,17,27,58,16,36,28,20,30
202109090000,44,23,27,64,42,33,12,22,60,16,29,21,19,32,42,25,27,65,44,35,17,24,56,16,28,24,19,32
202109090015,36,23,26,59,38,31,12,16,51,12,29,20,16,26,34,25,25,60,39,32,16,18,48,12,28,22,16,27
202109090030,39,22,23,59,33,26,10,14,51,11,25,20,15,24,37,24,22,60,35,28,14,16,47,11,24,22,15,24
202109090045,34,18,20,53,31,21,11,12,47,10,19,19,13,22,32,20,19,54,33,23,15,14,44,10,19,21,13,22
202109090100,36,17,20,46,28,22,9,12,45,10,18,17,11,22,34,19,20,47,30,24,13,14,42,10,18,19,11,22
202109090115,32,15,21,45,30,20,8,10,40,6,16,17,11,20,30,17,20,46,32,22,11,12,37,6,16,19,11,20
202109090130,31,14,18,38,28,18,8,11,44,7,14,15,12,19,29,16,18,39,30,20,12,13,41,7,14,17,12,19
202109090145,27,11,19,38,24,15,6,12,40,7,13,13,10,15,25,13,18,39,26,17,10,14,37,7,13,15,10,16
202109090200,23,11,18,35,22,13,7,11,38,9,14,11,9,14,21,13,17,36,24,15,10,13,36,9,14,13,9,15
202109090215,27,11,17,31,19,15,7,9,37,10,14,11,8,15,25,13,16,33,21,17,10,11,35,10,14,13,8,15
202109090230,22,12,18,29,18,15,7,7,37,8,12,11,9,15,20,13,17,30,20,17,10,9,35,8,12,13,9,16
202109090245,23,11,14,28,19,12,6,9,35,9,12,9,8,16,21,13,14,30,21,14,9,11,33,9,12,11,8,16
202109090300,24,8,15,27,19,12,6,9,37,9,15,7,9,16,22,10,15,29,21,14,9,11,35,9,15,9,9,16
202109090315,25,7,8,25,14,12,0,9,41,8,15,2,7,15,23,9,8,27,16,15,5,11,38,7,14,4,6,14
202109090330,22,7,9,28,12,14,0,9,35,8,17,1,8,15,20,9,9,30,14,16,4,11,32,7,16,3,7,15
202109090345,17,8,8,29,12,13,0,8,32,9,14,1,7,14,15,9,8,30,14,15,3,10,29,8,13,3,6,14
202109090400,18,9,6,29,13,13,4,8,28,8,13,10,8,16,16,10,6,30,15,15,7,10,26,8,13,12,8,15
202109090415,20,9,0,25,13,12,4,7,27,6,13,8,7,15,18,11,1,27,15,14,7,9,25,6,13,10,7,14
202109090430,22,9,0,25,13,10,4,8,26,5,14,8,9,16,20,11,1,27,15,12,6,10,24,5,14,10,9,15
202109090445,21,8,0,27,12,11,5,9,27,6,14,8,8,13,19,10,1,29,14,13,7,11,25,6,14,10,8,12
202109090500,18,8,8,25,9,12,5,11,24,7,13,9,8,12,16,9,8,26,11,13,7,13,23,7,13,10,8,12
202109090515,18,9,10,25,10,10,6,9,29,8,14,10,5,12,16,10,10,26,12,12,8,11,27,8,13,12,6,12
202109090530,18,10,11,25,10,10,8,10,32,8,13,9,8,12,16,11,10,26,12,12,11,12,30,8,13,11,8,12
202109090545,23,16,18,38,16,13,10,17,38,13,20,14,11,13,21,17,17,39,18,15,13,19,36,13,19,15,11,14
202109090600,28,18,18,43,22,19,13,22,46,15,22,17,13,16,26,19,17,44,24,21,16,23,43,15,21,18,13,17
202109090615,28,21,19,41,24,20,14,23,42,20,21,21,18,17,26,22,18,42,26,22,17,24,40,19,21,22,18,17
202109090630,33,24,17,44,27,21,13,30,47,24,27,24,22,22,31,25,17,45,29,23,17,32,44,23,27,26,22,22
202109090645,29,24,18,48,26,23,12,37,53,27,30,25,18,23,27,25,18,49,28,25,16,38,50,26,29,27,18,23
202109090700,28,23,23,49,30,27,15,34,58,36,34,29,19,27,27,24,23,50,31,29,20,36,54,34,33,31,20,27
202109090715,29,26,24,54,34,34,13,42,63,33,33,36,26,26,28,27,24,54,35,36,18,43,59,32,33,37,26,26
202109090730,31,25,27,53,40,40,12,50,66,36,31,40,24,28,30,26,26,54,41,42,18,51,61,34,31,41,25,28
202109090745,32,26,29,53,49,43,13,50,64,35,34,48,25,31,32,27,28,53,49,44,19,51,60,33,34,49,27,31
202109090800,41,28,29,52,54,37,12,44,64,33,34,48,30,28,40,29,28,54,55,39,18,45,59,31,34,48,31,29
202109090815,40,25,26,49,52,33,12,38,56,34,30,35,34,25,39,26,25,51,53,34,17,39,52,32,31,36,33,26
202109090830,40,33,24,52,50,25,12,41,56,33,29,33,26,23,39,34,23,53,51,27,17,42,52,32,29,34,26,24
202109090845,38,29,19,52,49,23,10,38,44,36,28,30,34,21,37,30,19,53,50,25,14,39,41,34,29,31,33,21
202109090900,31,32,20,50,49,19,9,35,45,31,27,28,34,24,30,32,20,51,49,21,13,36,42,30,28,29,33,24
202109090915,35,30,21,47,47,19,8,32,44,31,25,31,32,20,34,30,20,48,48,21,12,33,41,29,26,32,31,20
202109090930,33,29,21,50,47,19,10,37,45,31,26,30,37,17,32,29,20,51,48,21,14,38,42,29,28,31,36,18
202109090945,32,30,19,52,48,19,9,36,48,38,30,28,37,17,31,30,18,53,48,22,13,37,45,36,31,29,35,17
202109091000,34,32,21,55,47,21,9,33,55,33,31,32,31,17,33,32,20,56,48,24,14,34,51,31,31,32,30,18
202109091015,34,32,18,61,52,22,8,32,45,31,31,32,29,19,33,32,18,62,52,24,12,33,42,29,31,33,29,19
202109091030,41,30,18,58,53,23,7,32,42,33,28,28,29,20,40,31,18,59,54,24,11,33,39,31,29,29,28,20
202109091045,42,30,19,54,52,22,9,32,45,34,22,30,32,19,41,31,18,55,53,24,13,33,42,32,24,31,31,19
202109091100,40,36,20,61,53,25,12,36,45,35,21,31,30,20,39,36,19,62,54,26,15,37,42,33,22,32,30,20
202109091115,41,34,17,53,44,22,11,37,53,32,24,28,25,19,40,35,17,54,45,25,15,38,49,30,24,29,25,19
202109091130,40,44,19,58,51,28,13,36,55,36,24,30,30,21,39,44,19,59,52,30,17,37,51,34,25,31,30,21
202109091145,44,46,21,62,48,24,12,33,54,34,26,31,33,20,43,46,20,63,49,27,16,34,50,32,27,32,32,20
202109091200,55,51,22,66,57,32,12,39,62,38,27,29,32,18,54,51,21,68,58,34,17,40,58,36,28,30,31,19
202109091215,60,53,23,66,48,38,13,42,63,37,29,28,36,20,58,53,22,68,50,40,18,43,59,35,30,29,35,21
202109091230,57,57,28,59,55,31,15,41,53,32,30,28,33,23,55,57,27,61,57,32,19,42,50,31,31,29,32,24
202109091245,55,51,27,64,56,32,16,38,51,31,33,23,35,21,54,51,26,66,57,33,20,39,48,30,34,25,33,22
202109091300,48,41,27,56,47,31,11,35,49,36,33,29,40,20,46,42,26,58,49,32,15,36,46,34,34,30,38,21
202109091315,48,39,24,57,47,29,12,32,50,31,28,28,37,17,46,40,23,59,49,31,16,33,47,30,29,29,35,18
202109091330,50,37,17,61,50,24,8,36,50,36,29,29,38,16,49,38,16,63,51,26,13,37,46,34,31,29,36,16
202109091345,50,36,17,55,51,23,9,29,48,36,28,29,37,15,48,37,16,57,52,25,13,30,45,34,30,29,36,15
202109091400,52,35,18,59,60,22,10,32,44,37,27,29,34,16,51,37,17,61,61,24,14,33,41,35,28,30,33,16
202109091415,52,36,19,61,62,21,9,31,50,33,24,34,34,19,51,37,18,63,63,23,14,32,47,31,26,35,33,19
202109091430,48,32,19,58,59,25,11,33,49,34,25,36,32,19,47,34,18,60,60,27,15,34,46,32,26,36,32,19
202109091445,44,28,19,56,52,25,13,33,47,34,24,32,31,17,43,30,18,57,53,27,17,34,44,32,25,32,31,18
202109091500,40,32,17,56,55,23,11,33,45,33,25,30,37,14,39,33,16,57,56,25,15,34,42,31,27,30,36,15
202109091515,54,29,17,52,53,26,11,35,49,33,26,25,32,15,52,31,16,54,55,28,15,36,46,31,27,26,31,16
202109091530,51,27,14,51,61,23,11,36,55,41,22,25,29,17,50,29,14,53,62,26,16,37,51,39,23,26,28,17
202109091545,53,27,15,51,63,23,13,35,53,39,28,29,31,18,52,30,15,53,64,25,17,36,50,37,29,30,30,18
202109091600,56,31,18,64,60,24,14,38,53,39,29,33,24,20,55,34,18,66,61,26,18,39,50,37,29,34,24,20
202109091615,56,33,20,57,55,24,11,36,52,33,31,34,29,21,55,35,20,59,57,26,15,37,49,31,31,35,29,21
202109091630,54,35,18,58,64,27,12,51,56,36,34,38,28,21,53,37,18,60,65,29,17,52,52,34,34,38,28,21
202109091645,54,36,20,58,64,27,13,59,60,39,29,45,24,21,53,38,19,60,65,30,18,59,56,37,29,45,25,21
202109091700,62,39,20,63,69,28,12,59,57,40,31,42,26,22,61,41,20,65,70,30,17,59,53,38,31,42,27,22
202109091715,63,42,21,62,68,29,17,64,60,37,34,45,27,22,62,44,20,65,69,31,22,64,56,36,34,45,28,22
202109091730,68,36,25,67,65,30,18,60,65,37,41,55,28,21,66,39,24,69,67,33,23,60,61,35,40,54,30,22
202109091745,77,39,28,68,81,35,18,67,74,35,41,57,29,26,76,43,27,71,82,38,24,67,69,34,40,57,31,27
202109091800,85,44,30,66,90,37,16,71,78,38,37,48,36,27,84,48,29,70,91,40,23,71,72,37,38,48,36,28
202109091815,88,53,34,81,90,44,18,65,78,34,45,47,37,29,87,56,33,84,91,46,24,66,73,33,45,48,37,30
202109091830,99,54,38,81,91,49,15,70,80,34,51,51,38,28,97,58,36,85,93,51,22,70,74,32,50,51,38,30
202109091845,104,59,35,80,90,51,21,55,85,35,53,51,35,35,102,63,34,84,92,53,28,56,79,34,52,52,36,36
202109091900,114,58,33,86,90,48,20,58,86,38,65,42,36,34,111,63,32,91,93,50,27,59,80,37,63,44,36,35
202109091915,108,52,34,86,92,49,22,60,86,31,67,50,40,32,106,57,33,90,95,51,29,61,80,30,65,51,40,33
202109091930,109,55,40,90,87,50,19,61,82,34,68,45,43,34,107,60,39,94,90,52,26,62,76,33,66,46,42,35
202109091945,107,55,38,90,85,51,19,57,94,32,75,45,34,38,105,60,37,94,88,54,27,58,87,31,71,47,34,39
202109092000,105,52,40,83,89,53,20,54,87,35,78,41,32,38,103,57,39,87,91,55,27,55,81,34,74,43,32,39
202109092015,101,55,41,91,84,48,21,51,85,32,84,36,29,40,99,59,40,95,87,50,28,53,79,31,79,39,29,41
202109092030,94,58,41,97,81,49,21,54,84,31,83,45,36,39,92,61,40,100,83,51,28,56,78,30,79,47,36,40
202109092045,88,56,42,97,87,49,19,50,90,31,82,43,39,42,87,59,41,99,89,52,27,52,83,30,78,46,39,43
202109092100,89,50,45,93,86,47,18,50,91,34,82,47,36,42,87,53,44,96,88,50,26,52,84,33,78,49,36,43
202109092115,84,51,45,88,84,52,19,44,90,27,76,47,43,44,83,54,44,90,85,54,27,46,83,26,73,50,43,45
202109092130,84,53,41,92,77,49,24,45,93,29,68,48,41,41,82,56,40,94,79,52,31,47,87,29,66,50,41,42
202109092145,74,51,41,97,67,42,21,37,89,29,68,44,41,38,72,53,40,98,69,46,28,39,83,28,66,46,40,39
202109092200,71,51,39,97,70,45,19,45,94,30,67,44,39,40,70,53,38,98,72,49,27,47,87,29,65,46,39,41
202109092215,63,48,41,101,71,40,16,44,88,30,67,44,42,42,62,49,40,101,72,44,24,46,81,29,65,46,41,43
202109092230,67,46,41,101,67,38,20,46,90,26,61,36,39,37,66,48,40,102,69,42,28,48,84,25,59,38,38,38
202109092245,66,43,39,95,60,37,20,46,94,24,59,35,40,39,64,45,38,96,62,42,28,48,87,24,58,38,39,40
202109092300,64,46,36,93,58,35,19,44,82,24,57,30,36,39,62,48,35,94,60,39,26,46,76,24,56,33,35,40
202109092315,61,44,30,93,51,35,17,39,76,21,49,35,39,41,59,45,30,93,53,38,23,41,71,21,49,38,38,41
202109092330,46,31,26,73,40,27,13,29,62,16,38,26,31,40,44,33,26,73,42,30,18,32,58,16,38,30,30,40
202109092345,41,27,22,64,41,23,11,26,55,16,34,22,23,34,40,29,22,65,43,26,16,28,51,16,33,25,22,34
202109100000,38,29,23,67,37,21,13,23,54,14,30,22,17,30,36,30,23,67,39,24,17,25,51,14,29,25,17,30
202109100015,36,29,23,57,29,17,13,23,47,14,25,20,16,30,34,30,23,58,31,20,16,25,44,14,24,23,16,30
202109100030,31,27,20,54,27,16,9,24,44,14,25,17,15,27,29,28,20,55,29,19,13,26,41,14,24,20,15,27
202109100045,29,21,23,54,29,16,8,20,37,13,21,14,13,25,27,22,22,55,30,18,11,22,35,13,20,17,13,25
202109100100,29,19,23,50,25,14,6,19,35,11,22,12,15,24,27,20,22,51,27,16,9,21,33,11,22,15,14,24
202109100115,23,18,19,43,24,14,7,18,32,7,23,11,18,22,21,19,19,44,26,16,10,20,30,7,23,13,17,22
202109100130,27,21,18,44,23,13,6,20,31,7,21,13,20,20,25,22,17,45,25,15,9,22,29,7,21,15,19,20
202109100145,25,19,18,47,23,14,5,22,29,8,25,12,19,19,23,20,17,48,25,15,8,24,27,8,25,14,18,19
202109100200,23,14,16,42,25,13,6,18,29,8,23,13,15,21,22,15,16,43,27,14,9,20,27,8,22,15,14,21
202109100215,23,12,13,36,22,12,6,12,30,7,17,12,15,21,21,14,13,37,24,14,9,14,28,7,17,14,14,21
202109100230,25,14,16,37,20,14,5,13,24,7,15,10,17,19,23,15,16,38,22,15,7,15,23,7,16,12,16,19
202109100245,22,14,13,35,18,12,5,13,24,7,18,8,18,18,20,15,13,36,20,13,7,15,23,7,18,10,17,18
202109100300,21,15,12,36,20,11,4,13,27,8,23,10,21,22,19,16,12,37,22,13,7,15,25,8,23,13,20,21
202109100315,20,15,8,32,16,13,0,12,28,8,20,1,18,21,18,16,8,33,18,14,3,14,26,7,20,4,16,20
202109100330,17,14,8,32,15,10,0,12,27,7,20,1,17,20,15,15,8,33,17,12,3,14,25,6,20,4,15,19
202109100345,13,12,8,31,13,10,0,11,29,7,20,1,14,17,11,13,8,32,15,12,3,13,27,6,20,4,13,16
202109100400,16,11,5,30,18,14,0,12,25,9,19,8,15,17,14,12,5,31,20,15,3,14,23,8,19,10,14,16
202109100415,16,12,0,27,14,13,0,13,22,7,18,7,14,17,14,13,1,28,16,14,2,15,20,6,18,9,13,15
202109100430,13,11,0,27,15,10,0,9,22,7,19,6,13,16,11,12,1,28,16,11,2,11,20,6,19,8,12,14
202109100445,14,10,0,27,16,11,0,12,25,7,19,7,12,15,12,11,1,28,18,12,3,14,23,7,19,9,11,14
202109100500,11,10,7,24,14,8,1,11,21,9,18,7,14,14,10,11,7,25,15,9,3,13,20,8,18,9,13,13
202109100515,10,11,6,25,13,8,2,13,20,9,19,9,13,16,9,11,6,26,14,9,4,15,19,8,19,11,12,15
202109100530,11,10,8,26,13,8,3,13,22,7,18,11,13,16,10,11,8,27,15,9,5,15,21,7,18,13,13,15
202109100545,22,17,12,38,19,14,5,20,31,10,28,18,18,18,20,18,12,39,21,15,8,22,29,10,27,20,18,18
202109100600,22,21,13,40,24,17,7,30,38,15,30,21,23,22,21,22,13,41,25,19,10,32,36,14,30,23,22,21
202109100615,28,26,14,45,23,18,9,29,43,15,30,23,25,20,26,27,14,46,25,20,13,30,40,15,30,24,24,20
202109100630,29,25,17,52,26,19,12,34,47,20,31,29,26,21,27,26,17,53,28,22,16,35,44,19,31,30,26,21
202109100645,31,22,17,58,29,18,9,41,52,25,37,30,26,25,29,23,17,58,31,21,14,42,48,24,36,31,26,25
202109100700,35,29,22,60,34,24,8,44,64,32,38,34,28,25,33,30,22,61,36,27,14,45,59,30,38,35,28,25
202109100715,34,28,24,58,39,28,12,47,69,35,41,38,33,23,32,29,23,59,40,31,18,48,64,33,41,39,33,23
202109100730,34,34,24,57,43,35,11,62,72,33,41,40,30,28,33,34,24,58,44,38,18,63,66,31,40,41,30,28
202109100745,36,31,29,53,53,35,11,58,71,35,39,46,30,31,35,32,28,54,53,38,17,59,66,33,39,47,31,32
202109100800,44,34,28,54,54,36,11,53,65,34,39,42,30,23,43,35,27,56,55,38,17,54,60,32,39,42,30,24
202109100815,43,34,26,49,48,32,10,43,57,37,35,38,32,21,42,35,25,51,49,34,15,44,53,35,35,39,32,22
202109100830,39,32,24,50,47,27,10,47,60,37,33,36,31,21,38,33,23,51,48,30,15,48,56,35,33,37,31,22
202109100845,34,26,25,49,49,20,7,39,50,33,33,34,32,21,33,27,24,50,50,23,12,40,46,31,33,35,32,22
202109100900,32,29,25,54,48,21,8,40,49,30,34,34,30,20,31,29,24,55,48,23,12,41,45,28,34,35,30,21
202109100915,37,28,23,57,47,24,9,37,47,31,33,31,34,22,36,29,22,58,48,26,13,38,44,30,34,32,33,23
202109100930,42,27,21,57,52,21,9,39,48,35,33,32,35,20,41,29,20,58,53,23,13,40,45,33,34,33,34,20
202109100945,44,29,20,54,52,18,8,38,48,33,36,29,40,19,43,31,19,56,53,21,12,39,45,31,37,30,38,20
202109101000,40,28,20,55,52,19,8,38,52,34,32,32,39,21,39,29,20,56,53,22,13,39,48,32,33,33,38,22
202109101015,44,24,21,54,50,20,11,42,50,34,32,33,40,23,43,26,21,56,51,23,15,43,47,32,34,34,39,23
202109101030,44,29,20,53,53,21,11,38,48,33,32,36,45,23,43,31,20,55,54,23,15,39,45,31,34,37,43,23
202109101045,42,26,19,58,53,18,7,36,46,30,32,37,42,22,41,28,19,59,54,20,11,37,43,28,34,37,41,22
202109101100,46,28,17,57,52,18,9,38,47,39,32,33,40,25,45,30,17,58,53,20,13,39,44,37,33,34,39,25
202109101115,45,29,18,60,50,23,8,38,46,39,29,23,40,24,44,31,18,61,51,25,12,39,43,37,31,25,38,24
202109101130,50,33,21,60,57,23,10,35,45,39,33,27,42,26,49,35,21,61,58,25,14,37,42,37,35,29,40,26
202109101145,49,34,24,65,60,24,8,37,45,42,33,27,42,27,48,35,24,66,61,26,12,39,42,40,35,29,40,27
202109101200,61,45,25,71,59,31,12,42,53,46,32,32,45,26,59,46,24,73,61,32,16,43,50,44,34,34,43,27
202109101215,62,49,25,76,52,33,15,41,55,39,35,25,46,30,60,50,25,78,54,34,19,42,52,37,37,28,43,30
202109101230,56,48,23,67,50,37,15,42,47,39,34,25,42,29,54,49,23,69,52,37,18,43,44,37,36,27,40,29
202109101245,54,38,23,74,54,34,13,39,45,37,31,21,46,23,52,40,22,75,56,34,16,40,42,35,33,23,43,23
202109101300,63,35,21,64,53,29,13,37,45,38,34,24,48,18,61,38,20,66,55,30,16,38,42,36,36,25,45,19
202109101315,59,31,20,58,50,27,11,35,43,39,30,22,45,19,57,34,19,60,52,28,14,36,40,37,32,23,42,19
202109101330,58,31,16,56,47,24,13,32,41,40,36,26,43,19,56,34,16,58,49,25,16,33,39,38,37,27,41,19
202109101345,49,30,20,50,45,23,11,34,38,41,30,27,43,20,47,32,19,52,47,24,14,35,36,39,32,28,41,20
202109101400,51,29,22,49,51,25,13,29,40,40,34,27,42,17,50,31,21,51,53,26,16,30,38,38,36,28,40,18
202109101415,49,29,20,45,52,23,15,30,39,32,36,25,43,16,48,31,19,48,53,24,17,31,37,31,37,26,41,17
202109101430,47,25,20,49,55,24,13,36,41,37,32,26,38,18,46,27,19,51,56,25,16,37,39,35,33,27,36,19
202109101445,47,29,19,52,57,23,13,36,41,34,28,28,41,20,46,31,18,54,58,24,16,37,39,33,30,29,39,20
202109101500,47,28,16,55,57,21,12,33,42,37,30,27,40,19,46,30,16,57,58,23,15,34,40,35,32,28,38,19
202109101515,52,26,14,56,60,27,12,32,47,36,33,26,43,18,51,29,14,58,61,29,16,33,44,34,35,27,41,18
202109101530,50,26,16,62,62,25,11,35,40,37,28,25,43,19,49,28,16,63,63,26,14,36,38,35,30,26,41,19
202109101545,54,26,16,56,63,28,9,36,39,36,24,26,34,16,53,29,15,58,64,28,12,37,36,34,26,27,33,16
202109101600,57,22,16,60,59,27,10,36,43,35,23,35,35,15,56,25,15,62,60,28,14,37,40,33,25,35,34,15
202109101615,62,27,17,63,71,25,10,38,43,37,24,35,34,20,61,30,17,66,72,26,14,39,40,35,26,36,34,20
202109101630,59,27,22,63,72,23,10,48,51,40,22,39,34,20,58,30,21,65,73,25,15,49,48,38,24,39,34,21
202109101645,60,29,25,63,69,24,12,54,52,34,24,48,32,21,59,32,24,65,70,26,16,55,49,33,25,48,33,22
202109101700,65,33,22,66,67,26,12,48,48,37,28,48,36,24,64,36,22,68,68,28,16,49,45,35,29,48,36,24
202109101715,53,30,20,61,68,30,10,57,50,40,31,46,38,24,53,32,20,62,68,31,14,58,47,38,32,46,38,24
202109101730,62,36,16,63,71,28,11,56,53,37,34,45,37,24,62,38,16,65,72,30,16,57,49,35,35,45,37,24
202109101745,68,41,26,69,88,39,12,59,62,41,34,44,42,26,68,43,25,71,88,40,17,60,58,39,36,45,41,26
202109101800,86,48,27,69,103,45,17,64,66,41,41,42,39,27,86,51,26,73,103,46,22,64,62,39,41,43,39,28
202109101815,90,53,32,67,108,43,17,68,65,43,43,43,37,27,90,56,31,71,108,44,22,68,61,41,43,44,37,28
202109101830,99,61,33,80,109,54,16,60,70,38,51,43,44,31,98,64,32,84,110,54,22,61,65,36,51,44,43,32
202109101845,99,63,38,83,110,51,15,56,60,40,57,44,49,29,98,66,37,87,111,50,20,57,56,38,57,45,48,30
202109101900,103,56,34,85,108,46,18,53,69,37,63,43,43,31,102,60,33,89,109,47,23,54,64,36,62,44,42,32
202109101915,115,60,36,91,111,48,15,52,63,39,71,44,49,31,113,65,35,95,113,48,20,53,59,37,70,45,48,32
202109101930,115,65,39,95,116,56,13,50,69,36,68,42,48,34,114,69,38,99,117,56,19,51,64,34,67,44,47,35
202109101945,109,61,38,95,110,60,15,50,72,34,77,45,45,32,108,65,37,99,111,59,21,51,67,33,75,46,44,33
202109102000,115,58,39,100,108,57,14,51,70,34,79,46,48,32,114,63,38,104,110,57,20,52,65,33,77,47,47,34
202109102015,114,60,40,86,104,59,13,46,79,33,83,46,38,32,112,65,39,91,106,59,20,47,73,32,79,47,38,34
202109102030,117,57,39,89,100,59,13,50,84,34,80,46,34,38,115,62,38,94,102,60,21,52,78,33,76,48,34,39
202109102045,109,52,39,99,99,57,15,49,88,26,82,47,42,38,107,57,38,103,101,58,23,51,81,25,79,49,42,39
202109102100,103,62,39,101,97,57,17,40,95,28,83,51,45,36,101,65,38,104,99,59,25,42,88,27,80,52,45,37
202109102115,98,58,35,100,100,52,16,43,88,29,81,46,43,36,97,61,34,103,101,54,24,45,81,28,78,48,42,37
202109102130,96,54,40,90,92,47,16,42,89,28,74,35,39,40,95,58,39,93,94,50,24,44,82,27,71,38,38,41
202109102145,83,56,40,93,81,42,17,40,89,29,77,33,39,37,82,58,39,95,83,46,25,42,83,28,74,36,38,38
202109102200,83,47,42,88,86,39,17,44,90,25,78,32,42,39,82,50,41,90,87,43,25,46,84,24,75,35,40,40
202109102215,84,45,39,83,87,44,14,40,86,29,76,33,40,38,83,48,38,86,88,47,22,42,80,28,73,36,39,39
202109102230,67,50,39,86,80,41,20,39,89,29,77,34,42,39,66,51,38,87,81,45,27,41,83,28,74,37,40,40
202109102245,63,46,39,85,74,37,18,34,93,29,76,37,40,38,62,47,38,86,75,42,26,36,86,28,73,40,39,39
202109102300,60,45,37,87,67,38,21,34,94,27,65,36,40,37,59,46,36,88,68,42,29,36,87,26,63,38,39,38
202109102315,64,40,32,84,66,35,21,31,84,25,54,35,36,35,63,42,31,85,67,39,28,33,78,25,53,37,35,35
202109102330,48,33,30,69,51,29,16,24,67,20,41,26,29,33,47,35,29,70,52,32,21,26,62,20,40,29,28,33
202109102345,45,25,25,59,49,28,13,24,63,17,39,22,23,35,44,27,25,61,50,31,18,27,59,17,38,25,22,35
202109110000,45,22,29,52,39,27,10,24,58,18,34,21,26,33,43,24,29,54,41,29,15,26,54,17,34,24,25,33
202109110015,40,24,25,48,31,25,11,22,51,15,29,23,21,30,38,26,25,50,33,27,15,24,48,15,29,26,21,30
202109110030,38,20,22,46,30,21,10,21,47,12,26,20,21,26,36,22,22,48,32,23,14,23,44,12,26,22,21,26
202109110045,35,20,19,41,29,16,11,19,44,14,22,15,16,23,33,22,19,43,31,19,14,21,41,14,22,17,16,23
202109110100,26,22,21,34,28,15,11,23,39,15,20,15,16,22,25,23,20,35,29,17,14,25,37,15,20,17,16,22
202109110115,27,20,18,34,26,15,8,22,38,11,18,16,12,19,26,21,17,35,28,17,11,24,36,11,18,18,12,19
202109110130,21,18,18,30,22,14,9,22,36,12,20,12,12,16,19,19,17,31,24,16,12,24,34,12,19,14,12,16
202109110145,21,18,15,27,23,12,8,21,34,10,15,12,12,16,19,18,15,29,25,14,11,23,32,10,15,14,12,16
202109110200,17,16,15,28,21,10,7,20,33,10,17,12,11,17,16,16,15,29,22,12,10,22,31,10,17,14,11,17
202109110215,16,15,15,24,17,13,6,15,31,9,20,11,11,18,14,15,15,25,19,15,9,17,29,9,19,13,11,18
202109110230,17,12,15,25,16,14,6,14,27,9,18,10,12,14,15,13,14,26,18,15,8,16,25,9,18,12,12,14
202109110245,17,14,13,24,15,13,6,14,28,9,19,9,11,14,15,15,13,25,17,15,8,16,26,9,18,11,11,14
202109110300,16,12,12,25,17,11,4,14,27,10,17,10,13,21,14,13,12,26,19,13,6,16,25,9,17,13,13,21
202109110315,18,9,8,24,15,12,0,12,26,11,19,0,9,17,16,10,8,25,17,13,3,14,24,10,18,3,8,16
202109110330,17,9,6,23,13,12,0,12,28,9,20,0,10,16,15,10,6,24,15,13,3,14,26,8,19,3,9,15
202109110345,13,12,6,23,11,12,0,10,26,9,17,1,9,16,11,13,6,24,13,13,3,12,24,8,16,3,8,15
202109110400,16,13,5,24,12,8,1,10,24,11,16,8,9,15,14,14,5,25,14,10,3,12,22,10,16,10,9,14
202109110415,15,13,0,22,11,7,0,10,24,8,15,8,11,16,13,14,1,23,13,9,3,12,22,7,15,10,11,14
202109110430,13,12,0,22,10,8,1,10,23,7,14,8,9,13,11,12,0,23,12,10,3,12,21,7,14,10,9,12
202109110445,11,13,0,19,12,8,0,11,21,7,15,8,11,12,10,13,0,20,13,9,2,13,20,7,15,10,11,11
202109110500,10,12,5,20,13,8,3,11,21,8,14,12,11,10,9,12,5,21,14,9,5,13,20,8,14,13,11,10
202109110515,11,12,6,19,13,10,3,12,19,7,12,8,10,12,9,12,6,20,14,11,5,14,18,7,12,10,10,12
202109110530,14,11,7,21,12,10,3,12,18,9,12,8,12,11,12,12,7,22,14,11,5,14,17,9,12,9,11,11
202109110545,22,22,10,30,16,15,7,16,30,11,16,11,19,13,20,22,10,31,18,16,9,18,28,11,17,13,18,13
202109110600,24,22,9,35,18,21,9,19,42,15,24,16,22,17,22,23,9,36,20,23,13,21,39,15,24,18,21,17
202109110615,27,20,12,37,22,20,8,22,43,13,25,20,24,17,25,21,12,38,24,22,12,24,40,13,25,21,23,17
202109110630,31,21,15,42,24,22,5,22,44,15,24,21,24,18,29,22,15,43,26,24,9,24,41,14,24,22,23,18
202109110645,30,25,17,42,24,28,4,26,48,20,26,24,23,17,28,26,17,43,26,29,9,27,44,19,26,25,23,17
202109110700,32,25,15,46,25,28,6,30,56,23,32,24,29,20,30,26,15,47,27,30,11,31,52,22,32,25,28,20
202109110715,35,30,22,46,27,27,7,28,56,31,39,27,28,25,33,31,22,47,29,29,12,30,52,29,38,29,27,25
202109110730,36,31,21,54,31,29,12,31,56,26,37,26,30,26,34,32,21,55,33,31,17,33,52,25,37,28,29,26
202109110745,37,30,22,60,38,34,11,38,58,27,42,27,29,24,35,31,22,61,40,36,16,39,54,26,41,29,28,24
202109110800,44,36,24,60,50,31,10,38,68,27,40,25,30,26,43,37,24,61,51,34,16,39,63,26,40,27,29,26
202109110815,40,37,22,62,50,28,12,35,59,24,36,32,32,31,39,37,22,63,51,30,17,37,55,23,36,34,31,31
202109110830,40,35,25,74,48,32,11,36,62,29,32,31,35,29,39,36,25,74,49,34,17,38,57,28,33,33,34,29
202109110845,47,34,20,68,58,29,12,44,60,30,35,34,33,24,46,35,20,69,59,31,17,45,56,29,35,35,32,24
202109110900,43,31,23,63,57,29,12,43,62,31,36,35,32,25,42,32,23,64,58,31,17,44,58,30,36,36,32,25
202109110915,40,28,23,66,64,30,11,44,60,33,32,40,34,24,40,29,22,67,64,32,16,45,56,31,33,41,34,24
202109110930,44,30,23,71,63,33,13,44,55,33,35,36,35,24,44,32,22,72,63,34,17,45,51,32,36,37,34,24
202109110945,57,26,21,72,63,34,10,48,58,40,37,36,37,25,56,29,21,74,64,36,15,49,54,38,38,37,36,25
202109111000,52,27,24,69,69,35,11,54,62,37,39,39,32,24,52,30,23,70,69,37,16,55,57,35,39,40,32,25
202109111015,62,29,25,71,66,33,10,52,56,38,35,41,32,24,61,32,24,73,67,34,15,53,52,36,35,42,32,25
202109111030,58,29,28,70,67,33,11,50,58,37,31,39,36,25,57,32,27,72,68,35,16,51,54,35,32,40,36,26
202109111045,53,31,28,64,62,34,11,47,56,37,32,42,37,23,52,33,27,66,63,35,16,48,52,35,33,42,37,24
202109111100,56,29,25,67,60,35,10,49,53,35,33,37,35,28,55,32,25,69,61,36,15,50,49,33,34,38,35,28
202109111115,59,29,31,65,69,31,9,54,57,36,34,39,40,25,58,32,30,67,70,33,14,55,53,34,35,40,39,26
202109111130,60,32,29,67,68,32,9,51,54,37,33,41,38,25,59,35,28,69,69,33,14,52,50,35,34,42,38,26
202109111145,71,30,28,73,75,31,12,49,59,35,33,38,42,28,70,34,27,75,76,33,17,50,55,33,35,39,41,29
202109111200,81,52,31,74,73,34,15,49,64,35,36,39,48,30,79,54,30,77,75,36,20,50,60,34,38,40,46,31
202109111215,80,56,29,84,70,36,13,45,62,33,35,36,38,32,78,58,29,86,72,38,18,46,58,32,36,38,37,32
202109111230,86,59,31,81,69,41,11,48,61,34,34,34,35,29,84,61,30,84,72,42,16,49,56,32,35,36,34,30
202109111245,83,52,34,79,64,43,14,41,58,28,37,33,38,32,80,55,33,82,67,43,19,43,54,27,38,35,37,33
202109111300,87,55,31,80,60,40,13,41,53,32,41,35,34,27,84,58,30,83,63,40,17,42,50,31,41,36,33,28
202109111315,84,49,27,74,58,36,12,41,57,33,36,31,37,24,81,52,26,77,61,37,17,42,53,32,37,32,36,25
202109111330,77,44,26,72,64,37,11,41,56,30,34,41,36,26,75,47,25,75,66,38,16,42,52,29,35,42,36,26
202109111345,86,42,28,73,64,32,12,39,54,32,38,37,33,28,84,46,27,76,67,33,17,41,50,31,38,38,33,29
202109111400,92,35,32,75,60,27,11,39,49,33,38,37,34,29,89,40,31,79,64,28,15,41,46,32,38,38,34,30
202109111415,89,37,30,77,60,28,15,43,49,31,31,36,37,27,86,42,29,80,64,29,19,44,46,30,32,37,36,28
202109111430,79,36,25,71,64,27,15,44,56,32,34,34,37,27,77,40,24,74,67,29,19,45,52,31,35,36,36,27
202109111445,82,37,30,70,65,28,15,46,58,33,30,35,36,26,80,41,29,73,68,30,20,47,54,32,31,36,35,27
202109111500,79,43,31,85,70,28,15,49,59,36,29,34,32,29,77,46,30,87,72,30,20,50,55,34,30,36,32,30
202109111515,80,37,27,83,69,34,14,49,59,32,29,33,40,30,78,41,27,85,71,36,19,50,55,31,31,35,39,30
202109111530,80,39,29,82,77,33,14,45,58,30,31,39,41,31,79,43,28,85,79,35,19,46,54,29,33,41,40,31
202109111545,80,40,35,79,73,29,13,45,51,32,35,35,39,28,78,43,34,82,75,31,17,46,48,31,36,36,38,29
202109111600,75,42,34,77,72,29,14,44,51,34,37,34,37,29,74,45,33,80,74,31,18,45,48,33,38,36,36,30
202109111615,81,44,31,80,80,31,11,37,54,32,42,33,42,26,80,47,30,83,82,33,16,38,50,30,43,34,40,27
202109111630,79,46,30,80,73,28,11,39,56,32,40,34,40,24,77,49,29,82,75,30,16,40,52,30,41,35,39,25
202109111645,86,44,27,77,79,32,11,47,60,31,36,36,38,25,84,48,26,80,81,34,16,48,56,29,37,37,37,26
202109111700,98,44,27,73,79,32,17,52,64,34,38,40,39,26,95,49,26,77,82,34,22,53,60,33,39,41,39,27
202109111715,96,40,29,84,75,35,15,47,64,36,40,40,43,22,93,45,28,88,78,37,20,48,60,34,41,40,42,23
202109111730,91,47,31,78,83,34,16,48,56,31,42,38,37,27,89,51,30,81,85,35,20,49,52,30,42,39,36,28
202109111745,95,46,30,83,88,33,15,54,72,30,47,38,40,26,93,50,29,86,90,36,21,55,67,29,47,39,39,27
202109111800,101,52,36,80,100,37,16,57,75,38,48,37,46,28,100,56,35,84,101,40,22,58,70,36,48,38,44,29
202109111815,112,52,34,88,108,43,13,53,74,34,47,41,41,28,111,57,33,92,110,45,20,54,69,33,47,42,40,29
202109111830,117,52,32,84,114,48,12,55,74,36,48,43,39,29,116,58,31,89,116,49,19,56,68,34,48,44,39,30
202109111845,123,56,32,87,115,51,15,51,71,35,54,43,39,30,121,62,31,92,117,52,21,52,66,34,53,44,39,31
202109111900,133,65,34,88,123,49,17,53,71,34,65,44,45,31,132,71,33,94,125,50,23,54,66,33,64,45,44,32
202109111915,130,67,38,93,119,42,16,49,79,34,69,41,37,31,128,72,37,98,121,45,23,50,73,33,66,42,37,32
202109111930,125,65,39,85,113,40,16,50,80,33,83,45,38,34,123,70,38,90,115,43,23,51,74,32,79,46,38,35
202109111945,122,65,36,82,109,43,15,48,81,27,87,48,40,34,120,70,35,87,111,46,22,49,75,26,83,49,40,35
202109112000,134,63,36,85,107,44,15,53,81,26,90,45,37,37,131,69,35,91,110,46,22,54,75,25,85,47,37,38
202109112015,127,66,38,91,98,49,14,54,88,26,79,47,39,35,124,71,37,96,101,51,22,55,81,25,76,48,39,36
202109112030,119,65,42,91,99,42,17,53,87,23,82,39,38,37,117,69,41,96,102,45,24,55,81,23,78,41,37,38
202109112045,109,62,39,85,89,44,17,50,83,25,86,40,38,37,106,66,38,89,92,47,24,52,77,24,82,42,38,38
202109112100,101,60,36,85,81,44,14,47,85,25,86,45,35,36,98,63,35,89,84,47,22,49,79,24,81,47,35,37
202109112115,100,60,33,79,85,42,13,45,86,26,84,43,35,41,98,63,33,83,88,45,21,47,79,25,80,45,35,41
202109112130,93,50,38,87,86,42,16,45,90,27,79,37,42,42,91,54,38,90,88,46,24,47,83,26,76,40,41,43
202109112145,94,51,34,89,77,38,17,39,90,28,76,37,41,35,92,55,33,92,80,42,25,41,83,27,73,39,40,36
202109112200,79,46,33,86,76,42,19,39,84,32,86,37,42,38,77,49,33,88,78,45,26,41,78,31,82,39,41,38
202109112215,68,43,39,89,66,44,20,36,82,29,79,38,38,40,66,45,38,90,68,46,27,38,76,28,75,41,37,41
202109112230,66,43,33,86,64,38,21,36,82,25,70,36,38,40,65,45,33,87,66,41,27,38,77,25,67,39,37,40
202109112245,58,44,34,86,73,33,18,38,82,30,64,36,37,35,58,45,33,87,73,37,25,40,76,29,62,38,36,36
202109112300,57,40,33,89,68,35,16,37,83,26,63,32,34,36,56,42,33,89,69,39,23,39,77,25,61,35,33,37
202109112315,54,35,31,84,66,32,14,29,78,25,56,31,29,39,53,37,31,85,67,36,21,32,72,24,54,34,29,39
202109112330,42,29,25,68,52,33,16,22,66,20,44,22,22,37,41,30,25,69,53,36,21,25,62,20,42,26,22,37
202109112345,47,28,23,62,42,25,14,19,67,15,35,20,22,28,46,30,23,63,44,29,20,21,62,15,34,23,21,28
202109120000,44,25,26,57,36,22,14,18,56,17,34,19,21,27,42,27,25,58,38,25,18,20,52,17,33,21,20,27
202109120015,36,28,26,51,35,21,14,21,56,13,31,19,20,22,35,29,25,52,37,24,18,23,52,13,30,21,20,23
202109120030,31,24,20,49,32,22,13,19,51,15,31,15,21,22,29,25,20,50,34,24,17,21,48,15,30,17,20,22
202109120045,30,24,18,53,27,16,10,18,52,14,29,13,20,24,28,25,18,54,29,19,14,20,49,14,28,16,19,24
202109120100,32,21,14,52,27,14,10,14,46,13,25,15,18,26,30,22,14,53,29,17,14,16,43,13,25,18,17,25
202109120115,27,18,15,50,24,12,10,13,41,12,23,13,20,21,25,19,15,51,26,15,13,15,39,12,23,15,19,21
202109120130,23,15,16,50,23,10,9,13,34,11,23,12,18,17,22,16,15,50,25,12,12,15,32,11,23,14,17,17
202109120145,20,13,14,45,25,10,11,12,29,9,20,12,17,16,19,14,14,46,26,12,13,14,28,9,20,14,16,16
202109120200,21,12,13,38,22,10,11,11,26,10,18,9,17,18,19,13,13,39,24,11,12,13,25,10,18,11,16,18
202109120215,22,14,13,38,20,10,9,8,28,10,16,9,15,18,20,15,13,39,22,12,11,10,27,10,16,11,14,18
202109120230,23,14,17,33,19,9,7,9,28,10,14,9,13,16,21,15,16,34,21,11,9,11,27,10,14,11,12,16
202109120245,22,13,16,31,18,8,7,9,26,9,15,10,12,16,20,14,15,32,20,10,9,11,25,9,15,12,12,16
202109120300,21,12,18,33,23,8,7,11,27,9,16,7,13,19,19,13,17,34,25,10,9,13,25,9,16,10,12,19
202109120315,20,10,8,28,18,8,0,10,30,8,16,2,10,16,18,11,8,29,20,10,3,12,28,7,16,4,9,15
202109120330,17,11,8,25,16,10,0,12,27,8,17,2,13,15,15,12,8,26,18,12,3,14,25,7,17,4,12,14
202109120345,17,12,9,24,11,9,0,11,26,10,17,1,13,14,15,13,9,25,13,11,3,13,24,9,17,3,12,14
202109120400,16,10,4,22,14,11,1,10,24,12,16,7,11,11,14,11,4,23,16,12,4,12,22,11,16,9,11,10
202109120415,13,10,0,23,12,12,1,10,23,9,15,6,11,12,11,11,0,24,14,13,3,12,21,9,15,8,10,11
202109120430,13,9,0,26,11,10,1,10,22,8,14,6,10,12,11,10,1,27,13,11,3,12,21,8,14,8,9,11
202109120445,11,8,0,23,13,9,2,12,22,7,13,6,11,14,10,9,1,24,15,10,4,14,21,7,13,8,10,13
202109120500,10,8,7,23,12,8,6,9,21,5,13,5,12,12,8,9,7,24,14,9,8,11,20,5,13,7,11,12
202109120515,11,8,9,22,11,8,5,8,22,7,12,6,11,10,9,9,9,23,13,9,7,10,21,7,12,8,10,10
202109120530,10,7,9,25,11,7,5,10,21,7,11,7,10,12,8,8,9,26,13,8,7,12,20,7,11,9,10,12
202109120545,18,15,12,29,16,9,7,16,33,10,19,11,17,11,16,16,11,30,18,11,10,17,31,10,19,12,16,11
202109120600,22,16,13,36,19,13,8,22,40,11,24,13,17,13,20,17,12,37,21,15,12,23,37,11,24,14,16,13
202109120615,24,17,16,38,21,15,10,24,37,13,24,16,20,12,22,18,15,39,23,17,13,25,35,13,24,17,19,13
202109120630,25,20,17,43,23,15,8,25,39,17,23,19,22,17,23,21,16,44,25,17,11,26,37,16,23,20,21,17
202109120645,26,23,16,40,26,15,10,24,42,20,25,24,20,17,25,23,15,41,28,18,13,26,39,19,25,25,20,17
202109120700,33,25,18,41,20,18,11,30,46,24,29,25,23,17,31,26,17,42,22,21,15,31,43,23,29,26,23,17
202109120715,33,23,22,46,22,20,11,30,52,25,30,24,25,20,31,24,21,47,24,23,15,31,48,24,30,25,24,20
202109120730,34,28,20,53,25,24,12,32,54,29,28,30,26,24,32,29,20,54,27,26,16,34,50,28,28,31,26,24
202109120745,35,30,21,55,29,23,10,37,57,24,31,30,30,24,33,31,21,56,31,26,15,38,53,23,31,31,29,24
202109120800,40,35,24,59,39,27,13,42,58,25,34,34,36,25,38,36,23,60,41,29,18,43,54,24,35,35,35,26
202109120815,39,33,25,55,41,28,13,39,63,26,33,34,40,25,37,34,24,56,42,31,18,40,59,25,34,35,39,26
202109120830,40,36,27,64,45,34,14,46,59,26,30,35,47,27,39,37,26,65,46,36,19,47,55,25,33,36,45,27
202109120845,41,38,28,61,50,33,15,42,60,27,37,41,44,25,40,38,27,62,51,35,20,43,56,26,38,42,43,26
202109120900,45,39,27,62,56,30,14,44,65,28,37,45,42,27,44,40,26,63,57,33,19,45,60,27,38,46,42,28
202109120915,49,34,27,60,58,30,14,45,66,28,32,44,42,24,48,36,26,62,59,33,19,46,61,27,34,44,42,25
202109120930,48,37,27,65,58,32,13,45,70,30,36,44,47,26,47,38,26,66,59,35,19,46,65,29,38,44,46,27
202109120945,57,40,29,64,60,33,13,42,65,28,38,44,44,29,55,42,28,66,61,35,19,44,60,27,39,45,43,30
202109121000,62,41,27,70,60,32,13,54,66,30,40,43,42,29,60,43,26,72,62,35,19,55,61,29,41,44,41,29
202109121015,65,38,25,70,56,36,13,53,58,32,41,43,40,29,63,40,25,72,58,37,18,54,54,31,42,44,40,29
202109121030,66,37,25,72,67,34,12,53,53,32,36,42,42,29,65,40,25,74,68,35,16,54,49,31,37,43,41,29
202109121045,58,43,25,75,64,33,12,53,54,37,35,39,42,30,57,45,25,76,65,34,16,54,50,35,37,40,41,30
202109121100,64,46,27,80,61,32,13,50,56,34,35,37,42,32,62,47,27,82,63,34,18,51,52,33,36,39,41,32
202109121115,71,46,27,75,73,38,13,48,59,29,36,41,42,34,70,48,27,77,74,39,18,50,55,28,37,43,41,34
202109121130,72,51,27,73,69,37,12,49,63,35,39,39,42,34,70,53,27,75,71,39,17,50,59,33,40,41,41,34
202109121145,77,58,25,74,70,42,12,46,61,33,40,40,41,33,75,59,25,77,72,43,17,47,57,32,41,42,40,33
202109121200,85,58,24,69,64,42,14,50,70,34,38,40,47,37,83,60,24,73,67,44,20,51,65,33,40,42,45,36
202109121215,84,58,28,72,66,45,13,46,64,29,37,36,47,37,82,60,28,75,69,46,18,48,59,28,39,38,45,37
202109121230,86,52,27,77,66,39,14,48,63,33,35,37,46,33,84,55,27,80,69,40,19,49,59,32,37,39,44,33
202109121245,86,49,27,71,63,41,13,46,56,35,31,35,34,31,83,52,27,75,66,41,18,47,52,33,32,37,34,31
202109121300,88,54,28,66,66,44,12,43,58,35,34,36,35,32,85,57,28,70,69,44,17,45,54,33,35,38,34,32
202109121315,81,48,27,69,67,39,15,47,57,33,32,32,34,27,79,51,26,72,69,40,20,48,53,32,33,34,33,28
202109121330,83,46,27,70,67,41,14,47,57,33,33,34,34,30,81,49,27,73,69,42,19,48,53,32,34,36,33,30
202109121345,80,46,24,65,66,40,12,46,56,34,31,31,37,31,78,49,24,69,68,41,17,47,52,33,32,33,36,31
202109121400,80,52,22,69,76,42,13,48,56,31,32,33,35,27,78,54,22,72,78,42,18,49,52,30,33,35,34,27
202109121415,71,53,21,65,68,39,14,48,53,34,32,33,38,26,69,54,21,68,70,39,18,49,50,33,33,34,37,26
202109121430,73,41,23,65,69,38,16,49,53,36,36,30,40,27,71,44,23,68,71,38,20,50,50,35,37,32,38,27
202109121445,77,39,23,61,65,33,12,44,51,33,38,30,39,27,75,43,23,64,67,34,16,45,48,32,39,32,37,27
202109121500,75,38,27,66,62,32,14,48,54,33,36,33,39,25,73,42,26,69,64,34,18,49,50,32,37,34,38,26
202109121515,72,38,32,69,64,34,13,45,56,31,37,35,40,23,70,41,31,72,66,35,18,46,52,30,38,36,39,24
202109121530,73,41,29,63,68,35,15,42,58,29,38,30,35,23,71,44,28,66,70,36,19,43,54,28,38,31,34,24
202109121545,77,46,28,60,69,36,15,43,60,28,41,35,37,29,75,49,27,64,71,38,20,44,56,27,41,37,36,29
202109121600,77,44,29,61,73,40,15,47,54,32,39,33,40,27,75,47,28,65,75,40,19,48,51,31,40,35,39,28
202109121615,78,40,33,64,72,37,15,47,59,28,34,40,37,26,76,44,32,67,74,38,20,48,55,27,35,41,37,27
202109121630,80,46,34,60,77,40,15,42,60,30,37,36,42,27,79,49,33,64,79,41,20,43,56,29,38,37,41,28
202109121645,79,47,32,59,78,40,16,47,62,31,38,41,40,28,78,50,31,63,80,41,21,48,58,30,39,42,39,29
202109121700,84,48,35,67,82,40,16,47,64,30,41,42,36,25,83,51,33,71,84,41,21,48,60,29,41,43,36,27
202109121715,81,45,38,71,82,40,14,50,71,29,38,45,34,28,80,48,36,74,83,42,20,51,66,28,38,46,34,30
202109121730,86,46,34,69,83,48,16,50,68,30,40,43,34,29,85,50,33,73,85,49,22,51,63,29,40,44,34,30
202109121745,84,49,28,74,87,49,15,56,75,28,43,43,38,30,83,52,28,77,88,50,21,57,70,27,43,44,38,31
202109121800,94,56,34,84,99,49,14,56,71,31,43,46,42,28,93,59,33,87,100,50,20,57,66,30,44,47,42,29
202109121815,97,60,32,90,102,55,15,59,69,28,46,47,48,29,96,63,31,93,103,55,21,60,64,27,47,48,47,30
202109121830,107,58,31,94,101,54,15,59,74,30,47,45,47,33,105,62,30,98,103,54,21,60,69,29,48,46,46,33
202109121845,108,63,36,92,93,57,16,61,74,29,46,45,46,33,106,67,35,96,95,57,22,62,69,28,47,46,45,34
202109121900,112,61,36,90,96,59,14,61,75,29,52,43,52,36,110,65,35,94,99,59,20,62,70,28,53,45,50,37
202109121915,109,59,39,84,105,59,15,52,75,31,56,45,46,33,107,63,38,88,107,59,21,53,70,30,56,46,45,34
202109121930,107,57,38,80,108,59,16,52,70,25,57,40,40,36,106,61,37,85,109,58,22,53,65,24,56,42,39,37
202109121945,99,53,38,77,104,64,18,53,76,24,64,43,40,36,98,57,37,81,105,63,24,54,71,24,62,45,40,37
202109122000,102,58,39,80,103,66,16,49,77,27,61,41,45,38,101,62,38,84,104,65,23,51,72,26,60,43,44,39
202109122015,104,51,40,78,102,70,12,47,82,26,63,43,42,38,102,56,39,82,104,69,20,49,76,25,61,45,41,39
202109122030,98,54,38,77,99,65,12,46,84,27,58,36,46,38,97,58,37,81,100,65,20,48,77,26,58,39,44,39
202109122045,94,45,38,68,97,57,14,41,82,23,60,41,45,40,93,49,37,72,98,58,21,43,76,22,59,44,44,41
202109122100,89,45,43,70,97,56,13,44,95,23,58,43,40,37,88,49,42,74,98,58,22,46,88,22,57,45,39,39
202109122115,72,42,45,74,86,55,17,49,86,22,59,42,44,41,71,45,44,77,86,57,24,51,80,21,58,45,43,43
202109122130,71,38,40,84,78,56,17,44,82,23,60,40,48,43,70,41,40,86,79,57,24,46,76,22,60,43,46,44
202109122145,72,37,40,89,69,49,19,40,77,25,54,41,47,48,70,40,40,90,71,50,25,43,72,25,54,44,46,48
202109122200,67,41,40,98,70,48,19,40,77,25,46,45,50,47,66,43,40,99,71,49,25,43,72,25,47,48,49,48
202109122215,55,42,36,90,63,51,20,38,84,24,47,38,43,42,54,43,36,90,64,53,27,40,78,24,47,41,42,43
202109122230,59,39,37,83,57,46,21,38,86,25,48,35,45,40,57,41,36,84,59,49,28,40,80,25,48,38,43,41
202109122245,64,42,37,82,57,42,22,32,81,26,49,31,45,40,62,44,36,83,59,45,28,34,76,26,49,34,43,41
202109122300,58,42,33,83,56,35,20,32,88,23,45,34,44,43,56,43,33,84,58,40,27,35,82,23,46,37,42,43
202109122315,54,33,29,77,50,34,16,29,89,19,41,33,44,40,52,35,29,78,52,39,24,32,82,19,42,36,42,40
202109122330,38,28,25,66,40,29,15,26,68,18,37,23,35,34,36,29,25,66,41,32,21,28,63,18,37,26,33,34
202109122345,34,28,23,64,31,26,13,19,57,19,32,19,33,30,32,29,23,64,33,28,18,21,53,18,33,22,31,30
202109130000,36,26,23,56,28,22,11,19,61,16,29,16,28,26,34,27,22,57,30,25,16,21,57,15,29,19,26,26
202109130015,30,23,23,51,27,19,13,17,59,14,27,17,25,22,29,24,22,52,29,23,18,19,55,14,27,19,24,22
202109130030,26,21,22,43,25,13,11,14,53,15,25,16,23,20,25,22,21,44,27,17,15,16,49,15,25,18,22,20
202109130045,23,22,20,40,24,13,9,13,45,13,27,15,23,18,22,23,19,41,25,16,13,15,42,13,27,17,22,18
202109130100,23,18,19,37,22,11,8,14,46,12,26,14,20,19,22,19,18,38,24,15,12,16,43,12,26,16,19,19
202109130115,22,17,18,31,20,12,8,15,40,10,25,12,16,17,20,18,17,32,22,15,11,17,37,10,24,14,15,17
202109130130,21,15,16,34,22,11,8,15,39,8,18,14,16,15,19,16,15,35,24,14,11,17,36,8,18,16,16,15
202109130145,20,14,14,30,21,10,7,12,39,8,18,15,16,15,19,15,13,31,22,13,10,14,36,8,18,17,16,15
202109130200,16,15,15,29,18,9,6,12,38,7,20,13,16,16,15,16,14,30,19,12,9,14,36,7,20,15,15,16
202109130215,18,16,15,30,13,11,6,8,35,7,15,13,15,13,16,17,14,31,15,13,9,10,33,7,15,14,15,13
202109130230,17,15,15,31,11,9,7,8,36,5,16,13,14,13,15,16,14,32,13,12,10,10,34,5,16,14,14,13
202109130245,14,12,14,30,11,9,7,8,35,7,14,14,12,10,12,13,13,31,13,12,10,10,33,7,14,15,12,11
202109130300,13,12,14,29,12,11,5,7,40,8,19,13,15,12,11,13,13,30,14,14,9,9,37,8,19,14,15,12
202109130315,14,12,7,29,9,11,0,6,38,10,20,2,10,13,12,13,7,30,11,14,4,8,35,9,19,4,9,12
202109130330,17,10,7,27,9,10,0,6,35,9,17,2,12,13,15,11,7,28,11,12,4,8,32,8,17,4,11,12
202109130345,16,10,7,25,7,8,0,8,34,9,18,2,10,10,14,11,7,26,9,11,4,10,31,8,17,4,9,10
202109130400,15,11,5,28,8,8,1,10,31,9,15,9,12,10,13,12,5,29,10,10,4,12,29,8,15,10,12,10
202109130415,13,11,0,27,10,6,2,8,29,6,16,8,9,12,11,12,0,28,12,8,5,10,27,6,16,10,9,11
202109130430,13,11,0,25,7,6,2,9,30,6,18,8,9,12,11,12,0,26,9,9,5,11,28,6,17,10,9,11
202109130445,11,12,0,26,9,7,2,10,30,6,18,8,11,11,9,12,0,27,11,10,5,12,28,6,18,9,10,10
202109130500,10,11,6,22,9,8,6,9,28,6,18,11,12,12,8,11,6,23,11,10,8,11,26,6,18,12,12,11
202109130515,12,11,7,20,8,7,6,11,26,7,17,10,11,12,10,12,7,21,10,9,8,13,25,7,17,11,11,12
202109130530,12,13,10,23,8,8,7,11,26,7,19,8,9,10,10,13,9,24,10,10,9,13,25,7,18,9,9,10
202109130545,17,20,13,33,14,10,9,16,37,10,25,9,15,12,15,20,12,34,16,13,12,17,35,10,24,11,14,12
202109130600,19,20,15,36,16,14,9,22,40,14,26,13,19,16,17,20,15,37,18,16,12,23,37,13,26,15,18,16
202109130615,23,17,16,37,19,15,11,28,39,14,27,18,18,16,21,18,15,38,21,17,14,29,37,14,26,19,18,16
202109130630,25,20,16,39,21,20,10,30,41,18,30,22,22,15,23,21,15,40,23,22,13,31,38,17,30,23,22,15
202109130645,24,22,14,43,25,18,12,37,43,24,30,23,22,17,23,23,14,44,27,20,15,38,40,23,30,24,22,17
202109130700,34,27,21,49,28,24,14,39,50,31,32,29,26,17,32,28,20,50,30,26,18,40,47,30,32,30,26,18
202109130715,32,28,24,50,36,28,13,44,51,30,35,30,26,21,31,29,23,51,37,30,17,45,48,29,35,31,26,22
202109130730,31,31,23,54,42,30,10,56,59,32,33,31,26,20,30,31,22,55,43,32,15,56,55,30,33,32,26,21
202109130745,35,28,24,55,50,29,12,48,59,32,35,45,26,24,34,29,23,56,51,31,17,49,55,31,35,45,27,24
202109130800,37,29,27,59,54,27,12,50,59,34,33,43,31,22,36,30,26,60,54,30,17,51,55,32,33,43,31,23
202109130815,35,29,28,52,52,27,12,40,51,31,33,33,30,23,34,30,27,53,52,29,16,41,48,30,33,34,30,24
202109130830,33,25,25,49,50,25,10,39,43,36,32,34,35,16,33,26,24,50,50,26,14,40,40,34,33,34,34,17
202109130845,30,26,18,46,45,21,10,38,40,35,31,31,26,16,29,27,17,47,46,22,13,39,38,33,31,31,26,17
202109130900,32,29,17,49,47,21,10,39,41,32,28,29,29,16,31,30,16,50,48,23,13,40,38,30,29,30,29,16
202109130915,31,27,19,53,45,22,11,36,42,31,26,27,28,14,30,28,18,54,46,24,14,37,39,29,27,27,27,15
202109130930,27,29,22,51,40,17,10,33,38,33,30,25,29,16,26,29,21,51,41,19,13,34,36,31,30,26,28,17
202109130945,32,29,21,51,42,16,8,35,45,30,28,26,25,17,31,30,20,52,43,19,12,36,42,29,28,27,25,18
202109131000,33,27,20,50,43,18,8,37,38,36,26,30,33,15,32,28,19,51,44,20,11,38,35,34,27,30,32,16
202109131015,31,27,21,49,39,23,8,35,45,34,20,25,35,15,30,28,20,50,40,25,12,36,42,32,22,26,34,16
202109131030,35,25,17,50,39,21,7,37,38,36,26,26,38,20,34,26,17,51,40,22,10,38,36,34,28,27,36,20
202109131045,33,25,15,53,39,17,8,39,42,31,26,27,34,16,32,26,15,54,40,19,12,40,39,29,27,28,33,16
202109131100,34,26,15,53,51,20,8,34,41,31,19,24,30,16,33,27,15,54,51,22,11,35,38,29,21,25,29,16
202109131115,37,26,13,54,44,21,8,36,36,29,18,25,29,19,36,27,13,55,45,22,11,37,34,28,20,26,28,19
202109131130,43,30,15,57,48,22,8,35,45,33,21,23,30,16,42,31,15,58,49,24,12,36,42,31,22,24,29,16
202109131145,50,36,16,57,47,26,9,38,47,37,23,24,32,18,48,37,15,59,49,28,13,39,44,35,25,25,31,18
202109131200,51,38,18,65,54,30,13,38,43,39,28,23,33,19,50,39,17,66,55,31,16,39,41,37,29,24,32,19
202109131215,59,44,22,71,58,31,14,38,49,34,22,24,35,21,58,45,21,73,60,32,18,39,46,33,24,25,33,21
202109131230,65,34,23,69,47,29,16,38,47,31,23,24,37,21,63,37,22,71,50,30,19,39,44,30,25,25,35,22
202109131245,57,34,20,65,46,22,12,34,45,31,28,24,29,16,55,36,19,67,48,24,15,35,42,30,29,25,28,17
202109131300,56,33,16,61,45,23,11,30,46,27,26,22,27,16,54,35,15,63,47,25,15,31,43,26,27,23,26,16
202109131315,55,33,15,60,45,24,13,26,41,27,21,19,26,14,53,35,14,62,47,25,16,27,39,26,22,20,25,14
202109131330,45,32,16,58,45,26,10,27,38,33,20,23,21,12,44,33,15,60,47,27,13,28,36,31,21,24,21,12
202109131345,43,34,16,55,50,24,11,30,44,31,23,22,22,17,42,35,15,56,51,26,14,31,41,30,23,23,21,17
202109131400,45,32,17,61,48,27,13,26,36,34,22,20,25,14,44,33,16,62,49,27,15,27,34,33,23,21,24,14
202109131415,45,29,17,55,50,25,13,28,40,38,21,27,31,17,44,31,16,57,51,26,16,29,38,36,23,28,30,17
202109131430,40,31,14,53,49,26,10,29,41,35,22,30,28,15,39,32,13,54,50,27,13,30,38,33,23,30,28,15
202109131445,42,31,16,57,50,22,9,27,46,36,20,28,29,14,41,32,15,58,51,24,13,28,43,34,21,28,28,14
202109131500,37,30,16,61,48,20,11,30,41,37,21,27,27,15,36,31,15,61,49,22,14,31,39,35,22,28,26,15
202109131515,39,28,14,57,44,21,9,27,44,36,22,33,24,15,38,29,14,58,45,23,13,28,41,34,23,33,24,15
202109131530,39,30,14,63,50,21,9,31,39,34,23,28,26,19,38,31,14,64,51,22,12,32,37,32,24,29,26,19
202109131545,38,26,16,60,56,23,10,30,41,34,23,27,28,16,38,27,15,61,56,24,13,31,39,32,24,28,27,16
202109131600,47,27,14,57,62,25,11,30,47,35,25,28,25,13,47,29,13,59,62,27,15,31,44,33,25,28,25,13
202109131615,64,30,13,0,71,28,12,31,42,30,27,29,28,17,63,33,13,6,72,29,15,32,40,29,28,30,28,17
202109131630,67,31,16,0,70,27,12,43,46,32,28,31,21,16,66,35,15,6,71,28,16,44,43,31,28,31,22,16
202109131645,57,30,21,0,71,27,13,48,53,33,32,43,20,20,56,33,20,6,71,29,17,49,50,32,31,43,22,20
202109131700,53,34,21,0,66,27,13,49,55,35,24,34,25,23,52,36,20,5,67,29,18,50,51,33,25,35,25,23
202109131715,53,32,18,0,73,28,14,54,55,35,29,41,26,23,53,34,18,5,73,30,18,55,52,34,29,41,27,23
202109131730,63,33,20,0,65,33,13,52,57,36,34,44,27,20,62,36,19,6,66,35,18,53,53,34,34,44,28,20
202109131745,70,31,20,0,77,31,14,51,63,40,40,50,24,24,69,34,20,6,78,34,19,52,59,38,39,50,26,24
202109131800,83,39,26,0,92,39,18,53,66,36,42,47,29,26,82,43,25,8,93,41,23,54,62,35,41,47,30,26
202109131815,80,44,26,0,94,35,18,51,65,38,52,43,32,28,79,47,26,7,94,37,23,52,61,37,51,44,32,28
202109131830,87,47,25,0,96,44,20,55,73,35,48,42,33,28,86,51,25,8,97,46,26,56,68,34,47,43,33,28
202109131845,92,46,25,0,90,49,22,55,76,39,51,50,40,29,90,50,25,8,92,50,28,56,71,38,51,51,40,29
202109131900,98,52,26,0,97,54,20,59,78,40,58,52,43,31,96,56,26,8,98,55,26,60,73,38,57,53,43,31
202109131915,102,59,29,0,98,50,19,54,81,36,55,44,40,32,100,63,29,9,100,52,26,55,75,35,54,45,40,32
202109131930,105,58,30,0,98,52,22,52,78,36,59,46,43,28,103,62,29,9,100,53,28,53,73,35,58,47,42,29
202109131945,95,54,36,0,102,55,22,51,84,36,66,48,48,33,94,58,35,8,103,56,29,52,78,35,65,49,47,34
202109132000,107,57,36,0,101,53,20,53,91,38,60,42,44,38,105,61,35,9,103,55,28,55,84,37,59,44,43,39
202109132015,96,57,36,0,87,48,21,51,91,35,63,40,42,36,94,60,35,8,89,51,29,52,84,34,62,42,41,37
202109132030,102,57,31,0,84,49,23,59,86,34,67,45,42,38,100,61,31,9,87,51,30,60,80,33,65,47,41,38
202109132045,92,53,33,0,88,50,22,50,84,32,69,41,41,41,91,56,33,8,90,52,29,52,78,31,67,43,40,41
202109132100,93,49,33,0,81,50,21,51,81,36,61,36,43,38,91,53,33,8,83,52,27,53,76,35,60,38,42,38
202109132115,84,50,36,0,77,46,20,47,82,34,57,36,48,40,82,53,35,8,79,48,27,49,76,33,57,39,46,40
202109132130,80,43,42,0,76,47,19,42,82,36,56,35,46,46,78,46,41,7,78,49,26,44,76,35,56,39,44,47
202109132145,77,41,38,0,78,44,20,41,79,31,55,35,43,50,76,44,38,7,79,46,26,44,74,30,54,39,41,50
202109132200,78,46,35,0,70,40,22,42,81,31,50,35,41,46,76,49,35,7,72,43,28,44,76,30,50,39,40,46
202109132215,75,40,36,0,72,42,22,35,82,29,51,33,48,43,73,43,36,7,74,45,28,37,76,29,51,36,46,43
202109132230,70,38,33,0,72,43,19,36,78,29,48,29,43,40,69,41,33,6,73,45,25,38,73,28,48,32,41,40
202109132245,71,37,33,0,75,38,19,30,79,23,45,35,37,37,70,40,32,6,76,41,25,32,74,22,45,38,36,37
202109132300,64,33,31,0,64,36,16,29,68,18,48,33,35,37,63,36,31,6,65,38,21,31,63,18,47,36,34,37
202109132315,60,30,30,0,62,29,19,29,61,17,50,31,34,34,59,33,30,6,63,32,23,31,57,17,49,33,33,34
202109132330,40,30,24,0,52,27,15,22,60,14,43,24,24,31,39,31,24,4,53,30,20,24,56,14,41,27,23,31
202109132345,39,24,24,0,42,26,14,21,57,12,37,23,20,30,38,26,24,4,43,29,18,23,53,12,36,26,20,30
202109140000,39,22,18,0,34,22,13,17,48,11,30,21,17,28,37,24,18,4,36,24,17,19,45,11,29,24,17,28
202109140015,36,21,21,0,32,16,11,17,44,13,27,19,16,19,34,23,20,4,34,18,14,19,41,13,26,21,16,20
202109140030,38,19,20,0,31,17,9,16,42,11,23,20,17,16,36,21,19,4,33,19,12,18,39,11,23,21,17,17
202109140045,34,16,16,0,32,14,10,15,41,10,24,16,15,16,32,18,15,4,34,16,13,17,38,10,23,17,15,16
202109140100,32,18,16,0,30,12,8,14,38,10,23,14,13,16,31,20,15,4,32,15,11,16,36,10,22,15,13,16
202109140115,31,15,17,0,28,14,8,11,36,10,23,11,13,16,29,17,16,4,30,16,11,13,34,10,22,13,13,16
202109140130,28,11,14,0,26,12,7,9,31,8,25,12,12,16,26,13,14,4,28,14,10,11,29,8,24,14,12,16
202109140145,25,10,15,0,20,13,6,6,35,8,19,13,11,14,23,12,14,3,22,15,9,8,33,8,18,15,11,14
202109140200,24,10,15,0,19,16,7,7,33,7,17,12,9,14,22,12,14,3,21,17,10,9,31,7,16,14,9,14
202109140215,22,11,14,0,18,15,6,6,33,6,17,9,10,13,20,13,13,3,20,16,9,8,31,6,16,11,10,13
202109140230,19,10,13,0,18,13,3,6,34,5,16,12,9,13,17,11,13,3,20,15,6,8,31,5,15,13,9,13
202109140245,18,10,11,0,16,13,3,7,31,5,18,10,7,13,16,11,11,3,18,15,6,9,29,5,17,11,7,13
202109140300,19,9,10,0,16,14,4,11,31,6,17,8,7,14,17,10,10,3,18,16,7,13,29,6,16,10,7,14
202109140315,18,9,7,0,20,11,1,9,32,7,18,2,8,13,17,10,7,3,21,13,4,11,29,7,17,4,7,13
202109140330,17,9,6,0,17,12,1,8,32,7,17,2,8,13,15,10,6,3,19,14,5,10,29,7,16,4,7,13
202109140345,17,9,6,0,18,12,1,9,28,7,17,2,7,13,15,10,6,3,20,13,4,11,26,7,16,4,7,12
202109140400,15,8,7,0,15,10,3,8,26,7,14,7,7,10,13,9,7,2,17,12,6,10,24,7,14,8,7,10
202109140415,14,9,5,0,14,9,3,8,26,6,13,6,8,10,12,10,5,2,16,11,6,10,24,6,13,7,8,9
202109140430,13,7,7,0,14,9,4,8,23,8,12,6,8,11,11,8,7,2,16,10,6,10,22,8,12,8,8,11
202109140445,13,8,6,0,14,9,3,8,25,9,13,6,9,11,11,9,6,2,16,11,5,10,23,9,13,8,9,11
202109140500,14,7,8,0,12,10,5,7,24,8,12,8,7,10,12,8,8,3,14,11,7,9,23,8,12,9,7,10
202109140515,15,9,8,0,13,10,3,7,26,8,12,7,11,9,13,10,8,3,15,11,6,9,24,8,12,8,10,9
202109140530,17,9,7,0,10,11,4,7,25,6,15,7,9,12,15,10,7,3,12,12,6,9,24,6,15,9,9,12
202109140545,24,15,13,0,15,15,8,11,38,9,23,13,12,11,22,16,12,3,17,17,11,13,36,9,22,14,12,11
202109140600,24,16,15,0,21,20,8,15,40,12,26,16,16,15,22,17,14,3,23,21,12,17,37,12,25,17,16,15
202109140615,27,17,15,0,23,22,10,16,39,12,25,20,17,16,25,18,15,4,25,23,13,18,37,12,25,21,17,16
202109140630,32,21,15,0,23,21,9,25,46,15,29,24,22,18,30,22,15,4,25,23,13,26,43,15,29,25,22,18
202109140645,32,18,16,0,28,22,11,32,54,25,27,30,23,19,30,20,16,4,30,25,16,33,50,24,27,31,23,19
202109140700,37,25,21,0,32,24,14,35,55,32,30,29,25,22,35,26,20,4,34,27,18,36,51,31,30,30,25,22
202109140715,38,24,20,0,40,32,14,33,53,28,34,32,26,23,37,25,20,4,41,33,18,34,50,27,34,33,26,23
202109140730,46,25,23,0,44,35,16,46,58,28,34,34,25,28,45,27,23,5,46,36,21,47,54,27,33,36,25,28
202109140745,47,25,21,0,58,33,19,46,58,29,33,40,26,32,46,27,21,5,59,35,23,47,55,28,33,42,27,32
202109140800,50,29,22,0,61,36,18,46,59,32,32,38,28,31,49,31,22,5,62,37,22,47,55,31,32,40,28,31
202109140815,48,32,22,0,60,29,15,43,53,29,29,34,28,21,47,34,21,5,61,31,19,44,50,28,29,35,28,22
202109140830,47,26,21,0,53,24,15,41,52,33,29,32,26,21,46,28,20,5,54,26,19,42,49,32,29,33,26,21
202109140845,45,22,18,0,48,25,11,30,42,33,29,32,28,19,44,24,17,5,49,26,14,31,40,32,29,33,28,19
202109140900,38,25,18,27,49,21,12,32,46,29,28,35,25,19,37,26,17,29,50,23,16,33,43,28,28,35,26,19
202109140915,33,25,18,48,45,20,11,32,39,32,29,31,27,19,32,26,17,49,46,22,14,33,37,30,29,32,27,19
202109140930,31,26,18,49,45,18,7,27,36,33,30,27,23,17,30,27,17,50,46,20,10,28,34,31,30,28,23,17
202109140945,35,25,14,49,48,17,8,33,38,35,30,29,23,16,34,26,14,50,49,19,11,34,36,33,30,29,23,16
202109141000,37,25,16,48,47,16,9,31,41,30,29,29,25,19,36,26,16,49,48,18,12,32,38,28,29,30,25,19
202109141015,36,25,12,47,45,19,7,28,41,31,26,32,22,15,35,26,12,48,46,21,11,29,38,29,26,32,22,15
202109141030,35,28,12,50,44,18,7,29,38,37,28,25,22,12,34,29,11,51,45,20,10,30,35,35,28,25,22,12
202109141045,39,31,11,50,48,19,7,31,37,37,26,29,24,12,38,32,10,51,49,21,10,32,35,35,26,29,24,12
202109141100,38,32,14,52,50,21,7,28,38,36,24,28,24,12,37,33,13,53,51,22,10,29,35,34,25,28,24,12
202109141115,44,29,16,54,53,20,7,32,51,36,27,28,28,13,43,31,15,55,54,23,12,33,47,34,28,28,28,13
202109141130,41,30,18,57,47,25,8,34,45,35,28,26,29,14,40,31,17,58,48,27,12,35,42,33,29,26,28,15
202109141145,44,31,16,60,51,31,8,34,48,40,24,28,26,15,43,32,15,61,52,32,12,35,45,38,25,28,26,15
202109141200,52,35,19,66,55,28,8,38,55,31,28,24,30,15,51,37,18,67,56,30,13,39,51,29,29,25,29,15
202109141215,52,40,15,69,53,29,10,33,57,33,26,28,33,16,51,41,15,70,54,31,15,34,53,31,27,29,32,16
202109141230,49,40,19,62,51,31,11,32,49,31,27,26,32,20,47,41,18,63,52,32,15,33,46,29,28,27,31,20
202109141245,47,37,16,60,52,28,12,29,42,32,23,24,27,16,46,38,16,62,53,29,15,30,39,30,24,25,26,16
202109141300,52,36,18,63,47,28,12,31,47,31,23,24,26,16,50,38,17,65,49,29,16,32,44,30,24,25,25,16
202109141315,41,36,13,63,46,24,12,35,44,29,26,24,34,15,40,37,13,64,47,25,15,36,41,28,27,25,32,15
202109141330,43,40,13,60,48,27,9,34,41,33,27,22,32,16,42,40,13,61,49,28,12,35,38,31,28,23,31,16
202109141345,48,33,12,59,50,26,9,32,38,33,28,22,29,16,47,34,12,60,51,27,12,33,36,31,29,23,28,16
202109141400,44,35,15,60,46,22,11,32,40,30,28,22,27,18,43,36,15,61,47,23,14,33,38,29,28,23,26,18
202109141415,44,30,12,58,43,25,10,29,39,28,27,22,26,16,43,31,12,59,45,26,13,30,37,27,27,23,25,16
202109141430,44,30,14,55,43,21,7,29,37,30,23,20,23,13,43,31,13,56,45,22,10,30,34,28,23,21,22,13
202109141445,43,29,13,51,50,23,9,27,34,32,21,20,23,20,42,30,13,53,51,24,12,29,32,30,22,22,22,20
202109141500,38,28,13,54,52,23,12,28,34,37,22,21,23,23,37,29,13,55,53,24,14,30,32,35,22,23,22,22
202109141515,34,24,12,57,59,23,12,29,37,35,21,25,21,16,34,25,12,58,59,24,15,30,35,33,21,26,21,16
202109141530,37,26,13,57,59,20,13,31,41,35,26,24,19,14,37,27,12,58,59,22,16,32,39,33,26,25,19,14
202109141545,40,28,12,61,56,19,11,28,41,34,24,26,23,16,39,29,12,62,56,21,14,29,39,32,24,27,23,16
202109141600,43,28,11,56,54,21,11,24,45,32,27,26,20,15,42,30,11,57,55,23,15,25,42,30,27,27,20,15
202109141615,40,25,12,48,57,22,13,25,42,34,22,26,21,15,40,27,12,50,57,23,16,26,40,32,22,27,21,15
202109141630,41,28,15,50,60,23,8,37,46,32,21,25,23,17,41,29,15,52,60,25,12,38,43,30,22,26,23,17
202109141645,48,28,18,55,73,25,7,47,44,33,23,36,24,19,48,30,17,57,73,26,11,48,41,31,24,36,25,19
202109141700,55,34,18,62,66,31,10,47,49,32,23,34,20,20,54,36,18,64,67,32,14,48,46,30,23,35,21,20
202109141715,50,36,17,67,64,33,10,57,53,31,24,40,18,23,49,38,17,68,65,34,15,58,49,30,24,41,20,23
202109141730,57,34,18,67,70,28,16,57,53,33,30,43,21,25,57,36,18,69,71,30,20,58,50,32,30,44,23,25
202109141745,63,38,21,60,83,35,15,58,65,42,35,42,24,24,63,40,21,62,83,37,20,59,61,40,34,42,25,24
202109141800,80,42,28,70,94,35,16,62,65,38,39,45,31,23,79,45,27,73,95,37,21,62,61,36,39,45,32,24
202109141815,88,47,29,71,96,39,17,59,72,34,48,40,34,27,87,51,28,75,97,41,23,60,67,33,47,41,34,28
202109141830,93,49,32,80,92,48,17,54,80,36,52,41,38,28,92,53,31,84,93,50,24,55,74,35,51,42,38,29
202109141845,93,60,31,89,91,52,18,49,92,34,49,37,36,31,92,63,30,92,92,54,26,50,85,33,48,39,36,32
202109141900,100,58,32,89,86,52,16,53,86,29,56,39,36,31,98,62,31,93,88,54,24,54,80,28,55,41,36,32
202109141915,106,56,32,84,89,60,19,55,80,29,59,35,36,34,104,60,31,88,92,60,25,56,75,28,57,37,35,35
202109141930,97,57,32,79,93,62,19,55,78,27,60,35,40,36,95,60,32,83,95,62,25,56,73,26,59,37,39,36
202109141945,103,52,32,76,93,59,17,54,82,28,65,36,40,32,101,56,31,81,95,60,24,55,76,27,63,38,39,33
202109142000,102,56,32,87,101,55,19,54,81,30,66,40,38,31,101,60,31,91,102,56,26,55,75,29,64,41,37,32
202109142015,93,58,28,76,94,53,18,51,86,31,66,38,38,33,92,61,28,80,95,55,25,52,80,30,64,40,37,33
202109142030,91,52,30,77,97,51,21,47,86,28,63,39,36,36,90,55,30,80,98,53,28,49,80,28,61,41,36,36
202109142045,89,53,27,80,89,46,20,49,82,25,58,35,35,35,88,56,27,83,90,48,27,51,76,25,56,37,34,35
202109142100,76,50,26,74,82,52,21,47,90,22,57,37,37,38,75,52,26,77,83,54,28,49,84,22,56,39,36,38
202109142115,72,51,32,77,75,54,19,43,95,24,60,35,36,36,70,53,32,80,76,57,27,45,88,24,58,37,35,37
202109142130,73,49,35,83,78,51,18,39,87,27,55,34,42,37,72,51,34,85,79,53,25,41,81,26,54,37,41,38
202109142145,77,51,38,82,75,50,23,32,89,30,60,27,38,41,75,53,37,84,77,53,30,35,83,29,58,31,36,42
202109142200,74,51,41,90,75,48,22,33,92,29,53,32,35,45,73,53,40,91,76,51,29,36,86,28,52,36,34,46
202109142215,73,44,39,90,75,46,18,32,88,26,53,33,39,34,72,47,38,92,76,49,25,34,81,25,52,35,38,35
202109142230,62,36,38,84,70,38,18,33,84,24,52,35,39,32,61,39,37,85,71,42,25,35,78,24,51,37,38,33
202109142245,62,32,36,85,63,35,20,33,85,20,53,32,40,32,61,35,35,86,64,39,27,35,79,20,52,34,39,33
202109142300,58,36,34,82,68,32,20,29,79,22,58,34,39,33,57,38,33,83,69,36,26,31,74,22,57,36,38,34
202109142315,55,36,35,80,65,32,20,27,75,21,54,34,37,33,54,38,34,81,66,35,26,29,70,21,53,36,36,34
202109142330,43,30,29,65,46,27,15,20,59,15,45,26,31,29,41,32,28,66,47,30,20,22,55,15,44,28,30,30
202109142345,39,26,24,57,40,21,14,15,52,13,35,22,28,30,37,28,24,58,42,24,18,17,49,13,35,25,27,30
202109150000,34,24,22,56,34,17,12,17,53,11,32,20,26,22,32,25,21,57,36,20,16,19,49,11,32,22,25,22
202109150015,31,22,19,46,35,17,10,12,48,6,28,18,21,17,29,23,18,47,36,20,14,14,45,6,28,19,20,17
202109150030,31,21,15,43,30,12,7,12,45,8,24,19,21,19,29,22,15,44,32,15,11,14,42,8,24,21,20,19
202109150045,29,22,17,36,25,12,6,12,36,10,19,18,17,14,27,23,16,38,27,14,9,14,34,10,19,19,17,15
202109150100,25,19,18,30,24,12,6,9,37,8,16,19,15,13,23,20,17,32,26,15,9,11,34,8,16,20,15,14
202109150115,21,18,15,31,21,11,5,9,34,6,15,15,13,12,19,19,14,32,23,13,8,11,32,6,15,16,13,12
202109150130,22,19,11,31,16,10,5,7,33,7,15,13,12,14,20,20,11,32,18,12,8,9,31,7,15,15,12,14
202109150145,19,17,11,28,16,9,5,7,33,8,15,11,11,14,17,18,11,30,18,11,8,9,31,8,15,13,11,14
202109150200,19,17,11,24,18,10,7,8,37,6,12,11,13,13,18,18,11,26,20,13,10,10,35,6,12,12,13,13
202109150215,17,16,13,24,19,12,8,5,34,6,12,9,11,11,16,17,12,26,21,14,11,7,32,6,12,10,11,11
202109150230,18,15,13,22,18,9,6,5,32,5,10,10,11,12,17,16,12,24,20,12,9,7,30,5,10,12,11,12
202109150245,19,15,10,19,13,6,5,4,31,6,10,9,10,10,17,16,9,21,15,9,8,6,29,6,10,10,10,10
202109150300,17,15,10,18,14,7,4,3,32,6,11,10,12,12,15,16,10,20,16,10,7,5,30,6,11,11,12,12
202109150315,15,16,8,18,13,7,2,4,31,7,11,3,9,10,13,16,8,19,15,9,5,6,29,7,11,5,8,10
202109150330,14,16,8,21,11,7,2,4,29,9,11,1,10,10,12,16,8,22,13,9,5,6,27,8,11,3,9,10
202109150345,15,15,9,19,11,9,3,3,28,10,10,1,9,10,13,16,9,20,13,11,6,5,26,9,10,3,8,10
202109150400,16,16,8,19,9,8,3,5,26,10,10,8,10,8,14,16,7,21,11,10,5,7,24,10,10,9,10,8
202109150415,14,16,7,16,11,6,4,4,26,6,10,7,10,8,12,16,7,18,13,8,6,6,24,6,10,8,10,8
202109150430,14,15,9,17,11,7,3,7,25,9,10,7,9,8,12,15,8,19,13,9,5,9,23,9,10,8,9,8
202109150445,13,15,9,17,10,8,4,6,23,9,10,8,8,7,11,15,8,18,12,10,6,8,22,9,10,9,8,7
202109150500,15,13,9,16,10,6,4,6,24,7,9,8,8,7,13,14,8,18,12,8,6,8,23,7,9,9,8,7
202109150515,13,14,9,18,11,7,4,8,26,5,10,9,8,7,11,14,8,19,13,9,6,10,24,5,10,10,8,7
202109150530,17,16,11,23,10,5,4,8,23,7,11,12,11,10,15,17,10,24,12,7,6,10,22,7,11,13,11,10
202109150545,26,22,15,30,14,11,6,14,30,8,17,17,15,9,24,23,14,32,16,13,9,15,28,8,17,18,15,10
202109150600,27,23,15,36,19,15,9,20,36,12,20,17,16,12,25,24,14,37,21,17,12,21,34,12,20,18,16,12
202109150615,31,26,15,35,20,14,9,19,41,16,19,19,17,13,29,27,14,37,22,17,12,20,38,15,19,20,17,13
202109150630,31,27,18,37,25,18,10,24,43,18,24,24,21,14,29,28,17,38,27,20,14,25,40,17,24,25,21,15
202109150645,31,29,17,39,27,20,11,31,46,20,25,23,23,15,29,29,16,40,29,22,15,32,43,19,25,24,23,15
202109150700,33,35,23,45,27,23,13,33,52,28,27,25,24,17,31,35,22,46,29,25,17,34,49,27,27,26,24,18
202109150715,32,30,22,49,32,28,13,38,56,29,29,34,24,21,31,30,21,50,34,30,18,39,52,28,29,35,24,22
202109150730,36,31,25,48,32,34,13,48,58,32,29,40,24,23,35,32,24,49,34,36,18,49,54,31,29,40,25,24
202109150745,40,30,26,53,45,32,12,51,61,30,32,43,25,25,39,31,25,54,46,34,17,52,57,29,32,43,26,26
202109150800,43,35,25,57,48,31,16,51,58,35,30,34,29,26,42,36,24,58,49,33,20,52,54,34,30,35,29,27
202109150815,37,32,19,50,46,29,15,38,59,30,25,26,29,22,36,33,19,51,47,31,20,39,55,29,26,27,28,22
202109150830,37,30,17,53,42,25,11,37,50,29,24,24,26,19,36,31,17,54,43,27,15,38,47,28,25,25,25,19
202109150845,38,30,16,48,46,21,11,34,41,25,23,25,25,18,37,31,16,49,47,23,14,35,39,24,24,26,25,18
202109150900,37,32,15,49,49,20,11,37,40,26,20,23,23,17,36,33,15,50,50,22,14,38,38,25,21,24,23,17
202109150915,34,28,18,48,46,21,10,34,42,30,22,23,25,15,33,29,17,49,47,23,13,35,39,29,23,24,24,15
202109150930,34,23,18,51,53,18,9,37,36,33,20,22,29,17,34,24,17,52,53,19,12,38,34,31,22,23,28,17
202109150945,36,23,12,51,45,20,9,38,37,35,20,26,32,17,35,25,12,52,46,21,12,39,35,33,22,27,31,17
202109151000,39,25,12,53,48,23,12,32,38,32,25,29,32,15,38,26,12,54,49,24,15,33,36,31,26,29,31,15
202109151015,36,26,15,48,43,20,9,36,45,32,22,26,30,15,35,27,14,49,44,22,13,37,42,30,23,27,29,15
202109151030,33,21,14,50,42,21,7,31,44,35,18,27,32,14,32,22,14,51,43,23,11,32,41,33,20,27,31,14
202109151045,36,23,14,54,46,25,6,35,37,36,18,26,28,16,35,24,14,55,47,26,9,36,34,34,20,27,27,16
202109151100,45,28,16,55,43,24,6,38,37,34,18,27,27,14,43,30,15,57,45,25,9,39,35,32,19,27,26,14
202109151115,44,28,19,54,43,24,9,37,37,34,19,27,32,12,42,30,18,56,45,25,12,38,35,32,21,27,31,13
202109151130,43,31,16,54,49,22,10,35,43,31,21,29,29,13,42,32,15,55,50,24,14,36,40,30,22,29,29,13
202109151145,46,35,17,55,51,22,11,38,44,35,20,28,29,14,45,36,16,56,52,24,15,39,41,33,21,28,28,15
202109151200,45,40,17,58,50,22,11,39,47,34,20,22,35,16,44,41,16,59,51,24,15,40,44,32,22,23,33,16
202109151215,54,45,18,59,44,23,12,41,56,36,19,26,37,18,52,46,17,61,46,26,17,42,52,34,21,27,35,18
202109151230,56,50,16,59,44,25,11,39,52,35,22,25,31,17,54,50,16,61,46,27,15,40,49,33,24,26,30,17
202109151245,50,43,14,50,49,22,12,34,52,33,21,23,32,16,49,44,14,52,51,25,16,35,48,32,23,24,31,16
202109151300,44,43,12,46,41,21,11,32,54,32,18,26,29,14,42,43,12,48,43,24,16,33,50,30,20,26,28,14
202109151315,42,38,16,48,44,22,11,30,51,29,20,28,25,14,40,38,15,50,46,24,15,31,48,28,21,28,25,14
202109151330,43,37,13,50,44,22,10,34,48,31,18,25,23,15,42,38,13,52,46,24,14,35,45,29,19,26,23,15
202109151345,40,32,10,45,46,25,7,33,48,29,19,24,23,14,39,33,10,47,47,27,12,34,44,27,20,25,22,14
202109151400,43,34,14,50,46,29,7,33,36,29,19,25,30,16,41,35,14,52,47,29,10,34,34,27,21,26,29,16
202109151415,42,28,15,58,49,22,9,31,43,34,22,26,32,14,41,29,14,59,50,24,13,32,40,32,24,26,31,14
202109151430,41,26,11,55,53,22,10,31,40,34,19,26,32,15,40,28,11,56,54,23,13,32,38,32,21,27,31,15
202109151445,37,28,13,55,51,24,9,29,39,31,16,28,33,17,37,29,13,56,52,25,12,30,37,29,18,29,32,17
202109151500,38,28,16,55,52,30,8,28,42,30,19,26,29,14,38,29,15,56,53,30,12,29,39,28,21,27,28,14
202109151515,47,25,17,59,56,29,8,29,38,27,18,25,22,14,46,27,16,60,57,29,11,30,36,26,19,26,22,14
202109151530,47,25,17,65,55,26,8,29,42,26,21,24,21,15,46,27,16,66,56,27,12,30,39,25,21,25,21,15
202109151545,37,25,21,57,57,24,11,29,42,30,19,18,23,16,37,26,20,58,57,25,14,30,40,29,20,19,22,17
202109151600,46,31,19,52,59,22,8,32,43,29,20,25,28,17,45,32,18,54,60,24,12,33,40,28,21,26,27,18
202109151615,41,28,18,56,58,25,8,38,38,32,19,22,29,17,40,29,17,57,58,26,11,39,36,30,21,23,28,17
202109151630,48,27,17,55,59,28,11,44,42,30,20,30,31,16,47,29,16,57,60,29,14,45,39,29,22,30,30,16
202109151645,51,27,19,57,63,28,11,47,43,34,25,38,25,19,50,29,18,59,64,29,14,48,40,32,25,38,26,19
202109151700,60,30,19,55,63,28,11,44,47,30,29,32,27,17,59,33,18,58,64,29,15,45,44,29,29,32,27,17
202109151715,53,29,19,58,69,30,10,51,50,31,31,40,28,19,52,31,18,60,69,31,14,52,47,30,31,40,29,19
202109151730,55,36,18,56,69,27,10,52,53,29,35,43,28,22,54,38,18,58,69,29,15,53,49,28,35,43,29,22
202109151745,60,36,25,59,77,32,16,52,65,30,38,46,29,18,60,38,24,61,77,34,21,53,61,29,38,45,30,19
202109151800,73,44,29,61,93,40,17,56,65,33,39,46,32,23,73,47,28,64,93,41,22,57,61,32,39,46,33,24
202109151815,82,42,30,63,103,41,18,52,70,28,44,39,34,26,82,45,29,67,103,43,24,53,65,27,44,40,34,27
202109151830,87,38,26,69,94,44,18,55,69,27,48,45,36,26,86,42,25,73,95,45,23,56,65,26,47,46,36,27
202109151845,92,43,31,79,88,41,18,66,75,34,53,48,37,30,91,48,30,83,90,43,24,67,70,33,52,49,37,31
202109151900,103,56,28,74,88,47,20,79,83,41,55,44,41,28,101,60,27,79,90,49,27,79,77,40,54,45,40,29
202109151915,101,56,33,81,88,54,21,62,87,33,60,46,39,28,99,60,32,85,90,56,28,63,81,32,59,47,39,29
202109151930,99,55,32,88,91,54,21,51,86,32,57,43,42,31,97,59,31,91,93,56,28,52,80,31,56,44,41,32
202109151945,98,59,34,82,87,52,21,50,83,31,54,46,40,33,96,62,33,86,89,54,28,51,77,30,53,47,40,34
202109152000,108,66,33,83,86,48,22,52,74,29,56,49,40,36,106,70,32,87,89,49,28,53,69,28,55,50,40,37
202109152015,104,61,38,83,82,44,19,47,82,29,48,47,36,36,102,65,37,87,85,47,26,49,76,28,47,49,36,37
202109152030,90,54,37,90,79,47,17,47,82,30,57,47,36,34,88,57,36,93,81,49,24,49,76,29,56,48,36,35
202109152045,81,52,30,88,73,49,18,45,82,33,51,48,36,36,79,54,30,90,75,51,25,47,76,32,50,50,36,36
202109152100,84,49,33,93,76,47,21,38,78,31,59,48,36,39,82,52,33,95,78,49,27,40,73,30,57,50,36,39
202109152115,83,48,33,89,84,47,22,36,80,31,48,47,39,44,82,51,33,91,85,49,28,39,75,30,48,50,39,44
202109152130,84,49,37,92,75,53,20,36,77,29,45,43,41,44,82,52,37,94,77,54,26,39,72,28,45,46,40,44
202109152145,80,45,33,92,80,47,20,38,78,29,49,40,38,38,79,48,33,94,82,49,26,40,73,28,49,42,38,38
202109152200,80,43,35,90,79,50,23,33,77,26,43,41,37,35,79,46,34,92,81,51,29,35,72,26,43,43,37,36
202109152215,66,42,43,84,68,43,20,32,76,23,45,38,42,32,65,44,41,85,69,45,26,34,71,23,45,40,41,34
202109152230,68,38,40,79,64,43,18,32,73,22,42,34,36,32,66,41,39,81,66,45,24,34,68,22,42,36,35,34
202109152245,68,36,30,91,67,45,15,34,62,21,41,33,38,34,66,39,30,92,69,46,20,36,58,20,41,35,37,34
202109152300,64,36,29,88,66,40,14,33,65,20,40,28,42,33,63,39,29,89,67,41,20,35,61,19,41,31,40,33
202109152315,62,30,25,81,58,36,14,30,67,16,37,27,38,33,60,33,25,82,60,38,20,32,62,16,38,30,36,33
202109152330,47,25,18,68,42,27,11,24,59,15,23,23,26,28,45,27,18,69,44,30,16,26,55,15,24,25,25,28
202109152345,37,22,24,57,36,25,8,19,48,12,35,22,28,30,36,23,24,58,38,27,12,21,45,12,35,25,27,30
202109160000,34,24,22,56,34,17,12,17,53,11,32,20,26,22,33,25,21,57,36,20,16,19,49,11,32,22,25,22
202109160015,31,22,19,46,35,17,10,12,48,6,28,18,21,17,30,23,18,47,36,20,14,14,45,6,28,19,20,17
202109160030,31,21,15,43,30,12,7,12,45,8,24,19,21,19,29,22,15,44,32,15,11,14,42,8,24,21,20,19
202109160045,29,22,17,36,25,12,6,12,36,10,19,18,17,14,27,23,16,37,27,14,9,14,34,10,19,19,17,14
202109160100,25,19,18,30,24,12,6,9,37,8,16,19,15,13,24,20,17,32,26,14,9,11,35,8,16,20,15,14
202109160115,21,18,15,31,21,11,5,9,34,6,15,15,13,12,19,19,14,32,23,13,8,11,32,6,15,16,13,12
202109160130,22,19,11,31,16,10,5,7,33,7,15,13,12,14,20,20,11,32,18,12,8,9,31,7,15,14,12,14
202109160145,19,17,11,28,16,9,5,7,33,8,15,11,11,14,18,18,11,29,18,11,8,9,31,8,15,13,11,14
202109160200,19,17,11,24,18,10,7,8,37,6,12,11,13,13,18,18,10,25,20,13,10,10,35,6,12,13,13,13
202109160215,17,16,13,24,19,12,8,5,34,6,12,9,11,11,16,16,12,25,20,14,11,7,32,6,12,10,11,11
202109160230,18,15,13,22,18,9,6,5,32,5,10,10,11,12,16,16,12,23,20,11,9,7,30,5,10,11,11,12
202109160245,19,15,10,19,13,6,5,4,31,6,10,9,10,10,17,16,9,21,15,9,8,6,29,6,10,10,10,10
202109160300,17,15,10,18,14,7,4,3,32,6,11,10,12,12,15,16,10,20,16,9,7,5,30,6,11,11,12,12
202109160315,15,16,8,18,13,7,2,4,31,7,11,3,9,10,13,16,8,19,15,9,5,6,29,7,11,5,8,10
202109160330,14,16,8,21,11,7,2,4,29,9,11,1,10,10,12,16,8,22,13,9,5,6,27,8,11,3,9,10
202109160345,15,15,9,19,11,9,3,3,28,10,10,1,9,10,13,15,8,21,13,11,6,5,26,10,10,3,8,10
202109160400,16,16,8,19,9,8,3,5,26,10,10,8,10,8,14,16,7,21,11,10,5,7,24,9,10,9,10,8
202109160415,14,16,7,16,11,6,4,4,26,6,10,7,10,8,12,16,7,18,13,8,6,6,24,6,10,8,10,8
202109160430,14,15,9,17,11,7,3,7,25,9,10,7,9,8,12,15,8,19,13,9,5,9,23,8,10,8,9,8
202109160445,13,15,9,17,10,8,4,6,23,9,10,8,8,7,11,15,8,19,12,10,6,8,22,9,10,9,8,7
202109160500,15,13,9,16,10,6,4,6,24,7,9,8,8,7,13,14,8,18,12,8,6,8,23,7,9,9,8,7
202109160515,13,14,9,18,11,7,4,8,26,5,10,9,8,7,11,14,8,20,13,9,6,10,24,5,10,10,8,7
202109160530,17,16,11,23,10,5,4,8,23,7,11,12,11,10,15,17,10,24,12,7,6,10,22,7,11,13,11,10
202109160545,26,22,15,30,14,11,6,14,30,8,17,17,15,9,24,23,14,32,16,13,9,15,28,8,17,18,15,10
202109160600,27,23,15,36,19,15,9,20,36,12,20,17,16,12,25,24,14,37,21,17,12,21,34,12,20,18,16,12
202109160615,31,26,15,35,20,14,9,19,41,16,19,19,17,13,29,27,14,37,22,16,12,20,38,15,19,20,17,13
202109160630,31,27,18,37,25,18,10,24,43,18,24,24,21,14,29,28,17,39,27,20,13,25,40,17,24,25,21,15
202109160645,31,29,17,39,27,20,11,31,46,20,25,23,23,15,29,29,16,40,29,22,15,32,43,19,25,24,22,15
202109160700,33,35,23,45,27,23,13,33,52,28,27,25,24,17,31,35,22,46,29,25,17,34,49,27,27,26,24,18
202109160715,32,30,22,49,32,28,13,38,56,29,29,34,24,21,30,30,21,50,34,30,17,39,52,28,29,35,24,21
202109160730,36,31,25,48,32,34,13,48,58,32,29,40,24,23,34,32,24,49,34,36,18,49,54,31,29,40,25,24
202109160745,40,30,26,53,45,32,12,51,61,30,32,43,25,25,38,31,25,54,46,34,17,52,57,29,32,43,26,26
202109160800,43,35,25,57,48,31,16,51,58,35,30,34,29,26,42,36,24,58,49,33,20,52,54,34,30,35,29,26
202109160815,37,32,19,50,46,29,15,38,59,30,25,26,29,22,36,33,19,51,47,31,20,39,55,29,26,28,28,22
202109160830,37,30,17,53,42,25,11,37,50,29,24,24,26,19,36,31,17,54,43,27,15,38,47,28,25,25,25,19
202109160845,38,30,16,48,46,21,11,34,41,25,23,25,25,18,37,31,16,50,47,23,14,35,39,24,24,26,25,18
202109160900,37,32,15,49,49,20,11,37,40,26,20,23,23,17,36,33,15,50,50,22,14,38,38,25,21,24,23,17
202109160915,34,28,18,48,46,21,10,34,42,30,22,23,25,15,33,29,17,49,47,23,13,35,39,29,23,24,24,16
202109160930,34,31,14,50,47,19,6,32,50,24,18,24,23,17,33,32,14,51,48,22,11,33,46,23,19,25,23,17
202109160945,37,27,11,50,42,20,6,31,42,24,18,25,20,17,36,28,11,51,43,22,10,32,39,23,19,26,20,17
202109161000,33,25,11,56,46,24,5,33,43,25,19,26,17,13,32,26,10,56,47,25,9,34,40,24,19,26,17,13
202109161015,37,26,13,53,48,22,6,31,36,29,19,25,21,16,36,27,13,54,49,23,9,32,34,27,20,26,21,16
202109161030,39,24,13,48,42,20,6,32,38,30,24,28,23,15,38,26,13,50,43,21,9,33,35,28,24,28,23,15
202109161045,42,27,14,55,42,17,6,34,33,29,21,25,26,16,41,29,14,56,44,18,9,35,31,27,22,26,25,16
202109161100,43,28,15,56,47,19,10,33,35,30,22,20,29,14,42,30,14,57,48,20,13,34,33,28,23,21,28,14
202109161115,43,29,14,56,43,18,10,31,37,30,22,17,25,14,42,31,13,58,45,20,13,32,35,28,23,18,24,14
202109161130,41,31,13,55,38,25,8,30,44,31,21,20,26,19,39,32,13,56,40,26,12,31,41,29,22,22,25,19
202109161145,49,37,14,62,44,29,12,36,47,30,18,17,31,20,47,38,14,64,46,30,16,37,44,29,20,19,29,20
202109161200,52,57,18,73,52,30,11,35,52,36,19,17,29,20,51,56,18,74,54,31,15,36,49,34,21,19,27,20
202109161215,56,50,16,69,55,33,9,31,50,29,19,19,26,18,54,51,16,70,57,34,13,32,46,28,20,20,25,18
202109161230,63,47,16,66,47,33,9,29,47,35,19,22,28,17,61,48,15,68,50,34,13,30,44,33,20,23,27,17
202109161245,55,42,14,66,43,31,6,25,40,31,16,26,29,18,53,43,14,67,45,31,10,27,37,29,18,27,28,18
202109161300,54,37,13,66,43,27,5,28,45,30,18,25,28,22,52,39,13,67,45,28,9,30,42,28,20,26,27,22
202109161315,54,39,13,56,47,25,7,24,40,26,20,21,26,21,52,40,13,58,49,26,11,26,37,25,21,23,25,21
202109161330,48,35,13,51,52,23,9,27,43,26,18,22,25,19,47,36,13,53,53,25,13,29,40,25,19,23,24,19
202109161345,44,34,13,49,53,22,7,31,42,26,17,18,26,21,43,35,13,51,54,24,11,32,39,25,18,20,25,21
202109161400,50,32,15,56,52,22,6,26,40,32,17,22,31,18,48,34,15,58,53,23,10,27,37,30,19,23,30,18
202109161415,47,31,16,60,52,22,9,29,43,28,18,20,25,17,46,33,15,61,53,24,13,30,40,27,19,21,24,17
202109161430,42,32,17,56,47,18,11,28,44,28,16,19,26,17,41,33,16,57,48,20,15,29,41,27,18,20,25,17
202109161445,46,31,17,58,52,18,9,26,48,28,19,21,25,14,45,33,16,59,53,21,13,27,45,27,20,22,24,14
202109161500,45,31,16,59,59,18,7,26,48,32,19,22,30,13,44,32,15,60,60,21,11,27,44,30,21,23,29,14
202109161515,45,27,15,56,57,23,9,29,48,31,21,24,26,12,44,29,14,57,58,25,13,30,45,29,22,24,25,12
202109161530,47,30,16,58,55,22,6,26,47,32,22,25,23,14,46,32,15,59,56,24,10,27,43,30,22,26,23,14
202109161545,42,33,12,57,60,23,8,33,45,34,25,23,26,13,41,34,12,58,60,25,12,34,42,32,26,24,25,13
202109161600,45,34,14,60,66,21,9,32,43,38,27,27,26,12,45,35,13,61,66,23,13,33,40,36,27,27,25,12
202109161615,51,34,15,62,69,19,9,32,43,37,24,30,28,17,51,36,15,64,69,21,13,33,40,35,25,31,28,17
202109161630,52,31,17,57,66,23,9,38,50,36,26,33,30,15,51,33,16,59,67,25,13,39,46,34,27,33,30,15
202109161645,55,40,18,60,64,24,10,49,55,35,28,44,23,19,54,41,17,62,65,26,15,50,51,33,28,44,25,19
202109161700,66,43,22,65,71,29,9,55,61,34,31,38,26,22,65,45,21,67,72,31,15,55,56,32,31,39,27,23
202109161715,62,47,18,69,78,27,9,56,59,34,30,44,31,20,61,48,18,71,78,30,14,56,55,32,31,44,31,20
202109161730,63,42,18,64,79,25,10,57,58,33,34,47,32,22,62,44,18,66,79,28,15,57,54,31,34,47,33,22
202109161745,68,40,22,71,98,27,12,61,60,34,41,51,34,21,68,43,21,73,97,30,17,61,56,32,41,51,35,22
202109161800,93,44,25,81,112,32,14,59,65,34,49,50,37,21,93,48,24,85,112,35,19,59,60,32,48,50,37,22
202109161815,99,55,27,89,118,39,17,56,70,38,53,47,41,30,99,59,26,92,118,41,23,57,65,37,52,48,41,30
202109161830,98,57,31,89,126,43,15,57,74,36,53,49,34,29,98,60,30,92,125,45,21,58,69,35,52,50,35,30
202109161845,95,55,30,85,110,43,18,57,69,37,53,41,39,34,94,58,30,88,110,45,23,58,65,36,52,43,38,34
202109161900,101,67,33,84,111,54,16,55,82,35,58,39,39,34,100,70,32,88,112,55,23,56,76,34,57,41,38,35
202109161915,103,70,33,92,107,56,13,45,75,35,65,38,39,34,102,73,32,96,108,56,20,47,69,33,63,40,38,35
202109161930,98,62,33,83,108,58,15,45,70,33,69,49,47,33,97,65,32,87,109,58,21,47,65,32,67,50,46,34
202109161945,115,65,32,85,92,51,18,50,68,32,72,52,40,31,113,69,31,90,95,51,23,51,64,31,69,53,40,32
202109162000,118,61,34,91,95,50,18,49,72,29,69,48,43,33,115,66,33,96,98,51,24,50,67,28,67,49,43,34
202109162015,111,50,37,87,90,49,19,50,80,27,74,44,40,35,108,55,36,91,93,51,25,51,74,26,71,46,40,36
202109162030,108,52,38,95,90,54,17,42,79,29,76,46,38,37,106,57,37,99,93,55,24,44,73,28,73,48,38,38
202109162045,103,52,37,92,78,50,16,44,79,31,75,46,39,35,101,56,36,96,81,52,23,46,73,30,72,47,39,36
202109162100,96,52,38,99,87,49,16,45,77,34,70,42,41,34,94,56,37,102,89,51,23,47,71,33,68,44,40,35
202109162115,90,49,40,86,82,41,19,41,75,35,60,34,42,36,88,53,39,89,84,43,25,43,70,34,59,36,40,37
202109162130,87,53,46,99,75,45,21,40,72,36,63,34,42,44,85,56,45,101,77,46,26,42,67,35,62,37,41,45
202109162145,79,49,43,96,74,46,23,40,70,27,61,34,38,42,77,52,42,98,76,47,28,42,66,27,59,37,37,43
202109162200,77,51,39,96,77,44,20,41,71,19,61,39,35,43,76,53,38,97,78,46,25,43,67,19,59,42,35,44
202109162215,71,47,40,100,74,48,21,42,69,23,63,36,39,42,70,49,39,101,75,49,26,44,65,23,61,39,38,43
202109162230,71,45,31,98,68,41,17,43,68,21,57,36,40,39,70,47,31,99,70,42,22,45,63,21,56,39,39,39
202109162245,61,44,28,99,74,33,15,35,70,24,55,40,35,39,60,46,28,99,75,36,21,37,65,23,53,43,35,39
202109162300,56,45,25,98,73,32,14,33,72,25,49,37,36,36,55,46,25,98,73,35,20,35,67,24,48,39,35,36
202109162315,55,39,23,89,75,34,16,30,69,22,44,31,29,32,55,40,23,89,75,37,22,32,64,22,43,33,29,32
202109162330,44,35,21,74,53,28,14,21,54,18,40,23,24,30,43,36,21,75,54,30,18,23,51,18,39,26,23,30
202109162345,44,31,18,66,39,29,10,17,49,16,36,21,19,29,42,32,18,67,41,30,14,19,46,15,35,23,19,28
202109170000,43,27,19,60,35,23,7,14,49,16,34,16,15,31,41,29,19,61,37,25,11,17,45,15,32,19,15,30
202109170015,39,25,17,52,33,21,7,15,49,16,30,17,17,23,37,27,17,53,35,23,12,17,45,15,29,19,17,23
202109170030,37,26,16,47,29,17,5,12,46,14,26,16,16,18,35,27,16,48,31,20,9,14,43,13,25,18,16,18
202109170045,31,26,12,42,25,18,6,13,41,14,28,15,12,18,29,27,12,43,27,20,10,15,38,13,27,17,12,18
202109170100,32,25,13,39,26,18,4,11,41,13,26,15,11,19,30,26,13,41,28,20,8,13,38,12,25,17,11,19
202109170115,27,23,14,35,28,16,6,8,38,12,20,17,9,20,25,24,14,36,30,18,9,10,35,12,19,19,10,20
202109170130,27,19,14,35,25,16,5,8,38,11,17,17,10,18,25,20,14,36,27,18,9,10,35,11,17,19,10,18
202109170145,24,20,14,34,22,14,5,8,34,10,16,16,9,15,22,21,14,35,24,16,8,10,32,10,15,17,9,15
202109170200,23,19,13,29,23,15,4,10,33,10,17,15,8,15,21,20,13,30,25,17,7,12,31,9,16,16,9,15
202109170215,21,20,13,29,20,13,3,7,33,10,15,13,10,15,19,21,13,30,22,15,6,9,31,9,15,15,10,15
202109170230,19,16,12,30,18,11,3,6,30,6,16,14,12,17,17,17,12,31,20,13,6,8,28,6,16,16,12,17
202109170245,19,16,14,26,18,11,4,6,28,6,12,13,10,14,17,17,14,27,20,13,7,8,26,6,12,14,10,14
202109170300,20,14,12,24,17,11,3,7,29,7,14,11,8,16,18,15,12,26,19,13,6,9,27,7,14,13,8,16
202109170315,20,12,9,24,15,10,2,7,29,7,15,2,8,12,18,13,9,26,17,12,5,9,27,7,15,4,7,12
202109170330,17,11,10,23,12,10,3,8,30,6,13,1,8,13,15,12,10,24,14,12,6,10,28,6,13,3,7,13
202109170345,16,11,11,24,15,9,2,7,29,6,17,1,8,11,14,12,11,25,17,11,5,9,27,6,16,3,7,11
202109170400,16,10,11,23,13,10,3,8,30,7,12,9,9,8,14,11,10,24,15,12,6,10,28,7,12,10,9,8
202109170415,17,9,8,26,14,9,2,8,26,6,15,7,9,9,15,10,7,27,16,11,5,10,24,6,15,8,9,9
202109170430,16,11,9,26,13,8,3,8,26,6,15,8,9,13,14,12,9,27,15,10,6,10,24,6,15,10,9,13
202109170445,18,10,8,27,11,9,4,8,27,5,14,8,7,12,16,11,8,28,13,11,6,10,25,5,13,10,7,12
202109170500,17,11,10,25,10,7,3,7,26,5,12,9,7,12,15,12,10,27,12,9,6,9,24,5,12,11,7,12
202109170515,19,9,10,23,12,9,5,8,24,5,11,10,7,12,17,10,10,25,14,10,7,10,23,5,11,11,7,12
202109170530,17,9,10,27,11,11,6,7,29,6,15,11,7,12,15,10,10,28,13,13,8,9,27,6,14,12,7,12
202109170545,28,15,13,35,16,14,7,15,35,10,21,16,13,13,26,17,12,37,18,16,10,17,33,10,20,17,13,13
202109170600,31,17,15,41,20,18,8,15,37,11,24,19,17,14,29,19,14,42,22,20,11,17,35,11,24,20,17,14
202109170615,30,20,14,46,26,19,9,19,44,14,22,18,24,15,28,21,14,47,28,21,13,21,41,14,23,19,23,15
202109170630,28,26,15,45,26,19,10,29,45,17,23,24,23,17,26,27,15,46,28,21,14,30,42,17,23,25,23,17
202109170645,32,25,19,47,27,22,12,36,47,20,28,28,24,17,30,26,18,48,29,24,16,37,44,20,28,29,24,18
202109170700,37,25,20,55,32,27,10,38,57,27,32,30,26,20,35,26,19,56,34,29,15,39,53,26,32,31,26,20
202109170715,36,27,18,57,41,27,9,36,64,29,34,37,24,21,35,28,18,58,42,30,15,37,59,28,33,37,25,21
202109170730,45,33,22,62,44,33,10,47,64,28,34,42,25,25,43,34,22,63,46,35,16,48,59,27,33,43,26,25
202109170745,44,37,20,59,51,32,10,47,57,32,30,41,28,24,43,38,20,60,52,34,15,48,53,31,30,42,29,24
202109170800,46,37,22,63,58,35,9,45,62,39,30,35,30,27,45,38,22,64,59,37,15,46,57,37,30,36,30,27
202109170815,42,35,21,59,59,29,11,39,55,31,28,34,33,21,41,36,20,60,59,31,16,40,51,30,29,35,33,21
202109170830,42,32,21,58,59,25,11,35,54,29,25,27,29,20,41,33,20,59,59,27,16,36,50,28,26,28,28,20
202109170845,38,30,22,55,52,23,9,36,47,28,26,25,29,22,37,31,21,56,53,25,13,37,44,27,27,26,28,22
202109170900,35,24,20,51,47,22,11,37,45,27,25,27,32,20,34,25,19,52,48,24,15,38,42,26,26,28,31,20
202109170915,33,28,21,53,49,23,9,32,43,26,27,24,32,19,32,29,20,54,49,25,13,33,40,25,28,25,31,20
202109170930,29,29,24,56,52,22,8,30,44,31,24,26,28,19,29,29,23,57,52,24,12,31,41,29,25,27,27,20
202109170945,30,28,23,59,53,19,11,33,40,25,21,25,23,19,30,29,22,59,53,21,14,34,38,24,22,26,23,20
202109171000,33,26,19,61,58,18,10,37,43,26,24,29,23,23,33,27,19,61,58,20,14,38,40,25,24,30,23,23
202109171015,35,28,16,54,58,18,9,35,46,32,26,31,23,21,35,29,16,55,58,21,13,36,43,30,26,32,23,21
202109171030,35,30,14,53,61,20,8,33,42,34,25,32,26,21,35,31,14,54,61,22,12,34,39,32,26,33,26,21
202109171045,34,29,17,59,59,21,7,36,38,32,26,28,25,19,34,30,17,59,59,22,10,37,35,30,26,29,25,19
202109171100,33,30,17,55,58,18,8,33,35,29,26,30,27,17,33,30,16,56,58,19,11,34,33,27,27,30,27,17
202109171115,44,32,19,59,60,23,8,33,38,30,23,30,27,17,43,33,18,60,60,24,11,34,36,28,24,30,27,17
202109171130,44,32,20,57,59,22,8,34,39,34,26,28,30,19,43,33,19,58,60,23,11,35,36,32,27,29,29,19
202109171145,47,43,18,61,62,27,9,38,40,34,27,27,37,21,46,43,18,62,62,28,12,39,38,32,29,28,35,21
202109171200,57,55,20,72,61,33,10,39,52,31,33,30,36,21,56,55,20,73,62,34,14,40,49,30,34,31,35,21
202109171215,59,57,20,73,59,40,10,39,49,29,26,26,35,20,58,57,19,74,60,40,14,40,46,28,28,27,34,20
202109171230,60,53,17,73,64,35,11,32,51,28,23,27,35,24,59,54,17,74,65,36,15,34,48,27,25,29,34,24
202109171245,57,57,18,71,64,28,13,36,49,30,22,25,35,22,56,57,18,72,65,29,17,37,46,29,24,27,34,22
202109171300,61,51,19,65,62,32,11,29,50,30,18,24,35,18,60,52,18,67,63,33,15,30,47,29,20,25,33,19
202109171315,60,44,19,66,63,30,8,31,47,32,22,19,38,14,59,46,18,68,64,31,12,32,44,30,24,20,36,15
202109171330,56,44,15,65,66,25,8,31,44,29,26,20,33,13,55,45,14,67,67,26,12,32,41,27,27,21,31,13
202109171345,55,43,18,55,62,24,8,35,41,28,25,20,32,15,54,44,17,57,63,25,12,36,38,27,26,21,30,15
202109171400,58,37,16,55,54,19,9,33,38,30,25,23,28,15,56,39,15,58,56,20,12,34,36,29,26,24,27,15
202109171415,53,40,16,57,54,28,9,37,41,27,24,21,32,14,52,41,15,59,55,29,12,38,39,26,25,22,30,14
202109171430,52,42,17,55,59,28,12,32,40,30,22,21,38,15,51,43,16,57,60,28,15,33,38,29,24,22,36,15
202109171445,46,41,17,60,56,25,11,30,39,35,22,21,34,16,45,41,16,61,57,26,14,31,37,33,24,22,32,16
202109171500,42,43,17,59,56,27,12,34,47,31,21,23,30,18,41,43,16,60,57,28,16,35,44,30,23,24,29,18
202109171515,40,39,15,58,56,25,11,36,47,27,22,26,35,18,39,39,15,59,56,27,15,37,44,26,24,27,34,18
202109171530,42,32,14,52,55,25,12,36,44,29,26,23,31,18,41,33,14,54,56,26,15,37,41,28,27,24,30,18
202109171545,41,33,16,54,54,24,13,37,42,31,24,24,32,16,40,34,15,55,55,25,16,38,40,30,25,25,31,16
202109171600,44,31,16,54,58,25,13,38,42,25,24,29,30,12,43,32,15,56,59,26,16,39,40,24,25,29,29,12
202109171615,44,34,14,53,56,25,15,41,40,28,24,27,28,13,43,35,13,55,57,26,18,42,38,27,25,27,28,13
202109171630,46,37,18,58,60,24,12,48,43,28,28,29,26,15,45,38,17,60,61,25,15,48,40,27,28,29,26,15
202109171645,49,36,20,61,60,25,12,54,49,35,28,39,30,19,48,37,19,63,61,27,16,54,46,33,29,39,30,19
202109171700,53,37,24,66,68,31,10,57,56,34,29,44,29,23,52,38,23,68,69,33,15,57,52,32,29,44,30,23
202109171715,61,47,25,63,81,31,9,57,54,32,34,49,28,26,61,48,24,65,81,32,14,58,50,30,34,49,29,26
202109171730,74,52,26,61,98,30,10,56,56,32,37,54,26,23,74,54,25,64,98,32,15,57,52,30,36,53,28,24
202109171745,72,51,32,64,110,39,14,58,65,37,43,52,31,24,73,53,31,67,109,40,19,59,60,35,42,52,32,25
202109171800,75,57,34,62,109,44,12,63,63,40,51,47,32,25,75,58,33,65,108,45,17,63,58,38,50,47,33,26
202109171815,92,54,31,68,122,40,15,61,63,41,51,48,34,26,92,57,30,72,121,41,20,62,59,39,50,48,35,27
202109171830,93,62,29,78,122,50,16,57,72,44,51,44,32,23,93,65,28,82,121,51,22,58,67,42,50,44,33,24
202109171845,104,65,29,85,128,57,22,52,72,43,55,41,37,25,104,68,28,89,128,57,27,53,68,41,54,42,37,26
202109171900,102,66,27,89,120,55,19,55,71,35,60,44,37,31,102,69,27,93,120,55,24,56,67,34,58,45,37,31
202109171915,114,66,27,91,122,52,19,55,73,29,62,37,37,33,113,70,27,95,123,52,25,56,68,28,60,39,36,33
202109171930,121,62,27,92,120,50,20,55,79,28,71,44,37,36,120,67,27,97,121,51,26,56,74,27,68,46,37,36
202109171945,127,62,30,89,117,52,19,46,85,26,78,45,37,37,125,67,30,94,119,54,26,48,79,25,74,47,37,37
202109172000,131,68,34,89,117,55,17,46,81,26,73,51,36,37,129,73,34,95,119,56,24,48,75,25,70,52,37,38
202109172015,118,67,33,84,110,55,15,48,82,28,71,49,39,41,116,71,33,89,112,56,22,50,76,27,68,51,39,41
202109172030,111,64,33,91,95,49,21,48,87,22,75,45,39,42,109,68,33,95,97,51,28,50,81,22,72,47,39,42
202109172045,109,64,34,92,94,53,18,42,80,24,69,42,42,37,107,68,33,96,96,54,25,44,75,23,67,44,41,38
202109172100,89,56,40,96,91,58,18,45,84,23,67,40,38,42,88,59,39,98,92,59,25,47,78,22,65,43,37,43
202109172115,87,57,40,99,95,53,18,39,80,24,65,38,40,44,86,59,40,101,96,54,25,41,74,23,63,41,39,45
202109172130,88,51,34,85,88,54,20,41,77,29,59,42,39,42,87,54,34,88,89,55,26,43,72,28,58,44,39,42
202109172145,76,47,35,90,87,53,23,34,82,23,60,36,35,41,75,49,35,92,88,54,29,36,77,23,58,39,34,41
202109172200,74,48,32,93,88,47,23,34,91,26,64,36,38,41,74,50,32,95,88,50,30,36,85,26,62,39,37,41
202109172215,69,44,28,98,87,48,22,35,92,22,63,38,40,39,69,46,28,99,87,51,29,37,86,22,61,41,39,39
202109172230,71,42,34,97,74,44,19,38,90,24,56,40,39,37,70,45,33,98,75,47,27,40,83,24,55,42,38,38
202109172245,67,42,29,103,70,39,19,39,83,20,59,36,39,37,66,44,29,103,71,42,26,41,77,20,58,38,38,37
202109172300,65,42,23,93,67,40,19,32,79,19,58,35,38,35,64,44,23,94,68,43,25,34,74,19,57,37,37,34
202109172315,61,39,22,92,62,41,15,30,72,19,50,35,37,32,60,41,22,93,63,43,21,32,67,19,49,37,36,32
202109172330,49,29,18,74,50,37,11,23,62,16,41,23,28,30,47,31,18,75,51,38,17,25,58,16,40,26,27,30
202109172345,44,28,17,66,35,29,13,20,55,17,37,22,18,29,42,30,17,67,37,31,17,22,51,17,35,24,18,29
202109180000,42,25,20,69,34,25,12,18,57,16,38,20,18,26,40,27,20,70,36,28,17,20,53,16,36,22,18,26
202109180015,41,25,19,58,34,21,9,19,51,13,31,19,15,22,39,27,19,59,36,24,14,21,47,13,30,21,15,22
202109180030,36,25,13,54,32,19,7,16,44,10,29,17,14,25,34,26,13,55,34,21,11,18,41,10,28,19,14,24
202109180045,30,18,13,52,26,17,5,15,41,10,27,15,13,25,28,19,13,53,28,19,9,17,38,10,26,18,13,24
202109180100,34,20,15,48,21,17,6,13,37,7,24,15,14,25,32,22,15,49,24,19,9,15,35,7,23,18,14,24
202109180115,32,16,12,45,21,16,6,11,38,7,19,15,12,20,30,18,12,46,23,18,10,13,35,7,19,17,12,19
202109180130,27,18,11,42,16,15,4,9,37,7,17,12,12,16,25,19,11,43,18,17,8,11,34,7,17,14,12,16
202109180145,23,18,12,40,15,14,4,9,34,6,17,15,13,15,21,19,12,41,17,16,7,11,32,6,17,16,13,15
202109180200,24,19,12,38,16,13,3,10,33,7,17,14,12,17,22,20,12,39,18,15,6,12,31,7,17,16,12,17
202109180215,26,17,14,36,13,12,2,11,31,8,16,13,11,12,24,18,13,37,16,14,5,13,29,8,16,14,11,12
202109180230,22,15,16,35,11,12,3,8,29,7,17,14,13,10,20,16,15,36,13,14,6,10,27,7,17,15,13,10
202109180245,18,17,15,28,14,11,3,9,30,5,14,15,13,9,16,17,14,29,16,13,6,11,28,5,14,16,13,10
202109180300,20,15,16,27,15,13,3,8,29,7,17,10,12,12,18,16,15,28,17,15,6,10,27,7,17,11,12,13
202109180315,17,14,9,25,14,13,2,9,28,8,19,4,9,9,15,15,9,26,16,14,5,11,26,8,18,5,8,9
202109180330,16,12,10,23,13,12,2,10,28,5,16,4,8,9,14,13,10,24,15,13,5,12,26,5,15,6,8,9
202109180345,15,12,9,23,15,13,2,9,28,5,14,3,8,11,13,13,9,24,17,14,5,11,26,5,14,5,7,11
202109180400,16,12,8,23,12,11,3,9,27,6,11,7,7,12,14,13,8,24,14,13,6,11,25,6,11,9,7,12
202109180415,17,12,9,24,11,10,3,10,22,6,13,6,8,12,15,13,9,25,13,11,5,12,20,6,13,8,8,12
202109180430,18,11,8,23,11,12,4,10,24,6,13,6,7,11,16,12,8,24,13,13,6,12,22,6,13,8,7,11
202109180445,18,10,8,23,11,13,5,10,22,7,13,7,7,9,16,11,8,24,13,14,7,12,21,7,13,8,7,9
202109180500,18,9,8,22,11,13,5,9,25,7,14,10,9,8,16,10,8,24,13,14,7,11,23,7,14,11,9,8
202109180515,17,10,9,23,13,13,4,10,26,6,14,11,9,8,15,11,8,25,15,14,6,12,24,6,14,12,9,8
202109180530,17,9,8,23,14,12,6,12,27,6,17,12,8,9,15,10,8,24,16,13,8,13,25,6,16,13,8,9
202109180545,24,14,14,33,20,17,8,18,36,9,22,18,12,9,22,15,13,34,22,19,11,19,34,9,21,18,12,10
202109180600,27,19,16,36,25,21,8,22,41,11,25,23,15,14,25,20,15,37,27,23,12,23,38,11,24,23,16,14
202109180615,32,20,16,35,32,22,7,21,45,14,27,23,18,15,30,21,15,37,34,24,11,23,42,13,26,24,18,15
202109180630,34,20,18,36,37,26,11,25,50,17,27,30,21,17,33,22,17,38,39,28,15,26,47,17,27,31,21,17
202109180645,34,26,17,40,37,26,10,34,54,16,29,30,24,19,33,27,17,42,38,28,15,35,50,16,29,31,24,19
202109180700,37,31,22,48,40,31,11,35,64,25,33,36,27,22,36,32,21,49,41,34,17,36,59,24,33,37,27,22
202109180715,43,35,24,47,46,36,11,40,70,25,33,40,26,21,41,36,23,49,47,39,17,41,65,24,33,40,27,22
202109180730,41,33,22,51,50,41,11,48,61,27,35,44,29,28,40,34,22,52,51,42,16,49,57,26,35,45,30,28
202109180745,42,33,22,50,56,43,13,45,60,25,31,45,32,26,41,34,22,52,57,44,18,46,56,24,32,46,32,26
202109180800,49,40,24,52,59,35,13,48,57,30,28,42,35,25,48,41,24,54,60,36,18,49,53,29,29,43,35,25
202109180815,43,38,21,55,59,33,10,40,50,29,25,36,32,24,42,39,21,56,59,34,14,41,46,28,26,37,32,24
202109180830,43,32,18,56,58,31,9,38,44,31,24,29,33,21,42,33,18,57,58,32,13,39,41,29,26,30,32,21
202109180845,42,28,15,51,54,24,9,36,43,27,24,30,33,21,41,29,15,53,55,26,13,37,40,26,26,31,32,21
202109180900,38,25,18,55,50,27,8,29,43,24,23,31,27,22,37,26,18,56,51,28,12,31,40,23,24,32,27,22
202109180915,39,24,20,54,54,24,6,27,39,30,21,25,25,19,38,26,19,55,54,25,9,28,36,28,22,26,25,19
202109180930,42,24,16,54,54,25,6,28,34,25,19,21,30,19,41,26,16,56,55,25,9,30,32,24,21,23,29,19
202109180945,36,27,15,51,55,24,7,25,42,29,20,24,27,16,36,28,15,52,55,25,11,26,39,27,21,25,26,16
202109181000,43,30,20,54,51,21,7,28,38,32,20,24,28,11,42,31,19,55,52,22,10,29,36,30,21,24,27,12
202109181015,42,25,19,55,53,25,6,29,39,31,22,27,27,12,41,27,18,56,54,26,9,30,36,29,23,27,26,13
202109181030,38,28,15,57,45,23,8,28,37,28,19,28,25,10,37,29,14,58,46,24,11,29,35,27,20,28,25,10
202109181045,38,28,17,54,45,23,7,28,35,33,20,28,26,12,37,29,16,55,46,24,10,29,33,31,21,28,26,13
202109181100,42,32,13,60,56,22,8,30,36,35,23,27,29,12,41,33,12,61,57,23,11,31,34,33,24,27,28,12
202109181115,45,36,9,63,55,25,9,29,39,30,20,27,31,16,44,37,9,64,56,26,12,30,36,29,22,28,30,15
202109181130,48,43,13,54,48,25,10,29,42,31,26,26,35,14,47,43,12,56,50,26,14,30,39,29,28,27,34,14
202109181145,50,44,12,62,57,31,8,36,46,32,23,24,36,13,49,45,12,64,58,32,12,37,43,30,25,25,34,13
202109181200,63,50,16,71,59,38,8,37,55,33,28,30,30,15,61,51,15,73,61,39,13,38,51,31,29,30,29,15
202109181215,68,59,18,73,59,39,7,36,53,25,23,32,31,18,66,60,17,75,61,39,12,37,49,24,24,32,31,18
202109181230,76,57,20,71,62,44,8,38,54,26,26,30,29,16,74,58,19,74,64,44,13,39,50,25,27,30,29,16
202109181245,75,49,17,67,63,37,10,39,56,30,27,28,28,15,73,51,16,70,65,38,15,40,52,29,28,28,28,15
202109181300,69,44,19,67,61,37,10,32,50,30,25,27,29,18,67,46,18,70,63,37,14,33,47,29,26,28,28,18
202109181315,68,45,16,67,64,30,10,34,47,30,29,26,32,19,66,47,16,70,66,31,14,35,44,28,30,27,31,19
202109181330,60,42,14,72,58,28,9,33,38,35,24,28,32,14,58,44,13,74,60,28,12,34,36,33,25,28,31,14
202109181345,53,39,17,64,54,29,9,35,39,31,23,25,27,16,52,40,16,65,55,29,12,36,37,29,24,26,26,16
202109181400,56,36,16,65,57,33,10,30,39,29,24,25,26,15,55,38,15,67,58,33,13,31,37,28,25,26,25,15
202109181415,55,36,15,62,59,35,8,33,43,27,26,25,30,13,54,38,14,64,60,35,12,34,40,26,27,25,29,13
202109181430,51,31,15,58,45,31,7,32,43,29,23,28,28,14,49,33,14,60,47,32,11,33,40,27,24,28,28,14
202109181445,53,32,16,54,51,28,9,34,41,28,21,30,25,12,51,34,15,56,53,29,12,35,38,27,22,30,25,13
202109181500,53,32,18,52,54,29,10,32,42,29,19,28,26,12,52,34,17,54,56,30,13,33,39,28,20,28,26,13
202109181515,45,35,18,56,52,26,7,32,41,24,22,29,28,13,44,36,17,57,53,27,11,33,38,23,23,29,28,14
202109181530,44,32,14,55,50,27,8,37,40,26,24,31,25,17,43,33,14,57,51,28,11,38,37,25,25,32,25,17
202109181545,47,32,16,61,49,27,11,38,39,27,25,25,30,14,46,33,15,62,50,27,14,39,37,26,26,26,29,14
202109181600,49,31,20,62,48,31,11,39,42,28,22,25,29,16,47,33,19,63,50,31,14,40,39,27,23,26,28,17
202109181615,51,30,17,64,51,33,10,41,43,34,25,25,24,17,49,32,16,66,53,33,13,42,40,32,25,26,24,17
202109181630,56,31,16,69,55,28,11,48,49,32,32,34,20,19,54,33,16,71,57,30,15,49,46,30,31,34,21,19
202109181645,61,36,20,69,60,29,10,57,59,36,26,42,23,20,60,38,19,71,61,31,15,57,55,34,26,42,24,20
202109181700,59,33,22,65,66,35,11,56,61,31,30,33,26,18,58,35,21,67,67,37,16,56,57,30,30,33,26,19
202109181715,52,31,21,67,59,30,12,60,53,30,31,45,30,20,51,33,20,68,60,32,16,60,49,29,32,45,31,20
202109181730,53,39,21,70,62,34,13,61,56,29,35,49,32,22,52,40,20,72,63,35,18,61,52,28,35,49,33,22
202109181745,62,40,28,71,83,38,15,67,68,30,30,52,31,20,62,42,27,73,83,40,21,67,63,29,31,51,32,21
202109181800,77,44,31,75,94,45,16,57,74,37,34,45,33,21,76,47,30,78,94,47,22,57,69,35,34,45,34,22
202109181815,87,48,26,74,108,47,17,51,68,35,40,47,34,26,87,51,25,78,108,48,22,52,63,34,40,47,34,26
202109181830,94,50,28,79,117,52,19,55,70,33,40,46,36,27,94,54,27,83,117,52,24,56,66,32,40,47,36,28
202109181845,105,52,30,78,121,50,19,56,71,29,41,49,30,26,105,57,29,82,121,51,25,57,66,28,40,49,31,27
202109181900,105,53,26,74,125,52,14,51,75,28,39,44,37,28,105,58,26,79,125,53,21,52,70,27,39,45,37,29
202109181915,103,56,27,78,119,47,18,48,69,26,39,48,31,32,103,60,27,83,119,48,24,49,65,25,39,49,32,32
202109181930,100,58,27,80,111,49,17,57,69,29,38,46,33,34,100,62,27,84,112,50,23,58,65,28,38,48,34,34
202109181945,96,58,30,79,96,55,20,57,74,31,38,47,31,33,95,61,29,83,97,55,26,58,69,30,38,48,32,33
202109182000,91,57,26,86,94,54,22,51,78,27,40,48,34,31,90,60,26,89,95,55,28,52,73,27,40,49,35,31
202109182015,90,53,27,89,89,56,21,46,74,30,43,42,34,30,89,56,27,92,90,56,27,47,69,29,43,43,34,30
202109182030,87,52,29,72,88,57,20,44,78,29,43,49,34,34,86,55,29,76,89,57,26,46,73,28,43,50,35,34
202109182045,78,50,29,72,83,58,17,37,71,28,43,49,33,34,77,53,29,75,84,58,23,39,66,27,43,50,34,34
202109182100,87,55,30,71,83,63,18,33,76,29,45,49,35,35,85,58,30,75,85,63,24,35,71,28,45,50,36,35
202109182115,92,61,26,76,81,61,21,31,70,28,40,39,41,41,90,64,26,80,83,60,26,33,66,27,41,42,40,40
202109182130,84,54,29,76,82,61,20,35,67,25,34,38,37,38,82,57,29,79,83,60,25,37,63,25,35,40,36,38
202109182145,76,49,31,79,79,53,24,36,73,22,36,33,37,38,74,51,31,81,80,53,29,38,69,22,37,36,36,38
202109182200,84,46,33,73,77,53,21,33,73,24,41,39,35,37,82,49,32,76,79,53,27,35,68,24,41,41,35,38
202109182215,65,43,31,75,80,48,21,31,69,24,37,41,40,37,64,45,31,77,80,49,26,33,65,24,38,43,39,37
202109182230,69,41,35,72,73,44,17,30,71,23,35,40,35,35,68,44,34,74,74,45,23,32,66,22,36,42,35,36
202109182245,64,44,32,72,74,45,18,30,71,24,39,41,29,37,63,46,32,74,75,46,23,32,66,23,38,43,30,38
202109182300,58,41,30,74,63,42,14,30,69,22,39,38,29,33,57,43,30,75,64,44,20,32,64,21,38,40,29,34
202109182315,56,37,30,67,64,35,16,28,70,23,37,33,24,34,55,39,30,69,65,38,22,30,65,22,36,35,24,34
202109182330,42,26,29,55,51,27,13,19,62,21,33,28,22,32,41,28,28,56,52,30,18,21,58,20,32,31,22,32
202109182345,36,25,22,53,48,26,15,19,61,18,29,23,20,28,35,26,22,54,49,29,20,21,57,18,28,25,20,28
202109190000,41,24,30,46,40,23,15,17,52,18,23,22,20,26,40,26,29,48,42,25,19,19,49,18,23,24,20,27
202109190015,33,22,23,37,40,22,16,14,48,17,22,19,17,22,32,23,22,39,41,24,19,16,45,17,22,21,17,22
202109190030,33,20,21,40,31,20,13,13,44,16,22,18,14,22,31,22,20,42,33,22,16,15,42,16,21,20,14,22
202109190045,31,19,21,41,28,22,10,15,42,15,19,16,12,19,29,21,20,42,30,24,13,17,39,15,19,18,12,20
202109190100,28,18,17,40,24,19,10,11,39,13,16,12,13,16,26,19,16,41,26,21,13,13,37,13,16,14,13,17
202109190115,30,18,17,34,23,19,7,11,38,9,13,11,15,15,28,19,16,36,25,21,10,13,36,9,13,13,14,16
202109190130,27,15,16,35,20,20,7,12,38,9,13,10,11,14,25,16,15,36,22,21,10,14,36,9,13,12,11,14
202109190145,28,16,17,34,21,18,6,10,34,6,12,11,9,15,26,18,16,36,23,19,9,12,32,6,12,13,9,15
202109190200,28,11,17,34,23,15,5,7,30,8,11,10,6,14,26,13,16,36,25,16,8,9,28,8,11,12,6,14
202109190215,25,12,14,29,20,17,5,9,28,8,13,9,9,14,23,14,13,31,22,18,7,11,26,8,13,11,9,14
202109190230,23,11,14,30,16,16,7,7,26,10,12,12,8,15,21,13,14,31,18,17,9,9,25,10,12,14,8,15
202109190245,22,11,13,24,17,14,7,7,27,10,9,11,8,17,20,13,13,26,19,15,9,9,26,10,9,13,8,17
202109190300,21,11,12,22,16,15,4,9,27,9,11,10,9,18,19,13,12,24,18,16,6,11,25,9,11,12,9,18
202109190315,21,11,11,19,17,17,2,9,26,7,11,2,8,16,19,13,11,21,19,18,5,11,24,7,11,5,7,16
202109190330,21,12,10,19,18,14,3,9,25,8,12,2,8,17,19,13,10,21,20,15,5,11,23,8,12,5,7,17
202109190345,21,10,10,18,15,15,3,8,27,8,9,3,8,14,19,12,10,20,17,16,6,10,25,8,9,5,7,14
202109190400,18,8,10,21,13,13,5,8,25,9,10,9,8,14,16,9,10,23,15,14,7,10,24,9,10,11,8,14
202109190415,21,8,10,19,14,12,5,8,24,6,9,5,8,13,19,10,10,21,16,13,7,10,23,6,9,7,8,13
202109190430,21,9,10,20,11,12,4,8,22,6,10,6,8,11,19,11,10,22,13,13,6,10,21,6,10,8,8,11
202109190445,19,10,9,17,12,10,5,5,23,8,8,6,9,10,17,11,9,19,14,11,7,7,22,8,8,8,9,10
202109190500,19,10,10,16,9,9,5,7,22,10,8,7,12,10,17,11,10,18,11,10,7,9,21,9,9,8,11,10
202109190515,18,10,10,15,10,10,5,6,22,7,9,9,10,10,16,11,9,17,12,11,7,8,21,7,9,10,10,10
202109190530,18,7,11,14,10,11,4,9,23,9,10,9,9,11,16,9,10,16,12,12,6,11,22,9,10,10,9,11
202109190545,27,12,16,24,15,12,8,13,32,12,14,13,13,12,25,14,15,26,18,14,11,15,30,12,14,14,13,13
202109190600,29,16,14,29,21,15,9,18,38,13,20,18,13,15,27,18,14,31,23,17,12,20,36,13,20,19,13,15
202109190615,29,18,20,33,23,16,10,19,44,17,22,17,15,15,27,19,19,35,25,18,14,21,41,16,22,18,15,16
202109190630,28,21,20,36,24,19,10,21,42,16,24,19,18,18,26,22,19,38,26,21,13,23,39,16,24,20,18,18
202109190645,30,24,18,39,28,18,8,24,53,17,24,18,22,19,29,25,18,41,30,21,13,26,49,16,24,20,21,19
202109190700,29,24,19,46,30,21,10,23,59,18,25,17,23,20,27,25,18,47,32,24,15,25,55,18,25,19,22,20
202109190715,30,26,22,46,32,25,10,29,64,20,31,22,21,23,29,27,21,47,34,28,16,31,59,19,30,24,21,23
202109190730,36,27,23,53,38,26,14,34,61,22,30,24,24,25,35,28,23,54,39,29,19,35,57,21,30,26,24,25
202109190745,33,29,24,55,38,23,16,34,67,26,32,25,24,25,32,29,23,56,39,27,21,36,63,25,32,27,23,25
202109190800,35,28,26,53,46,29,17,32,73,24,35,27,30,29,34,29,26,54,47,33,23,34,68,23,35,29,29,29
202109190815,41,29,27,51,50,30,18,35,67,23,30,30,29,28,40,30,26,52,51,33,23,37,63,23,30,32,28,29
202109190830,42,29,23,48,51,29,17,35,69,26,32,34,28,27,41,30,23,50,52,32,22,37,64,25,32,35,28,27
202109190845,42,29,23,46,52,30,15,31,66,21,34,37,32,26,41,30,23,48,53,33,20,33,62,21,34,38,32,26
202109190900,47,29,21,50,46,30,17,34,65,27,32,34,37,23,46,31,20,52,48,33,22,35,61,26,33,35,36,23
202109190915,51,31,19,53,51,33,18,40,65,27,30,32,33,22,49,33,19,55,53,35,23,41,61,26,31,33,32,22
202109190930,52,32,21,52,57,30,17,42,62,26,31,35,32,22,51,34,20,54,58,32,22,43,58,25,32,36,32,22
202109190945,53,40,21,55,67,29,15,39,64,22,32,34,36,19,53,41,20,57,67,32,20,40,60,21,33,34,35,19
202109191000,56,43,23,53,69,30,16,38,57,24,36,35,34,17,55,44,22,55,69,32,21,39,54,23,36,35,34,18
202109191015,59,41,25,46,66,35,16,40,61,24,30,34,40,21,58,43,24,49,67,37,21,41,57,23,32,35,39,22
202109191030,56,41,23,50,68,31,17,38,59,25,30,31,44,19,55,42,22,53,69,33,21,39,55,24,32,32,42,20
202109191045,53,41,23,48,58,33,17,40,58,27,27,30,43,21,52,42,22,51,59,35,21,41,54,26,29,31,41,22
202109191100,56,41,22,50,57,34,14,39,56,22,29,32,41,19,55,42,21,53,59,35,19,40,52,21,31,33,39,19
202109191115,60,43,20,51,55,35,14,36,62,24,31,31,44,17,58,44,19,54,57,37,19,37,58,23,33,31,42,17
202109191130,64,48,23,49,61,44,14,35,61,21,32,30,40,20,63,49,22,52,63,44,19,36,57,20,34,31,38,21
202109191145,67,46,20,50,64,49,11,36,63,20,35,32,37,23,65,48,20,53,66,49,17,37,59,19,36,33,36,23
202109191200,67,44,21,55,63,49,12,36,68,21,33,30,42,25,65,46,21,58,65,50,18,38,63,20,35,32,40,25
202109191215,66,39,22,57,59,50,11,35,68,24,33,30,41,26,64,42,22,60,61,50,17,37,63,23,35,32,39,26
202109191230,64,39,20,56,57,46,13,36,63,24,34,27,35,27,62,41,20,59,59,46,18,38,59,23,35,29,34,27
202109191245,69,41,19,53,62,53,12,34,56,26,31,26,39,24,67,44,19,56,64,52,17,36,52,25,33,28,37,24
202109191300,63,44,20,52,54,47,10,38,57,27,35,24,40,24,61,46,20,55,56,47,15,39,53,26,36,26,38,24
202109191315,67,44,21,55,59,41,8,37,56,25,33,27,35,25,65,46,21,58,61,41,13,38,52,24,34,29,34,25
202109191330,66,41,20,57,64,38,9,28,52,26,32,28,35,23,65,43,20,60,66,38,14,30,48,25,33,29,34,23
202109191345,72,42,23,59,58,38,10,29,57,29,29,29,33,20,70,45,22,63,60,39,15,31,53,28,30,30,32,21
202109191400,74,40,19,60,60,45,13,35,53,29,29,26,37,21,72,43,19,63,62,45,17,36,50,28,30,27,35,21
202109191415,59,40,23,55,58,44,9,33,56,26,32,27,31,24,58,42,22,58,60,44,14,35,52,25,32,29,30,24
202109191430,57,45,26,57,55,44,8,38,56,19,32,23,30,21,56,46,25,59,57,44,13,39,52,18,32,25,29,22
202109191445,67,48,23,56,65,40,9,36,59,24,32,25,31,21,66,50,22,59,67,41,15,37,55,23,32,27,30,22
202109191500,68,48,22,58,68,40,10,36,58,25,32,28,28,24,67,50,22,61,69,41,15,37,54,24,32,30,28,24
202109191515,65,46,22,56,63,38,9,34,52,24,34,28,30,22,63,48,21,59,65,38,14,35,48,23,34,29,29,22
202109191530,61,52,23,59,68,38,7,34,52,23,35,32,30,21,60,53,22,61,69,38,12,35,48,22,35,33,29,21
202109191545,62,47,25,60,67,37,9,31,60,24,30,29,26,19,61,48,24,62,68,38,14,32,56,23,30,30,26,20
202109191600,61,45,21,52,67,35,10,33,57,23,30,30,27,20,60,46,20,55,68,36,15,34,53,22,30,31,27,20
202109191615,59,43,23,54,72,36,13,32,58,20,32,28,32,20,58,44,22,57,72,37,18,33,54,19,33,29,31,21
202109191630,60,41,21,63,69,36,14,33,60,22,27,27,32,22,59,43,21,65,70,38,19,34,56,21,28,28,31,22
202109191645,66,42,23,60,74,34,15,33,58,20,29,28,30,25,65,44,23,63,75,36,20,34,55,20,30,30,29,25
202109191700,63,44,25,64,76,36,15,39,50,19,27,31,29,21,62,46,24,67,77,36,19,40,47,19,28,32,29,22
202109191715,72,40,21,65,79,41,12,38,52,20,27,30,27,20,71,43,20,68,80,41,16,39,49,19,28,31,27,20
202109191730,69,39,24,62,82,45,14,38,55,21,28,31,29,21,68,42,23,65,83,45,18,39,51,20,29,32,29,22
202109191745,76,47,25,64,81,48,11,35,52,21,28,31,30,25,75,50,24,67,82,47,15,37,49,20,29,32,30,26
202109191800,88,43,25,70,83,45,15,38,51,22,30,33,31,23,86,47,24,74,85,44,19,39,48,22,31,34,31,24
202109191815,80,39,23,72,83,48,17,39,54,26,33,32,32,22,79,43,22,75,84,47,21,40,51,25,33,33,31,23
202109191830,79,37,26,76,94,50,14,35,55,23,26,33,37,22,79,41,25,79,94,49,18,36,51,22,28,34,36,23
202109191845,80,39,26,70,101,47,16,35,59,22,27,36,36,24,80,43,25,73,101,47,21,36,55,21,29,37,35,25
202109191900,80,40,31,71,88,45,15,38,64,17,26,33,39,32,79,44,30,74,89,46,20,40,60,17,28,35,38,33
202109191915,72,39,28,64,85,44,15,30,63,17,29,31,36,32,71,42,28,67,86,45,20,32,59,17,30,33,35,33
202109191930,78,44,30,67,85,44,16,28,64,16,32,29,33,34,77,47,30,70,86,45,21,30,60,16,33,32,32,35
202109191945,76,40,28,68,79,47,18,24,64,15,39,23,31,36,75,43,28,71,80,47,23,27,60,15,39,26,30,36
202109192000,71,44,26,65,78,45,17,23,63,20,39,27,35,30,70,47,26,68,79,46,22,25,59,20,39,29,34,30
202109192015,71,43,31,66,75,46,15,22,60,20,40,27,33,34,70,46,31,69,76,46,20,25,56,20,40,30,32,35
202109192030,65,40,29,62,66,41,16,23,58,20,34,26,30,31,64,42,28,64,67,41,20,25,54,20,34,28,29,31
202109192045,59,44,27,63,62,44,17,25,61,18,38,28,32,35,58,45,27,65,63,44,22,27,57,18,38,31,31,35
202109192100,55,47,26,68,61,44,13,28,58,18,38,33,33,33,54,48,26,70,62,44,18,30,54,18,38,35,32,33
202109192115,54,51,29,66,62,48,15,29,62,18,39,26,30,36,53,51,29,68,63,48,20,31,58,18,39,29,29,36
202109192130,53,45,27,72,61,44,17,29,66,17,37,25,28,38,52,46,27,73,62,45,22,31,62,17,37,28,27,38
202109192145,53,47,27,68,62,41,18,26,63,16,36,27,32,38,52,47,27,69,63,42,23,28,59,16,36,30,31,38
202109192200,52,50,28,70,64,44,12,25,66,18,35,29,33,37,51,50,28,71,65,45,18,28,61,18,35,32,32,37
202109192215,46,45,30,70,59,42,11,22,69,14,33,28,28,32,45,45,29,71,60,43,17,24,64,14,33,30,27,32
202109192230,48,35,29,68,53,36,11,23,72,16,36,25,28,29,47,36,28,69,54,39,18,25,67,16,36,27,27,30
202109192245,47,35,28,61,60,36,12,22,71,15,32,29,23,29,46,36,27,62,61,39,18,24,66,15,32,31,23,30
202109192300,39,34,27,64,57,41,14,18,66,16,33,25,23,27,39,34,26,65,57,43,19,20,61,16,32,27,23,28
202109192315,41,34,24,67,53,38,12,19,61,16,33,23,23,25,40,35,23,68,54,39,17,21,57,16,32,25,23,25
202109192330,29,22,20,49,36,31,9,18,56,12,27,16,22,22,28,23,19,50,37,33,14,20,52,12,27,18,21,22
202109192345,28,20,15,42,35,25,7,16,55,10,27,13,15,22,27,21,15,43,36,27,12,18,51,10,26,15,15,22
202109200000,25,16,19,43,35,22,7,16,58,8,24,14,9,21,24,17,19,44,36,25,13,18,54,8,23,16,9,21
202109200015,24,15,16,47,31,18,5,19,51,8,19,13,12,20,23,16,16,47,32,21,10,21,47,8,19,15,12,20
202109200030,19,14,12,38,25,20,6,14,48,7,14,12,11,20,18,15,12,39,26,23,11,16,45,7,14,14,11,20
202109200045,19,13,14,38,19,16,5,11,42,9,15,13,14,15,17,14,13,39,21,18,9,13,39,9,15,15,14,15
202109200100,20,16,13,34,18,17,6,9,43,8,13,12,12,16,18,17,13,35,20,19,10,11,40,8,13,14,12,16
202109200115,17,12,10,33,18,13,4,7,43,8,14,9,10,15,15,13,10,34,20,16,8,9,40,8,14,11,10,15
202109200130,18,12,12,31,20,16,4,9,38,7,12,9,12,13,17,13,11,32,21,18,8,11,35,7,12,11,11,13
202109200145,17,10,12,32,18,16,5,11,35,6,10,10,11,12,16,11,11,33,20,18,8,13,33,6,10,12,11,12
202109200200,15,8,12,32,15,11,6,11,34,7,9,9,9,13,14,9,11,33,17,13,9,13,32,7,9,11,9,13
202109200215,14,9,12,28,13,11,4,9,31,6,10,9,10,13,12,10,11,29,15,13,7,11,29,6,10,11,10,13
202109200230,13,8,10,27,12,9,4,7,33,5,11,9,9,12,11,9,10,28,14,11,7,9,31,5,11,11,9,12
202109200245,12,7,10,28,11,10,3,10,29,5,9,8,6,12,10,8,10,29,13,12,6,12,27,5,9,10,6,12
202109200300,12,7,9,26,10,12,5,10,30,5,10,7,8,13,11,8,9,27,12,14,8,12,28,5,10,9,8,13
202109200315,10,8,7,24,8,12,2,12,26,6,10,2,7,12,8,9,7,25,10,13,5,14,24,6,10,4,6,12
202109200330,9,6,8,21,8,12,3,9,28,5,13,1,8,12,7,7,8,22,10,14,6,11,26,5,13,3,7,12
202109200345,10,5,7,23,7,13,2,8,27,5,9,2,8,11,8,6,7,24,9,14,5,10,25,5,9,4,7,11
202109200400,8,7,8,23,10,12,3,7,24,8,13,6,8,10,7,8,8,24,12,13,5,9,22,8,13,7,8,10
202109200415,7,7,8,24,8,11,3,7,25,5,13,5,8,8,5,8,8,25,10,12,6,9,23,5,13,6,7,8
202109200430,10,7,7,21,8,10,2,9,26,5,11,4,7,9,8,8,7,22,10,12,5,11,24,5,11,6,6,9
202109200445,8,8,7,19,9,12,3,9,25,7,10,5,6,8,6,8,7,20,11,13,5,11,23,7,10,6,6,8
202109200500,9,9,9,19,8,12,4,7,26,7,9,7,6,8,7,9,8,20,10,13,6,9,24,7,9,8,6,8
202109200515,9,8,10,19,9,10,4,9,25,6,8,8,7,8,7,9,9,20,11,11,6,11,23,6,8,9,7,8
202109200530,9,8,10,18,8,11,5,8,27,4,8,9,6,10,7,9,10,19,10,13,7,10,25,4,8,10,6,10
202109200545,14,11,14,24,13,12,7,15,35,8,13,10,9,12,13,12,13,25,15,14,10,17,33,8,13,11,9,13
202109200600,18,13,16,27,15,17,9,16,40,9,17,14,10,14,16,14,15,28,17,19,12,18,37,9,16,15,10,14
202109200615,18,18,13,28,15,15,8,17,39,9,15,13,13,13,16,18,12,29,17,17,11,18,36,9,15,14,13,13
202109200630,24,17,13,30,16,17,8,19,40,12,17,13,14,13,22,18,13,32,18,19,11,20,37,12,17,14,14,13
202109200645,22,19,14,35,17,16,9,22,41,12,16,15,14,14,20,20,13,36,19,18,12,23,38,12,16,16,14,14
202109200700,23,24,16,35,20,18,7,22,47,13,17,15,19,14,21,24,15,36,22,20,12,23,44,13,18,16,18,14
202109200715,25,19,19,31,24,25,8,21,48,14,18,18,23,16,23,20,18,33,26,27,12,23,45,14,19,19,22,16
202109200730,27,23,19,38,25,25,12,24,50,16,20,21,24,18,25,24,18,39,27,27,16,26,47,16,21,22,23,18
202109200745,22,27,19,37,26,27,11,21,49,18,19,26,26,17,21,27,18,38,27,29,15,23,46,17,20,27,26,17
202109200800,28,27,21,43,29,30,10,27,45,20,20,25,24,19,27,27,20,44,31,31,14,28,42,19,21,26,24,19
202109200815,29,29,20,45,27,34,11,27,44,17,22,22,24,16,27,29,19,46,29,34,14,28,41,16,23,23,23,17
202109200830,34,28,22,48,34,33,13,28,46,18,22,24,25,21,32,29,21,49,36,34,17,30,43,18,23,25,24,21
202109200845,35,30,22,52,44,26,11,27,50,22,21,20,25,23,34,31,21,53,45,28,15,29,47,21,22,22,24,23
202109200900,36,31,23,49,42,27,12,33,43,18,26,22,30,23,35,32,22,50,43,28,15,34,40,17,27,24,29,24
202109200915,35,31,21,45,45,31,14,32,49,17,24,24,29,26,34,32,21,46,46,32,18,34,46,17,25,26,28,26
202109200930,34,36,26,47,53,33,11,31,42,16,32,25,29,24,33,36,25,48,53,33,14,33,39,16,32,27,28,25
202109200945,33,37,28,51,51,30,12,34,41,20,29,28,27,22,32,37,27,52,51,30,15,35,39,19,29,29,27,23
202109201000,39,33,22,47,56,33,12,38,46,22,27,27,25,25,39,34,22,48,56,33,16,39,43,21,27,29,25,25
202109201015,44,31,25,47,55,29,12,33,53,19,29,27,27,24,43,32,24,49,56,31,16,34,49,18,29,29,27,25
202109201030,43,38,24,44,55,30,12,35,48,24,29,24,30,22,42,39,23,46,56,31,16,36,45,23,30,25,29,23
202109201045,45,39,23,42,57,36,11,35,52,25,25,26,29,22,44,40,22,44,58,37,15,36,48,24,26,27,28,23
202109201100,49,37,25,48,55,32,14,31,51,23,23,24,32,23,48,38,24,50,56,33,18,32,48,22,25,26,31,24
202109201115,47,33,24,47,58,33,11,30,48,21,23,22,31,23,46,34,23,49,59,34,15,32,45,20,24,24,30,24
202109201130,49,36,27,49,59,41,11,31,46,22,23,22,34,20,48,37,26,51,60,41,15,32,43,21,25,24,32,21
202109201145,54,36,28,51,62,41,13,30,50,19,31,24,35,18,53,38,27,53,63,41,17,31,47,18,32,25,34,19
202109201200,60,40,27,56,58,45,9,29,47,17,29,27,37,21,58,42,26,59,60,44,13,31,44,16,31,28,35,22
202109201215,61,45,25,57,64,45,8,32,52,19,25,21,39,17,60,46,24,60,65,44,13,33,48,18,27,22,37,18
202109201230,64,48,29,56,70,41,8,34,50,21,28,21,31,20,63,49,28,59,71,41,13,35,46,20,29,23,30,21
202109201245,72,53,30,60,62,46,7,31,47,22,28,17,32,20,70,55,28,63,64,45,11,32,44,21,29,19,30,21
202109201300,76,50,28,62,56,48,9,32,45,21,30,17,28,18,73,52,26,65,59,46,13,33,42,20,30,19,26,19
202109201315,69,42,25,61,51,44,11,28,44,21,32,20,27,21,66,44,24,64,54,43,15,30,41,20,32,22,26,22
202109201330,72,38,22,60,51,41,11,30,44,22,35,22,29,22,69,41,21,63,54,40,14,32,41,21,35,24,28,22
202109201345,68,38,18,56,52,40,8,31,49,19,32,27,31,20,66,41,18,59,55,40,12,32,45,18,32,28,30,20
202109201400,75,45,19,59,61,39,9,33,49,21,32,23,28,17,73,48,18,62,63,39,13,34,45,20,32,24,27,18
202109201415,75,42,16,54,62,40,9,32,48,22,32,24,28,18,73,45,16,58,64,40,13,33,45,21,32,25,27,18
202109201430,74,38,18,62,65,37,9,30,50,23,34,28,28,17,72,41,17,65,67,37,13,31,47,22,34,29,27,17
202109201445,70,40,20,58,70,43,9,33,45,22,31,26,28,18,69,43,19,61,72,42,13,34,42,21,31,27,27,18
202109201500,69,41,17,56,69,40,9,28,48,21,26,26,30,14,68,44,16,59,71,40,13,29,45,20,27,26,29,14
202109201515,64,43,21,56,71,39,10,27,49,22,28,24,27,15,63,45,20,59,72,39,14,28,46,21,28,25,26,16
202109201530,63,39,22,51,72,40,11,27,56,21,25,27,26,15,62,41,21,54,73,41,16,28,52,20,26,28,26,16
202109201545,69,40,23,50,75,38,9,30,52,20,23,29,31,18,68,43,22,54,76,38,14,31,48,19,24,30,30,19
202109201600,68,46,24,54,75,34,11,30,51,24,28,28,28,18,67,48,23,57,76,35,15,31,48,23,28,29,27,19
202109201615,69,48,23,56,77,34,14,37,51,25,26,24,25,16,68,50,22,59,78,35,18,38,48,24,26,25,24,17
202109201630,70,45,23,53,73,34,12,34,46,25,27,25,23,17,69,47,22,56,74,34,16,35,43,24,27,26,23,18
202109201645,69,49,24,61,74,36,11,30,43,22,30,25,26,17,68,51,23,64,75,36,14,31,40,21,30,26,25,18
202109201700,81,46,26,63,78,37,16,40,46,22,29,25,24,16,80,49,25,67,80,37,19,41,44,21,29,26,24,17
202109201715,80,45,23,55,80,41,18,43,56,21,27,30,29,17,79,48,22,59,81,41,22,44,53,21,28,30,29,18
202109201730,83,46,25,53,82,44,13,43,57,22,37,31,28,20,82,49,24,57,84,44,18,44,53,21,37,32,28,21
202109201745,86,50,22,53,78,42,15,41,59,31,36,33,31,16,84,53,21,58,80,42,20,42,55,30,36,33,31,17
202109201800,97,53,24,60,81,45,16,43,62,29,39,34,30,19,95,57,23,65,84,45,21,44,58,28,39,35,30,20
202109201815,99,53,26,61,93,46,15,40,61,32,39,29,32,25,97,57,25,66,95,46,20,41,57,31,39,31,31,26
202109201830,100,49,26,69,99,46,16,43,64,32,37,30,34,25,99,53,25,74,101,47,21,44,60,31,37,31,33,26
202109201845,97,52,30,72,90,42,17,48,56,28,39,27,36,26,95,56,29,76,92,42,21,49,53,27,39,29,35,27
202109201900,99,56,26,68,89,42,17,40,53,25,40,25,35,21,97,59,25,73,91,42,21,41,50,24,40,26,34,22
202109201915,107,49,30,73,94,42,14,36,50,26,38,30,34,25,105,54,29,78,96,42,18,37,47,25,38,32,33,26
202109201930,99,51,28,72,94,48,14,36,54,23,42,27,32,24,98,55,27,76,96,47,18,37,51,22,42,29,31,25
202109201945,98,48,28,72,88,45,14,32,54,23,39,24,29,19,96,52,27,76,90,45,18,33,51,22,38,25,28,20
202109202000,100,53,30,66,87,45,15,36,61,25,42,21,31,20,98,57,29,71,89,45,20,37,57,24,42,23,30,21
202109202015,93,47,36,65,78,45,17,33,62,24,42,24,30,23,90,51,34,69,81,45,22,34,58,23,41,26,29,25
202109202030,87,46,32,68,73,44,20,32,63,22,38,21,29,24,85,50,31,72,75,45,25,33,59,22,38,23,28,25
202109202045,75,41,31,74,73,38,19,34,58,22,38,22,28,27,74,44,30,77,75,39,23,36,55,22,38,24,27,28
202109202100,77,43,37,71,73,39,21,32,62,24,36,24,27,24,76,46,35,74,75,40,25,33,58,24,36,26,26,26
202109202115,78,38,32,75,75,44,20,27,60,18,35,25,29,24,77,42,31,78,77,44,24,29,56,18,35,27,28,25
202109202130,72,38,31,72,76,42,18,33,68,21,34,22,29,24,71,41,30,75,77,44,23,35,63,21,34,24,28,25
202109202145,59,38,27,75,69,43,18,37,68,17,35,22,28,24,58,40,26,76,70,44,23,38,64,17,35,24,27,25
202109202200,62,35,27,69,61,38,18,35,64,16,39,25,27,24,60,38,26,71,63,40,23,37,60,16,38,27,26,25
202109202215,55,32,28,66,55,41,13,28,64,17,36,28,28,23,53,34,27,68,57,42,18,30,59,17,36,29,28,24
202109202230,55,32,24,68,53,37,13,26,62,15,36,27,26,22,53,34,23,70,55,39,18,28,58,15,35,28,26,22
202109202245,52,32,23,70,56,37,15,29,64,18,36,28,25,22,50,34,22,71,57,39,20,30,60,18,35,29,25,22
202109202300,43,29,27,69,53,41,13,24,62,14,34,29,24,20,42,31,26,70,54,42,18,26,58,14,33,30,24,21
202109202315,41,25,22,68,52,37,12,23,63,12,31,26,22,22,40,27,21,69,53,39,17,25,59,12,30,27,22,23
202109202330,34,16,21,49,44,32,10,17,51,12,28,22,16,21,33,18,20,50,45,33,14,19,48,12,27,24,16,21
202109202345,29,16,19,51,36,29,9,15,47,10,27,18,14,21,28,18,19,51,37,30,13,17,44,10,26,20,14,21
202109210000,27,19,18,48,34,32,10,19,43,8,23,15,16,15,26,20,17,49,35,32,13,21,40,8,22,16,16,16
202109210015,24,21,16,45,29,28,9,16,43,8,24,13,14,13,23,22,15,46,30,29,13,18,40,8,23,14,14,13
202109210030,22,17,16,43,24,24,9,13,39,5,22,11,12,13,21,18,15,44,25,25,12,15,36,5,21,13,12,13
202109210045,20,14,17,40,24,23,9,12,32,6,20,8,10,12,19,15,16,41,25,23,11,14,30,6,19,10,10,13
202109210100,19,14,16,35,25,21,8,13,30,5,17,9,12,12,18,15,15,36,26,22,10,15,28,5,17,11,11,12
202109210115,17,12,19,28,22,14,8,12,31,5,17,9,9,10,16,13,18,29,23,15,10,14,29,5,16,10,9,11
202109210130,13,10,15,28,18,10,7,11,28,6,16,8,11,10,12,11,14,29,19,12,9,13,26,6,16,9,11,11
202109210145,14,10,13,29,17,12,6,11,25,4,13,6,9,10,13,11,12,30,18,13,8,13,24,4,13,8,9,10
202109210200,12,10,12,22,18,13,8,11,26,5,10,4,8,11,11,11,11,23,19,14,10,13,25,5,10,6,7,11
202109210215,13,12,13,24,14,12,8,9,25,5,8,5,9,10,11,13,12,25,16,13,10,11,24,5,8,7,8,10
202109210230,15,12,12,23,11,13,6,9,25,5,9,4,10,7,13,13,11,24,13,14,8,11,24,5,9,5,9,7
202109210245,12,11,10,21,10,12,8,9,25,5,8,5,10,8,10,12,9,22,12,13,10,11,24,5,8,6,9,8
202109210300,12,10,9,19,12,11,11,11,23,6,8,8,8,8,10,11,8,20,14,12,12,12,22,6,8,9,8,8
202109210315,12,8,7,21,12,11,6,9,27,6,11,1,8,7,11,9,7,22,14,13,8,10,25,6,11,2,7,7
202109210330,12,8,5,20,11,10,5,10,26,6,9,1,5,8,11,9,5,21,13,12,7,12,24,6,9,3,5,8
202109210345,13,7,4,19,11,12,5,9,27,6,9,1,4,7,12,8,4,21,13,14,7,10,25,6,9,3,4,7
202109210400,12,6,3,20,11,11,6,7,25,7,9,4,5,7,10,7,3,21,13,13,8,9,24,7,9,5,5,7
202109210415,11,5,3,20,8,9,5,8,26,5,9,3,4,9,9,6,3,21,10,11,7,10,24,5,9,5,4,8
202109210430,11,4,3,19,6,9,6,9,26,4,9,3,4,8,9,5,3,20,8,11,8,11,25,4,9,4,4,7
202109210445,8,6,4,17,9,9,4,9,26,4,9,3,4,10,7,7,4,18,11,11,6,11,24,4,9,5,4,9
202109210500,8,8,4,18,8,10,6,12,25,3,7,3,8,9,6,8,4,19,10,12,8,13,24,3,7,5,7,9
202109210515,9,7,5,19,8,9,5,12,23,3,8,3,8,11,7,8,5,20,10,10,7,14,22,3,8,5,7,10
202109210530,8,7,6,17,8,12,6,12,23,5,8,3,6,12,6,8,6,18,10,13,8,14,22,5,8,5,6,11
202109210545,13,10,11,27,11,16,9,15,30,8,11,6,8,13,11,11,11,28,13,17,11,17,29,8,11,8,8,13
202109210600,15,14,11,29,14,19,10,16,34,10,15,8,8,13,14,15,11,30,16,20,12,18,32,10,14,10,8,13
202109210615,16,14,12,29,16,20,8,17,34,12,15,9,8,13,15,15,11,30,18,21,11,18,32,12,14,11,8,13
202109210630,19,15,16,33,20,17,8,20,33,13,17,11,11,13,18,16,15,34,22,18,11,21,31,13,17,12,11,13
202109210645,19,17,15,30,23,20,11,19,35,11,20,17,12,16,18,18,14,31,24,21,13,21,33,11,20,18,12,16
202109210700,22,18,17,36,26,26,12,22,42,11,22,18,16,15,21,19,16,37,27,27,15,23,40,11,22,19,16,15
202109210715,27,22,22,38,25,29,11,25,38,13,26,16,18,13,25,23,21,39,27,29,14,26,36,13,26,17,18,14
202109210730,25,21,23,43,27,33,12,25,45,14,29,16,20,15,24,22,22,44,28,34,16,26,42,14,28,17,19,16
202109210745,24,23,22,44,31,35,13,29,49,17,30,19,17,17,23,24,21,45,32,36,17,30,46,17,29,20,17,18
202109210800,28,24,20,47,35,42,12,29,50,21,31,18,19,19,27,25,19,48,36,42,16,30,47,20,30,20,19,20
202109210815,31,28,21,42,35,36,10,29,50,22,29,18,20,19,30,28,20,43,36,36,14,30,47,21,29,20,20,20
202109210830,36,28,18,41,39,33,11,34,49,18,30,18,21,22,35,29,18,43,40,34,15,35,46,17,29,20,20,22
202109210845,30,27,22,47,46,29,11,33,52,21,30,19,20,22,29,27,21,48,46,31,15,34,48,20,29,21,20,22
202109210900,34,28,22,51,49,31,10,33,57,25,35,24,22,22,33,29,21,52,50,33,15,34,53,24,34,26,22,22
202109210915,31,25,22,45,51,33,11,38,63,20,33,25,25,22,31,26,21,46,51,35,17,39,58,19,33,27,24,22
202109210930,34,29,25,50,50,30,12,40,56,19,33,27,21,24,33,30,24,51,50,32,17,41,52,18,32,29,21,25
202109210945,38,30,24,58,53,34,11,40,49,18,35,27,25,22,37,31,23,59,53,35,15,41,46,17,34,28,25,23
202109211000,41,29,23,56,51,33,11,36,49,19,35,33,23,26,40,30,23,57,52,34,15,37,46,18,34,34,23,26
202109211015,44,27,25,59,56,36,11,43,53,17,32,28,26,25,43,29,24,60,57,37,15,44,49,17,32,30,26,25
202109211030,41,27,25,58,56,36,13,39,52,17,35,25,30,25,40,28,24,59,56,36,17,40,49,17,35,27,29,25
202109211045,48,25,29,54,57,35,10,42,55,21,37,27,32,21,47,27,28,56,58,36,15,43,51,20,37,28,31,22
202109211100,48,25,28,56,54,33,9,43,54,24,35,22,32,24,47,27,27,58,55,34,14,44,50,23,35,24,30,25
202109211115,57,31,28,61,55,34,11,41,53,20,33,23,26,22,56,34,27,63,57,35,15,42,49,19,33,25,25,23
202109211130,49,35,30,56,57,37,10,40,57,23,31,25,28,18,48,36,28,58,58,38,15,41,53,22,31,26,27,20
202109211145,54,35,26,56,53,39,12,40,55,18,37,26,31,18,53,37,25,58,55,39,17,41,51,17,37,27,30,19
202109211200,62,36,19,52,54,42,12,42,59,19,38,23,32,20,60,39,18,55,56,42,17,43,55,18,38,24,31,20
202109211215,60,35,25,51,53,48,12,38,57,22,34,24,35,19,58,37,24,54,55,48,17,39,53,21,35,25,33,20
202109211230,66,43,27,59,56,47,11,33,57,20,38,23,35,19,64,45,26,62,58,47,16,34,53,19,38,24,33,20
202109211245,69,46,27,57,52,44,10,33,59,20,39,22,34,24,67,48,26,60,55,44,15,35,55,19,39,24,32,25
202109211300,70,42,26,55,53,47,9,34,59,21,35,21,31,24,68,45,25,59,56,47,14,36,55,20,35,23,30,25
202109211315,68,39,23,53,59,45,9,34,56,19,39,17,29,24,66,42,22,56,61,45,14,36,52,18,39,20,27,25
202109211330,62,44,23,56,56,39,9,33,56,19,35,24,30,25,60,46,22,59,58,40,14,35,52,18,35,26,29,25
202109211345,64,40,22,60,57,36,9,36,52,23,33,24,30,25,62,42,21,62,59,37,14,37,48,22,33,26,29,25
202109211400,65,39,27,53,55,37,11,36,51,22,33,21,37,23,63,41,26,56,57,37,15,37,48,21,34,23,35,24
202109211415,61,33,26,56,58,41,9,31,51,20,31,29,37,20,60,36,25,59,60,41,14,32,47,19,32,30,36,21
202109211430,63,30,26,52,63,42,10,35,51,16,33,27,30,18,62,33,25,55,65,42,14,36,47,15,33,28,29,19
202109211445,58,32,26,50,59,39,8,38,50,19,34,27,30,18,56,35,25,53,60,39,13,39,46,18,34,28,29,19
202109211500,57,34,29,50,62,39,9,36,48,19,32,25,29,18,56,36,28,52,63,39,13,37,45,18,32,26,28,19
202109211515,58,33,26,51,56,39,8,40,46,17,28,30,25,21,56,36,25,54,58,39,12,41,43,16,28,31,25,22
202109211530,53,36,24,53,63,37,7,41,49,19,28,24,30,22,52,38,23,55,64,37,12,42,45,18,29,26,29,23
202109211545,59,34,24,52,63,32,8,39,43,13,32,20,23,23,58,36,23,55,64,32,12,40,40,13,32,22,22,24
202109211600,59,36,23,54,60,31,10,33,48,18,36,23,30,18,58,38,22,57,61,32,14,34,45,17,36,24,29,19
202109211615,66,34,20,56,58,36,8,41,48,16,33,22,31,22,64,37,19,59,60,36,12,42,45,15,33,24,30,22
202109211630,67,35,22,61,66,37,10,42,51,20,34,26,28,22,66,38,21,64,67,37,14,43,48,19,34,27,27,23
202109211645,60,33,26,62,59,38,11,46,49,26,39,30,26,24,58,36,25,64,60,38,15,47,46,25,38,31,26,25
202109211700,64,30,28,58,64,40,14,50,50,25,42,29,26,24,63,33,27,61,65,40,18,51,47,24,41,30,26,25
202109211715,65,33,25,56,64,44,16,45,53,26,39,32,27,23,64,36,24,59,66,44,20,46,50,25,38,33,27,24
202109211730,71,34,27,54,69,43,17,44,54,24,39,30,25,21,70,38,26,58,71,43,21,45,51,23,38,31,25,22
202109211745,71,36,25,53,70,40,16,42,58,26,38,34,24,20,70,39,24,57,72,41,20,43,54,25,37,35,24,21
202109211800,77,40,32,62,71,43,14,42,60,23,40,35,29,26,75,43,31,65,73,43,19,43,56,22,39,36,29,27
202109211815,72,42,32,59,72,45,12,37,68,22,43,31,29,27,70,45,31,62,73,46,18,39,63,21,42,33,29,28
202109211830,77,49,33,57,75,45,11,42,68,20,45,38,30,26,75,51,32,61,77,46,17,43,63,19,44,39,30,27
202109211845,83,47,31,59,72,48,14,42,68,19,50,35,31,27,81,50,30,63,74,49,20,43,63,19,49,36,31,28
202109211900,100,56,33,65,72,48,15,40,64,18,53,37,34,28,97,60,32,70,75,48,20,42,60,18,52,38,34,29
202109211915,101,59,30,75,72,53,14,37,73,19,47,38,43,27,98,63,29,79,75,54,20,39,68,19,47,39,42,28
202109211930,99,57,34,84,75,60,13,43,83,19,54,38,39,26,96,60,33,88,78,61,21,44,77,18,53,39,38,28
202109211945,94,60,32,80,76,56,13,41,77,17,54,35,40,26,92,63,31,84,79,57,20,42,71,17,53,36,39,27
202109212000,95,55,34,86,71,54,16,45,75,15,56,38,42,26,92,58,33,89,74,55,22,46,70,15,55,39,41,27
202109212015,88,53,33,80,64,52,17,41,83,23,52,43,40,26,85,56,32,83,67,54,24,42,77,23,52,44,40,27
202109212030,81,52,34,78,65,52,15,46,71,21,51,38,39,26,79,55,33,81,68,52,21,47,66,21,51,39,38,27
202109212045,79,47,33,77,66,48,16,45,72,24,50,45,35,29,77,50,32,80,68,49,22,46,67,23,49,46,35,30
202109212100,76,46,39,81,63,49,18,43,75,24,49,41,35,30,74,49,38,83,65,50,24,45,70,24,48,42,35,32
202109212115,73,41,39,73,63,47,21,40,75,24,50,40,38,34,71,44,38,76,65,48,27,42,70,24,49,42,37,35
202109212130,64,37,35,76,61,42,18,36,76,21,48,34,37,34,63,39,34,78,63,44,24,38,71,21,48,36,36,35
202109212145,50,38,34,64,58,40,18,34,74,15,44,31,33,37,49,39,33,66,59,42,24,36,69,15,43,34,32,38
202109212200,50,37,37,64,54,40,16,36,77,16,40,32,33,38,49,38,36,66,55,42,22,38,72,16,40,35,32,39
202109212215,50,37,38,64,58,40,19,33,82,17,44,35,34,39,49,38,37,65,59,43,26,35,76,17,44,38,33,40
202109212230,44,32,33,69,55,40,16,27,80,17,44,33,31,34,43,33,32,70,56,43,23,29,74,17,43,35,31,35
202109212245,45,32,31,69,49,39,15,26,77,16,39,29,31,35,44,33,31,70,50,42,22,28,71,16,39,32,30,35
202109212300,43,28,29,65,46,40,13,29,70,15,36,29,36,37,42,29,29,66,47,42,19,31,65,15,37,32,35,37
202109212315,36,28,28,61,40,31,13,25,67,14,36,28,34,32,35,29,28,62,41,34,19,27,62,14,36,30,33,32
202109212330,27,19,21,50,37,28,10,21,59,9,22,24,30,27,26,20,21,51,38,30,15,23,55,9,23,26,29,27
202109212345,25,18,18,44,31,26,9,20,52,10,22,19,25,27,24,19,18,45,32,28,14,22,48,10,23,22,24,27
202109220000,24,17,23,45,30,21,10,17,43,10,23,18,19,24,22,18,22,46,31,23,13,19,40,10,23,20,19,24
202109220015,23,17,19,42,27,18,8,16,41,11,22,18,16,21,22,18,19,43,28,20,12,18,38,11,22,20,16,21
202109220030,20,15,16,38,28,16,5,14,40,13,19,18,14,18,19,16,16,39,29,18,9,16,37,12,19,20,14,18
202109220045,16,14,15,39,27,14,3,11,37,13,17,13,11,13,15,14,14,39,28,16,7,13,34,12,17,14,11,13
202109220100,14,15,13,34,27,11,3,12,36,12,15,14,11,12,13,15,12,34,28,13,7,14,33,11,15,15,11,12
202109220115,12,14,12,30,19,10,3,13,34,8,14,12,10,9,11,14,11,31,20,12,6,14,32,8,14,13,10,9
202109220130,12,8,12,30,17,10,5,13,31,7,16,11,12,10,11,9,11,31,18,12,8,14,29,7,16,12,12,10
202109220145,9,8,9,27,17,10,3,14,32,6,15,11,11,10,8,9,9,28,18,12,6,16,30,6,15,12,11,10
202109220200,9,5,10,24,14,9,3,11,32,7,14,9,9,12,7,6,10,25,15,11,6,13,30,7,14,11,9,12
202109220215,10,7,10,23,14,7,3,7,29,6,13,8,7,10,8,8,9,24,15,9,6,9,27,6,13,9,7,10
202109220230,10,6,11,23,12,9,4,7,24,7,13,8,8,11,8,7,10,24,14,10,6,9,22,7,13,10,8,11
202109220245,9,8,11,22,12,11,4,6,23,6,14,8,7,11,8,9,10,23,13,12,6,8,21,6,13,10,7,11
202109220300,10,8,11,23,11,11,3,7,27,7,15,8,7,12,8,9,11,24,13,13,6,9,25,7,14,10,7,12
202109220315,8,7,7,22,9,11,2,7,23,7,14,2,4,11,6,8,7,23,11,12,4,9,21,7,13,4,4,11
202109220330,8,6,7,22,8,11,1,8,24,6,14,2,4,10,6,7,7,23,10,12,3,10,22,6,13,4,4,10
202109220345,10,5,7,21,8,12,2,7,25,5,14,2,6,10,8,6,7,22,10,13,4,9,23,5,13,4,5,10
202109220400,10,7,7,21,7,11,3,10,22,6,13,11,5,10,8,8,7,22,9,12,5,12,21,6,12,12,5,10
202109220415,10,7,7,21,6,10,2,6,23,5,12,7,5,10,8,8,7,22,8,11,4,8,21,5,11,8,5,10
202109220430,11,10,8,20,6,10,2,7,22,5,12,7,5,10,9,11,8,21,8,11,4,9,21,5,11,8,5,10
202109220445,11,7,7,21,6,11,3,6,22,5,12,6,5,11,9,8,7,22,8,12,5,8,21,5,11,8,5,11
202109220500,10,5,8,17,7,9,3,8,24,5,12,8,6,10,8,6,8,18,9,10,5,10,22,5,12,9,6,10
202109220515,8,6,9,17,4,11,3,11,23,4,11,10,5,11,6,7,9,18,6,12,5,13,22,4,11,11,5,11
202109220530,10,6,9,16,5,10,5,12,24,5,11,10,8,11,8,7,9,17,7,11,7,14,23,5,11,11,8,11
202109220545,14,10,17,25,9,18,7,18,35,8,19,15,13,11,12,11,16,26,11,19,10,19,33,8,19,16,13,12
202109220600,15,14,14,29,17,18,9,21,37,9,23,19,16,13,14,14,13,30,19,20,12,22,35,9,23,20,16,13
202109220615,19,15,12,33,18,20,11,22,39,12,21,21,14,16,17,16,12,34,20,22,14,23,37,12,21,22,14,16
202109220630,23,13,14,36,18,22,12,27,44,12,23,27,18,19,21,14,14,37,20,24,15,28,42,12,23,28,18,19
202109220645,20,19,16,39,20,25,11,38,48,15,26,25,19,20,18,19,16,40,22,27,15,39,45,15,26,26,19,20
202109220700,23,21,19,38,22,26,13,44,57,25,26,30,21,19,21,22,18,39,24,28,18,45,53,24,26,31,21,19
202109220715,26,24,21,40,26,34,12,41,61,28,26,37,19,22,24,25,20,41,28,36,17,42,57,27,26,38,20,22
202109220730,28,24,25,47,35,36,12,42,59,27,31,35,22,24,27,25,24,48,36,37,17,43,55,26,31,36,23,25
202109220745,31,22,22,48,40,36,13,45,57,27,30,36,24,25,30,23,22,49,41,37,18,46,53,26,30,37,25,25
202109220800,32,24,25,46,48,33,13,43,58,29,27,39,24,23,31,25,24,47,48,35,18,44,54,28,27,40,25,24
202109220815,32,22,20,46,46,26,13,36,50,30,24,29,30,20,31,23,19,47,47,28,17,37,47,29,25,30,29,20
202109220830,28,20,17,46,46,27,10,36,48,27,21,30,24,17,27,21,16,47,46,28,14,37,45,26,22,30,24,17
202109220845,25,19,17,41,41,21,9,29,43,25,21,28,24,15,24,20,16,42,42,23,13,30,40,24,22,28,24,16
202109220900,26,20,14,44,43,23,7,28,41,25,20,24,25,17,25,21,14,45,43,24,11,29,38,24,21,25,24,17
202109220915,19,24,15,46,42,20,8,26,39,23,22,24,25,16,19,24,15,46,42,21,11,27,37,22,23,25,24,16
202109220930,22,24,14,43,45,20,10,29,37,25,23,22,27,12,22,24,13,43,45,21,13,30,35,24,24,22,26,12
202109220945,25,21,12,41,41,21,10,28,40,25,24,25,26,11,24,22,11,42,41,23,13,29,38,24,25,25,25,11
202109221000,28,24,14,43,46,24,8,31,42,26,22,24,27,12,27,25,13,44,46,25,12,32,39,25,23,24,26,12
202109221015,28,24,17,40,44,22,8,35,44,23,20,19,24,13,27,25,16,41,44,24,12,36,41,22,21,20,23,14
202109221030,31,24,17,42,43,24,8,36,37,24,25,22,25,14,30,25,16,44,44,25,11,37,35,23,25,23,24,14
202109221045,39,29,14,40,43,21,9,28,34,28,24,26,27,12,38,30,13,42,44,22,11,29,32,27,25,26,26,12
202109221100,33,27,12,44,46,25,9,33,39,32,25,22,24,8,32,28,11,45,47,26,12,34,37,30,25,22,23,8
202109221115,36,28,13,47,46,25,7,32,39,34,22,23,19,9,35,29,12,48,47,26,10,33,36,32,22,23,19,9
202109221130,38,30,14,52,46,23,7,28,42,29,19,21,23,12,37,31,13,54,47,24,11,29,39,27,20,22,22,12
202109221145,43,35,12,55,46,22,6,29,45,32,20,23,31,11,42,36,11,57,47,24,10,30,42,30,22,23,30,11
202109221200,45,36,13,54,42,25,5,30,47,33,21,20,26,11,43,37,12,56,44,27,10,31,43,31,22,21,25,11
202109221215,46,34,15,61,40,26,7,33,49,30,28,22,31,13,44,35,14,62,42,28,12,34,45,28,29,23,30,13
202109221230,47,41,15,57,45,21,9,28,48,28,22,21,25,14,46,42,14,58,47,23,13,29,45,27,23,22,24,14
202109221245,50,39,14,50,43,19,8,29,48,29,19,21,29,14,48,40,13,52,45,22,12,30,45,28,20,22,28,14
202109221300,52,31,15,46,41,19,10,28,45,31,21,20,27,12,50,33,14,48,43,21,14,29,42,30,22,21,26,12
202109221315,44,32,13,49,39,21,9,31,45,31,19,20,26,13,42,33,12,51,41,23,13,32,42,29,20,21,25,13
202109221330,47,34,17,44,39,28,8,30,41,29,22,20,24,12,45,35,16,46,41,29,12,31,38,28,23,21,23,12
202109221345,47,30,18,43,38,26,5,25,37,33,22,20,25,12,45,32,17,45,40,27,8,26,34,31,23,21,24,13
202109221400,43,31,13,43,44,24,5,27,39,31,22,21,28,14,41,32,12,45,45,25,9,28,36,29,23,22,27,14
202109221415,40,32,13,43,44,22,6,28,43,28,23,21,26,13,39,33,12,45,45,24,10,29,40,27,24,22,25,13
202109221430,41,34,15,48,43,20,8,28,42,25,22,16,24,12,40,35,14,50,44,22,12,29,39,24,23,17,23,13
202109221445,37,30,12,50,44,20,7,25,44,27,23,14,24,11,36,31,11,51,45,22,11,26,41,26,24,15,23,11
202109221500,40,31,15,51,43,20,9,28,43,25,24,22,25,10,39,32,14,52,44,22,13,29,40,24,25,22,24,11
202109221515,43,27,14,53,46,23,10,29,46,23,25,22,21,12,42,29,13,54,47,25,14,30,43,22,25,23,21,12
202109221530,43,27,14,50,52,25,9,31,50,25,25,22,25,13,42,29,13,52,53,27,13,32,47,24,25,23,24,13
202109221545,42,29,15,54,52,22,7,32,50,27,26,26,31,12,41,30,14,56,53,24,12,33,46,26,27,26,30,12
202109221600,41,33,19,52,58,21,8,33,52,31,29,27,28,12,41,34,18,54,58,24,13,34,48,29,29,27,27,13
202109221615,40,30,19,52,58,24,6,35,48,29,29,26,27,11,40,31,18,54,58,26,10,36,45,27,29,26,26,12
202109221630,48,35,17,48,61,23,7,43,52,30,29,31,29,12,47,36,16,50,61,25,12,43,48,28,30,31,29,13
202109221645,48,34,19,57,73,25,9,52,59,32,29,40,22,19,48,35,18,59,73,28,14,53,55,30,29,40,23,19
202109221700,53,37,21,62,69,31,7,52,65,29,23,41,29,20,52,39,20,64,69,34,13,53,60,27,24,41,30,20
202109221715,48,37,22,65,70,26,7,58,58,31,30,46,29,21,48,38,21,66,70,28,13,58,54,29,30,46,30,21
202109221730,62,40,24,61,74,29,10,60,56,34,32,51,33,22,61,42,23,63,75,31,15,60,52,32,33,50,34,23
202109221745,69,45,24,65,83,33,10,62,62,39,31,48,33,21,68,47,23,68,83,35,16,62,57,37,32,48,34,22
202109221800,76,48,29,63,96,35,13,63,64,32,38,45,38,22,76,51,28,66,96,37,19,63,59,31,39,45,38,23
202109221815,84,55,32,65,98,42,14,49,61,40,43,41,40,24,84,57,31,69,98,43,19,50,57,38,43,42,39,25
202109221830,83,58,33,64,102,44,16,54,66,36,50,45,36,28,83,60,32,68,102,45,21,55,62,35,49,46,36,29
202109221845,83,53,36,66,103,43,14,55,72,33,54,47,33,31,83,55,35,70,103,45,20,56,67,32,52,48,34,32
202109221900,90,51,37,71,97,44,18,51,83,32,57,44,34,32,89,54,36,75,98,47,25,52,77,31,55,45,34,33
202109221915,96,53,36,69,105,46,19,49,78,30,58,45,37,32,95,57,35,73,106,48,25,50,73,29,56,46,37,33
202109221930,89,56,35,76,101,51,19,51,79,28,59,45,39,28,88,59,34,79,102,52,25,52,74,27,58,46,39,29
202109221945,78,52,37,73,98,49,18,50,80,28,64,47,42,30,78,54,36,76,98,51,25,51,74,27,62,48,42,31
202109222000,75,53,34,69,97,48,18,45,83,30,62,43,37,36,75,55,33,72,97,50,25,47,77,29,60,45,37,37
202109222015,74,54,40,76,101,45,17,44,81,26,60,41,33,37,74,56,39,78,101,47,24,46,75,25,58,43,33,38
202109222030,74,47,43,76,88,44,17,48,80,29,59,43,30,35,73,49,42,78,89,46,24,50,74,28,56,45,31,37
202109222045,70,49,44,74,87,49,18,38,81,30,55,44,35,40,69,51,43,76,87,51,25,40,75,29,54,46,35,41
202109222100,76,52,37,78,76,45,18,34,79,29,54,47,31,44,75,54,37,80,77,47,25,37,73,28,52,50,32,44
202109222115,65,46,38,86,59,44,21,35,74,27,49,37,32,44,64,48,38,87,61,46,27,38,69,26,48,40,32,45
202109222130,57,43,34,87,59,49,22,32,73,25,51,40,32,45,56,44,34,88,60,50,27,35,69,25,50,43,32,45
202109222145,57,40,35,88,59,45,16,29,72,22,50,39,32,45,56,42,35,89,60,46,22,32,67,21,49,42,32,45
202109222200,56,38,38,85,56,47,19,37,74,24,46,40,30,42,55,40,38,85,58,48,25,39,69,24,45,43,30,43
202109222215,50,40,40,76,51,43,16,40,84,26,46,34,32,42,49,41,39,77,53,46,23,42,78,25,45,37,32,43
202109222230,50,41,34,80,49,40,17,33,76,28,42,34,34,37,48,42,33,80,51,42,23,35,71,27,42,37,33,38
202109222245,48,34,28,71,56,36,15,35,67,27,42,38,30,35,47,35,28,72,57,38,21,37,62,26,41,40,30,35
202109222300,40,31,28,68,52,36,18,30,61,25,37,30,27,37,39,32,28,68,53,38,23,32,57,25,36,33,27,37
202109222315,40,31,27,62,45,33,17,25,60,23,32,29,26,34,39,32,27,63,46,35,21,27,56,23,32,32,26,34
202109222330,39,28,26,58,37,32,15,20,61,20,30,22,25,37,37,29,26,59,39,34,20,23,57,19,30,25,24,37
202109222345,33,26,24,57,34,27,14,23,56,16,28,22,25,31,31,27,24,58,36,29,18,25,52,16,28,25,24,31
202109230000,29,25,24,54,27,25,12,21,56,17,24,23,24,29,27,26,24,55,29,27,17,23,52,17,24,25,23,29
202109230015,30,27,21,49,23,23,12,18,48,13,23,20,22,28,28,28,21,50,25,25,16,20,45,13,23,23,21,28
202109230030,36,33,23,60,24,23,12,22,49,12,25,17,24,30,34,33,23,61,26,25,16,24,46,12,25,20,23,30
202109230045,31,30,24,53,19,20,11,20,49,10,24,15,21,26,29,30,24,54,22,23,15,22,46,10,24,18,20,26
202109230100,27,27,22,48,19,16,12,17,44,8,21,16,19,23,25,27,21,48,21,19,15,19,41,8,21,18,18,23
202109230115,26,29,21,47,15,16,11,16,43,10,20,15,17,20,24,29,20,48,17,18,14,18,40,10,20,17,16,20
202109230130,21,26,19,44,14,13,9,17,43,11,21,14,18,20,19,26,18,45,16,16,13,19,40,11,21,16,17,20
202109230145,22,21,15,43,14,15,10,14,37,9,20,14,16,21,20,21,15,44,16,17,13,16,35,9,20,16,16,21
202109230200,21,19,17,42,17,13,11,18,37,9,19,14,15,19,19,19,17,43,19,15,14,20,35,9,19,16,15,19
202109230215,16,18,14,36,16,14,10,11,36,9,18,17,11,18,14,18,14,37,18,16,13,13,34,9,18,19,11,18
202109230230,19,17,14,35,12,13,9,10,35,8,19,17,13,17,17,18,14,36,14,15,12,12,33,8,19,18,13,17
202109230245,17,16,14,34,11,16,9,10,32,7,18,15,8,16,15,17,14,35,13,17,11,12,30,7,17,16,9,16
202109230300,14,15,13,36,11,18,8,11,34,7,17,15,10,19,12,15,13,37,13,19,11,13,32,7,16,17,10,19
202109230315,15,14,12,36,12,17,5,14,32,9,20,3,11,17,13,15,12,37,14,18,8,16,30,9,19,6,10,17
202109230330,13,13,10,34,9,14,5,12,34,9,20,3,12,19,11,13,10,35,11,16,8,14,32,9,19,6,11,18
202109230345,14,12,11,33,10,14,6,12,34,7,18,3,11,18,12,13,11,34,12,16,9,14,32,7,18,6,10,18
202109230400,14,13,9,28,10,12,8,11,29,8,18,12,12,14,12,14,9,29,12,14,10,13,27,8,18,14,12,14
202109230415,15,15,7,30,9,11,9,12,28,9,18,10,12,14,13,15,7,31,11,13,11,14,27,9,18,12,12,14
202109230430,12,15,8,29,10,12,8,11,27,9,16,11,11,15,10,15,8,30,12,13,10,13,26,9,16,13,11,14
202109230445,11,15,9,29,11,13,8,11,26,9,15,11,11,14,9,15,9,30,13,14,10,13,25,9,15,13,11,13
202109230500,13,13,11,29,9,14,9,11,25,9,17,14,11,14,11,13,11,30,11,15,11,13,24,9,17,15,11,14
202109230515,14,14,10,25,10,12,9,12,25,11,15,12,11,13,12,14,10,26,12,13,11,14,24,11,15,13,11,13
202109230530,13,14,11,27,12,12,7,14,30,10,17,10,11,12,11,14,10,28,14,14,9,16,28,10,17,11,11,12
202109230545,15,17,13,30,13,15,9,17,31,10,18,14,12,15,13,17,13,31,15,16,11,19,29,10,18,16,12,15
202109230600,15,20,14,32,17,17,11,19,33,13,19,16,14,19,13,20,14,33,19,18,13,21,31,13,19,18,14,19
202109230615,15,17,17,37,19,20,15,20,37,12,19,17,15,20,14,17,17,38,20,21,17,22,35,12,19,19,15,20
202109230630,17,21,17,38,21,26,16,25,40,17,25,24,15,19,15,21,16,39,22,27,19,27,38,17,24,25,16,19
202109230645,18,25,17,39,20,27,19,36,45,16,21,26,17,18,16,25,16,40,22,28,22,37,43,16,21,27,17,18
202109230700,24,23,21,43,26,30,16,41,59,27,27,26,21,21,23,23,20,44,28,32,21,42,55,26,27,27,21,21
202109230715,22,26,18,50,35,32,14,45,62,32,30,35,22,28,21,26,18,50,36,34,19,46,58,31,30,36,23,28
202109230730,29,29,21,53,37,34,14,54,67,33,28,39,20,25,28,29,21,53,38,36,20,55,62,32,28,40,21,25
202109230745,30,30,23,47,41,41,20,77,71,32,25,49,26,24,29,30,22,48,42,43,25,77,66,31,26,49,28,25
202109230800,34,28,20,50,51,38,18,83,67,39,24,44,22,25,34,29,20,51,51,40,23,83,63,37,24,44,24,25
202109230815,31,28,17,50,60,32,13,54,65,34,20,33,23,20,31,29,17,51,60,34,19,55,60,32,21,34,24,20
202109230830,30,27,15,55,55,32,13,35,66,31,19,30,20,21,30,27,15,56,55,35,19,36,61,30,20,31,20,21
202109230845,27,21,13,51,52,24,12,34,55,25,18,29,20,21,27,22,13,51,52,27,17,35,51,24,19,30,20,21
202109230900,25,20,15,53,45,24,13,32,55,28,26,28,23,22,24,21,15,53,45,26,17,33,51,27,26,29,23,22
202109230915,25,20,16,46,41,21,12,31,46,26,26,25,22,17,24,21,16,47,42,23,16,32,43,25,26,26,22,17
202109230930,24,22,16,45,50,19,12,32,40,23,20,27,27,18,24,22,16,46,50,21,15,33,38,22,21,28,27,18
202109230945,26,21,14,40,44,21,11,27,47,32,20,21,23,15,25,22,13,41,44,23,15,28,44,30,21,22,23,15
202109231000,29,25,12,44,43,21,12,31,48,31,19,23,18,18,28,26,12,45,44,23,16,32,45,30,19,24,18,18
202109231015,26,27,12,46,38,21,11,29,43,31,20,24,20,16,25,27,12,47,39,23,14,30,41,30,20,25,20,16
202109231030,25,23,15,49,43,20,13,30,47,30,21,23,20,16,24,23,14,49,43,22,17,31,44,29,21,24,20,16
202109231045,29,23,15,54,44,21,13,30,47,32,23,24,23,16,28,24,14,54,44,23,17,31,44,31,23,25,23,16
202109231100,32,29,16,55,43,19,14,34,42,33,25,27,23,14,31,29,15,56,44,21,17,35,40,32,25,27,23,14
202109231115,28,31,13,53,40,20,13,32,44,33,24,25,24,16,27,31,13,54,41,22,16,33,42,32,24,26,24,16
202109231130,36,30,13,53,41,23,13,26,52,31,20,26,27,15,35,31,13,54,42,25,17,27,49,30,21,27,26,15
202109231145,38,32,15,59,40,25,13,31,47,30,21,27,26,20,37,33,15,60,41,27,17,32,44,29,22,28,26,20
202109231200,42,43,18,69,44,31,13,34,50,26,26,26,29,20,41,43,18,70,45,32,17,35,47,25,27,27,28,20
202109231215,48,48,17,71,40,35,13,34,49,27,28,24,28,21,46,48,17,72,42,35,17,35,46,26,28,25,27,21
202109231230,41,46,15,68,46,32,10,29,40,25,29,22,29,20,40,45,15,69,47,32,13,30,38,24,30,23,28,20
202109231245,34,40,13,68,46,33,12,32,42,26,30,20,24,16,33,40,13,68,47,33,15,33,40,25,30,21,23,16
202109231300,39,31,10,65,43,28,12,33,40,25,25,21,23,14,38,32,10,66,44,29,15,34,38,24,25,22,22,14
202109231315,38,29,13,58,40,28,9,30,42,24,25,22,19,14,37,30,12,59,41,29,12,31,39,23,25,23,19,14
202109231330,36,33,11,56,43,29,10,34,47,31,24,24,20,14,35,33,11,57,44,30,14,35,44,29,24,25,20,14
202109231345,39,33,11,53,43,29,12,35,44,30,20,24,22,12,38,34,11,54,44,30,15,36,41,29,21,24,22,12
202109231400,36,29,13,60,45,28,13,34,40,25,19,19,23,16,35,30,13,60,46,29,16,35,38,24,20,20,22,16
202109231415,30,23,14,58,42,24,12,31,40,27,17,22,23,18,29,24,14,58,43,25,15,32,38,26,18,23,22,18
202109231430,33,27,13,53,44,22,12,32,36,29,20,21,22,15,32,28,13,54,45,23,14,33,34,28,21,22,22,15
202109231445,32,25,16,57,48,23,14,33,38,30,20,19,24,15,31,26,15,58,48,24,16,34,36,29,21,20,23,15
202109231500,33,25,13,55,45,21,12,32,42,32,21,16,27,13,32,26,12,56,46,23,15,33,39,31,22,17,26,13
202109231515,40,26,15,58,45,20,12,33,39,30,16,22,25,15,38,28,14,59,46,22,15,34,37,29,17,23,24,15
202109231530,42,28,16,59,48,21,9,37,40,27,21,23,23,16,41,29,15,60,49,22,12,38,38,26,22,24,23,16
202109231545,45,28,13,56,50,27,9,33,47,27,20,27,22,17,44,30,13,57,51,28,13,34,44,26,21,28,22,17
202109231600,41,29,14,56,50,24,11,31,46,30,24,24,21,15,40,30,14,57,51,26,15,32,43,29,24,25,21,15
202109231615,37,34,14,62,54,22,11,35,46,28,26,27,19,14,36,34,14,63,54,24,15,36,43,27,26,27,19,14
202109231630,39,36,16,60,59,27,12,44,49,30,27,26,21,13,39,36,15,61,59,28,16,44,46,29,27,26,21,13
202109231645,42,39,21,68,60,30,12,57,54,32,25,42,19,18,42,39,20,69,60,32,17,57,50,31,25,42,21,19
202109231700,53,37,19,58,60,32,10,50,64,33,27,32,25,17,52,39,18,60,61,34,16,50,59,31,27,32,25,17
202109231715,50,35,18,65,63,34,12,52,54,38,32,37,29,23,49,37,18,66,64,35,16,53,50,36,32,38,29,23
202109231730,56,35,22,73,65,35,12,57,55,39,31,41,30,22,55,37,21,74,66,36,17,58,51,37,31,41,30,23
202109231745,65,34,24,74,75,39,12,60,66,35,33,46,30,24,64,37,23,76,76,41,18,60,61,33,33,46,31,25
202109231800,67,37,28,68,86,39,17,61,70,34,39,51,32,25,67,40,27,70,86,41,23,62,65,33,39,51,33,26
202109231815,75,46,26,70,90,45,17,53,71,34,43,44,35,23,74,49,25,73,90,46,23,54,66,33,43,44,35,24
202109231830,74,53,24,79,89,51,16,52,76,32,45,44,31,24,73,55,23,82,89,52,22,53,71,31,44,44,32,25
202109231845,74,50,29,77,86,49,14,53,73,32,51,43,32,28,73,52,28,80,87,50,20,54,68,31,50,44,32,29
202109231900,80,54,28,80,91,56,16,56,76,31,46,44,33,28,79,56,27,83,92,56,23,57,71,30,45,45,33,29
202109231915,81,55,30,84,86,53,18,50,77,23,51,39,32,29,80,57,29,86,87,54,24,51,72,23,50,40,32,30
202109231930,87,56,35,76,88,52,20,46,73,27,57,38,31,27,86,59,34,79,89,53,26,47,68,26,55,39,31,28
202109231945,80,56,32,80,84,54,16,46,78,30,61,38,36,34,79,58,31,83,85,55,23,48,72,29,59,40,36,35
202109232000,80,55,33,79,90,51,16,45,78,30,61,36,35,32,79,57,32,82,91,52,23,47,72,29,59,38,34,33
202109232015,78,56,32,78,83,60,17,39,81,33,59,41,32,33,77,58,31,81,84,60,24,41,75,32,57,43,32,34
202109232030,76,51,30,76,83,51,18,42,75,30,57,42,34,35,75,53,30,78,84,52,24,44,70,29,55,44,34,35
202109232045,73,44,35,75,83,50,22,35,71,30,63,41,32,38,72,47,34,77,84,51,27,37,67,29,60,43,32,39
202109232100,70,46,28,73,80,58,19,36,77,32,60,39,35,39,69,48,28,75,81,58,25,38,72,31,58,42,35,39
202109232115,72,46,27,70,74,60,22,34,77,28,58,36,36,38,71,48,27,72,75,60,28,36,72,27,56,39,35,38
202109232130,61,44,29,82,77,54,20,34,74,31,56,31,37,38,61,45,29,83,77,54,26,36,69,30,55,34,36,38
202109232145,61,39,32,84,69,57,19,38,77,27,56,33,36,39,60,41,32,85,70,57,25,40,72,26,55,36,35,39
202109232200,60,39,33,77,59,54,19,34,80,27,51,34,38,38,59,41,33,78,61,55,26,36,74,26,50,37,37,39
202109232215,59,40,34,85,56,54,15,31,74,24,49,36,34,44,57,42,34,86,58,54,21,34,69,23,48,39,34,44
202109232230,54,35,29,74,52,47,17,28,70,21,47,32,37,47,52,37,30,75,54,48,23,31,65,20,47,36,36,46
202109232245,47,34,29,74,50,39,18,30,67,23,45,31,35,39,45,35,29,75,51,41,23,33,63,22,45,34,34,39
202109232300,47,30,30,75,46,40,16,25,68,19,46,28,28,38,45,32,30,76,48,42,21,28,63,19,45,31,28,38
202109232315,49,31,23,78,45,33,13,19,70,21,37,30,24,35,47,33,23,79,47,36,19,22,65,21,36,33,24,35
202109232330,50,26,21,69,39,27,12,19,65,18,33,26,25,32,48,28,21,70,41,30,18,21,60,18,33,29,25,32
202109232345,46,27,22,64,37,26,14,22,62,16,33,25,22,25,44,29,22,65,39,29,19,24,58,16,32,27,22,25
202109240000,39,24,21,61,37,23,12,25,61,18,31,22,18,26,37,26,21,62,39,26,17,27,57,18,30,24,18,26
202109240015,37,25,19,56,34,20,10,19,57,19,26,20,16,20,36,26,18,57,36,23,15,21,53,18,25,22,16,20
202109240030,28,24,19,52,33,18,12,17,53,16,21,17,14,21,27,25,18,52,34,21,16,19,50,16,20,19,14,21
202109240045,26,27,16,48,28,18,11,13,47,16,18,18,12,20,25,27,16,49,29,21,15,15,44,16,18,20,12,20
202109240100,24,28,15,45,23,17,11,12,45,13,17,16,11,20,22,28,15,46,25,19,15,14,42,13,17,18,11,20
202109240115,20,26,14,40,22,16,11,11,44,10,20,17,11,16,18,26,14,41,23,19,15,13,41,10,19,18,11,16
202109240130,21,21,12,38,19,17,10,9,45,9,17,16,11,16,19,21,12,39,21,19,14,11,42,9,17,17,11,16
202109240145,18,21,14,34,20,17,8,11,39,10,18,14,10,16,16,21,14,35,21,19,11,13,36,10,17,16,10,16
202109240200,20,20,13,32,16,15,7,10,41,11,17,12,9,18,18,20,13,33,18,17,10,12,38,11,16,14,9,18
202109240215,17,18,13,29,13,14,6,10,40,11,16,14,8,18,15,18,13,30,15,16,10,12,37,11,15,16,8,18
202109240230,17,20,15,28,12,15,8,10,37,10,17,14,9,18,15,20,15,29,14,17,11,12,35,10,16,16,9,18
202109240245,17,18,13,23,11,15,7,9,36,10,17,13,10,18,15,18,13,24,13,17,10,11,34,10,17,15,10,18
202109240300,14,18,13,26,14,14,7,10,37,10,18,11,9,20,12,18,13,27,16,16,10,12,35,10,17,13,9,20
202109240315,12,17,9,26,14,11,4,11,38,9,19,6,9,21,10,17,9,27,15,14,8,13,35,9,18,9,9,20
202109240330,17,19,11,24,13,14,4,11,36,8,19,5,8,20,15,19,11,25,15,16,7,13,33,8,18,8,8,19
202109240345,16,20,9,24,13,14,4,10,38,8,17,4,8,19,14,20,9,25,15,16,8,12,35,8,16,7,7,18
202109240400,15,19,10,25,11,13,5,10,36,7,15,13,9,16,13,19,10,26,13,15,8,12,34,7,15,15,9,16
202109240415,15,17,10,25,10,11,4,11,36,6,17,11,7,15,13,17,10,26,12,13,7,13,33,6,16,13,7,15
202109240430,15,16,11,26,11,11,4,10,37,8,15,12,5,15,13,16,11,27,13,14,8,12,34,8,14,14,6,15
202109240445,16,17,10,23,11,14,5,9,38,7,12,11,8,14,14,17,10,25,13,16,9,11,35,7,12,13,8,14
202109240500,15,16,11,25,11,14,6,9,33,9,14,11,8,12,13,16,11,26,13,16,9,11,31,9,14,12,8,12
202109240515,16,17,12,24,11,13,8,13,33,8,14,11,8,13,14,17,12,25,13,15,11,15,31,8,14,12,8,13
202109240530,17,18,13,26,10,14,6,14,33,9,13,13,8,16,15,18,13,27,12,16,9,16,31,9,13,15,8,16
202109240545,19,20,13,25,12,15,6,16,33,12,14,14,9,16,17,20,13,26,14,17,9,18,31,11,14,16,9,16
202109240600,19,19,15,26,18,16,9,22,39,10,18,15,9,18,17,19,15,27,20,18,12,24,37,10,17,17,9,18
202109240615,20,18,16,28,17,17,9,20,39,15,19,18,11,20,18,19,16,29,19,19,12,22,37,15,18,20,11,20
202109240630,23,25,14,33,21,19,12,25,41,15,22,24,13,21,21,25,14,34,23,21,15,27,39,15,21,25,14,21
202109240645,25,25,16,31,21,22,15,32,45,20,24,24,15,24,23,25,16,33,23,24,18,34,42,20,23,26,15,24
202109240700,28,30,22,33,24,25,15,33,54,28,23,25,20,26,26,30,22,35,26,27,19,35,51,27,23,27,20,26
202109240715,28,26,22,36,30,30,11,39,57,32,25,31,22,30,26,27,22,38,31,32,16,41,53,30,25,33,22,30
202109240730,31,31,24,42,35,34,11,44,56,30,27,41,20,33,30,31,24,43,36,35,16,46,52,29,27,43,21,33
202109240745,32,34,24,44,47,31,12,47,55,29,24,39,19,30,31,34,24,45,48,33,17,48,51,28,24,40,20,30
202109240800,38,34,23,48,54,29,12,45,60,29,24,40,25,24,37,35,22,50,54,31,17,46,56,28,25,41,26,24
202109240815,33,32,23,43,47,28,12,40,51,26,25,28,24,19,32,32,22,44,48,30,16,41,48,25,25,29,24,20
202109240830,34,27,22,46,42,26,15,39,51,32,26,26,22,17,33,28,21,47,43,28,19,40,48,31,26,27,22,18
202109240845,35,27,20,44,41,23,12,34,42,31,25,28,26,18,34,28,19,45,42,24,15,35,40,30,26,29,26,19
202109240900,35,29,21,43,39,21,12,30,43,30,22,32,25,15,34,30,20,45,40,23,15,31,40,29,23,32,25,16
202109240915,37,28,19,44,44,23,11,32,43,35,23,33,24,14,36,29,18,46,45,25,14,33,40,33,24,33,24,15
202109240930,33,27,20,46,42,25,9,31,44,36,26,33,30,15,32,28,19,47,43,26,13,32,41,34,27,33,30,16
202109240945,32,27,17,45,41,25,8,25,42,38,24,32,28,15,31,28,16,46,42,26,12,26,39,36,25,32,28,15
202109241000,32,30,21,50,39,26,11,31,40,38,24,32,28,16,31,30,20,51,40,27,14,32,38,36,25,32,28,17
202109241015,33,32,19,48,45,25,9,30,38,40,22,29,30,16,32,32,18,49,46,26,12,31,36,38,23,29,29,17
202109241030,34,27,18,49,43,25,7,26,37,39,24,29,30,15,33,28,17,50,44,26,10,27,35,37,25,29,29,15
202109241045,35,29,17,52,47,25,8,26,41,38,23,28,30,16,34,30,16,53,48,26,12,27,38,36,24,29,29,16
202109241100,35,29,17,58,45,27,10,29,43,35,24,32,27,15,34,30,16,59,46,28,14,30,40,33,25,32,27,15
202109241115,35,27,14,62,46,22,9,28,42,30,23,34,25,15,34,28,14,62,47,23,13,29,39,29,24,34,25,15
202109241130,39,29,15,62,49,24,9,28,46,28,21,32,28,17,38,30,15,63,50,26,13,29,43,27,22,32,28,17
202109241145,44,32,20,58,45,26,12,31,42,31,22,24,30,21,43,33,19,59,46,27,15,32,40,30,23,26,29,21
202109241200,49,40,20,63,43,33,11,38,48,34,23,25,32,24,47,41,20,64,45,34,15,39,45,32,24,27,31,24
202109241215,50,46,21,61,50,38,11,33,50,28,20,24,33,21,48,46,20,62,52,38,15,34,47,27,22,25,32,21
202109241230,51,45,18,57,50,35,12,30,39,30,22,21,34,18,49,45,17,59,52,34,15,31,37,29,24,22,32,18
202109241245,52,42,15,62,43,28,13,29,35,29,22,19,37,17,50,43,15,63,45,28,15,30,33,28,24,20,35,17
202109241300,56,39,16,59,45,29,10,29,38,31,23,21,33,12,54,41,15,61,47,29,13,30,36,29,25,22,31,13
202109241315,51,40,12,60,47,28,9,31,41,31,21,19,32,13,49,41,12,62,49,28,13,32,38,29,23,20,30,13
202109241330,44,39,11,60,52,26,6,31,39,37,20,20,26,12,43,40,11,61,53,27,10,32,36,35,21,21,25,12
202109241345,41,34,13,61,56,25,8,27,34,32,24,20,25,15,40,35,13,62,57,25,11,28,32,30,25,21,24,15
202109241400,45,32,11,60,53,23,7,30,35,39,23,17,26,14,44,33,11,61,54,24,10,31,33,37,24,18,25,14
202109241415,44,32,9,59,49,26,7,27,36,34,28,16,29,14,43,33,9,60,50,26,10,28,34,32,29,17,27,14
202109241430,38,30,11,56,41,28,7,35,35,35,24,18,30,15,36,31,11,57,42,28,10,36,33,33,25,19,28,15
202109241445,40,31,12,55,38,28,9,32,36,37,23,21,29,11,38,32,11,56,40,28,12,33,34,35,24,22,28,11
202109241500,39,29,13,58,41,25,12,34,36,39,26,21,28,11,38,30,12,59,42,25,14,35,34,37,27,22,27,12
202109241515,42,27,12,56,42,24,11,34,38,34,23,19,23,11,40,29,11,57,44,25,14,35,36,32,23,20,22,11
202109241530,41,32,14,50,43,27,9,38,37,35,23,18,28,17,40,33,14,52,45,28,12,39,35,33,24,19,27,17
202109241545,37,34,13,47,43,28,10,38,39,34,27,17,27,16,36,34,13,49,44,29,13,39,37,32,28,18,26,16
202109241600,43,32,17,50,40,25,11,36,47,36,27,18,28,15,41,33,16,52,42,27,15,37,44,34,28,19,27,15
202109241615,38,30,13,55,45,26,10,44,49,31,26,24,27,17,37,31,13,56,46,28,14,45,46,30,27,25,26,17
202109241630,40,34,19,59,49,30,8,50,53,35,29,29,24,16,39,35,18,60,50,32,13,50,49,33,29,30,24,17
202109241645,41,38,25,55,55,31,10,63,54,30,28,33,23,21,40,38,24,56,56,33,15,63,50,29,28,34,23,22
202109241700,48,38,27,62,56,34,10,52,52,31,28,31,28,20,47,39,26,63,57,35,15,53,48,30,28,32,28,21
202109241715,53,40,23,60,61,36,10,55,50,30,32,40,30,23,52,41,22,62,62,36,14,56,46,29,32,41,30,23
202109241730,51,42,20,62,68,36,12,52,55,28,31,48,30,22,50,43,20,64,68,37,17,53,51,27,31,48,31,22
202109241745,57,40,21,60,79,39,15,63,57,36,33,39,33,22,57,42,21,62,79,40,20,63,53,34,34,39,33,22
202109241800,62,51,24,69,84,38,14,57,58,36,34,36,39,26,62,52,24,71,84,39,19,58,54,34,35,37,38,26
202109241815,79,50,27,70,90,44,14,56,63,30,40,36,33,25,78,52,26,73,91,45,19,57,59,29,40,37,33,26
202109241830,85,62,27,74,101,45,13,57,63,33,45,36,37,28,84,64,26,77,101,46,18,58,59,32,45,38,36,28
202109241845,80,59,28,79,101,49,17,61,69,34,45,35,39,32,80,61,28,82,101,50,23,62,64,33,45,37,38,32
202109241900,87,59,29,80,108,48,15,53,65,29,40,31,36,33,87,61,29,83,108,48,20,54,61,28,40,33,35,33
202109241915,88,62,29,77,104,48,15,51,63,25,37,38,40,34,88,64,29,80,104,48,20,52,59,24,38,40,39,34
202109241930,86,55,33,77,110,49,16,55,71,21,44,40,36,35,86,58,32,80,110,50,22,56,66,21,44,42,36,36
202109241945,89,55,35,78,116,56,17,47,67,24,45,37,37,38,89,58,34,81,115,56,22,49,62,24,45,40,36,39
202109242000,92,56,33,71,115,54,16,49,67,25,47,43,38,39,92,59,33,75,115,54,21,51,62,24,47,45,38,39
202109242015,83,54,33,73,102,56,17,45,73,29,48,37,37,39,83,57,33,76,102,56,23,47,68,28,48,40,36,39
202109242030,87,53,34,75,102,52,17,36,73,25,53,35,43,43,87,56,34,78,102,53,23,38,68,24,53,38,42,43
202109242045,89,51,31,75,95,57,19,38,75,26,46,37,38,41,88,54,31,78,96,57,25,40,70,25,46,40,37,41
202109242100,85,51,32,79,82,56,19,36,77,26,50,32,38,43,84,54,32,82,84,57,25,38,72,26,49,35,37,43
202109242115,80,46,37,88,82,56,20,35,73,26,52,34,39,39,79,49,36,90,83,56,26,37,68,26,51,37,38,40
202109242130,71,44,33,93,80,52,22,36,73,28,52,34,39,41,70,46,33,94,81,53,27,38,68,27,51,37,38,41
202109242145,74,46,29,86,74,50,20,36,81,28,50,37,37,44,73,48,29,88,75,52,26,38,76,27,49,40,36,44
202109242200,70,42,30,83,74,52,19,37,86,31,50,34,38,49,69,44,31,85,75,54,26,40,80,30,49,38,37,48
202109242215,63,39,30,83,70,50,23,34,88,31,46,36,40,48,62,41,31,84,71,52,30,37,82,30,46,40,39,47
202109242230,57,41,35,84,65,51,24,34,86,27,48,37,36,47,56,43,35,85,66,53,31,37,80,27,47,41,35,47
202109242245,53,39,33,86,68,49,23,33,86,30,43,33,37,51,53,40,34,86,69,51,30,36,80,29,43,38,36,51
202109242300,49,43,30,89,63,49,21,31,80,29,40,29,33,47,48,44,31,89,64,51,27,34,75,28,40,33,32,47
202109242315,48,39,27,85,53,49,19,27,81,24,34,30,29,45,47,40,28,85,54,51,26,30,76,23,34,34,28,44
202109242330,46,38,28,82,54,49,17,24,81,19,35,28,25,44,45,39,29,82,55,51,24,27,75,19,34,32,25,44
202109242345,42,37,26,78,56,41,15,27,75,20,36,31,26,40,41,38,26,78,57,43,22,30,70,20,35,34,26,40
202109250000,37,35,27,77,49,43,12,28,73,20,41,31,25,35,36,35,27,77,50,45,19,30,68,19,40,34,25,35
202109250015,0,20,0,45,60,35,6,21,88,39,20,28,17,0,2,19,0,44,57,39,15,22,80,37,20,27,18,0
202109250030,0,15,0,39,42,25,5,21,56,32,21,23,18,0,1,14,0,38,41,28,11,22,51,30,21,22,18,0
202109250045,0,14,0,41,45,20,4,17,56,30,17,18,13,0,1,13,0,40,44,23,10,18,51,28,17,17,13,0
202109250100,0,10,0,33,40,21,4,16,58,32,16,16,10,0,0,10,0,33,39,24,10,17,53,30,16,16,10,0
202109250115,0,8,0,38,40,20,3,16,59,31,16,16,10,0,1,8,0,37,39,23,9,17,54,29,16,16,10,0
202109250130,0,8,0,38,38,17,4,17,55,28,15,16,9,0,1,8,0,37,37,20,10,18,50,26,15,16,9,0
202109250145,0,7,0,36,36,19,4,17,51,25,12,15,7,0,1,7,0,35,35,22,9,18,47,23,12,15,8,0
202109250200,0,5,0,36,33,18,3,14,51,26,12,14,9,0,0,5,0,35,32,21,8,15,47,24,12,14,9,0
202109250215,0,7,0,36,33,15,3,14,45,24,13,15,10,0,0,7,0,36,32,18,8,15,41,23,13,15,10,0
202109250230,0,8,0,34,32,14,3,13,42,25,13,17,10,0,0,8,0,33,31,16,7,14,39,23,13,16,10,0
202109250245,0,7,0,30,29,15,4,12,41,24,12,14,11,0,0,7,0,30,29,17,8,13,38,23,12,14,11,0
202109250300,0,8,0,30,27,16,3,12,42,25,13,13,12,0,0,8,0,30,27,18,7,13,39,23,13,13,12,0
202109250315,0,7,0,32,25,15,2,13,42,22,13,11,12,0,0,7,0,32,25,17,6,14,39,21,13,11,12,0
202109250330,0,6,0,31,23,13,2,14,43,22,12,11,12,0,0,6,0,31,23,16,6,15,40,21,12,11,12,0
202109250345,0,6,0,31,23,15,4,13,41,23,12,11,13,0,0,6,0,31,23,17,8,14,38,22,12,11,13,0
202109250400,0,6,0,32,20,12,3,13,41,20,11,11,14,0,0,6,0,32,20,15,7,14,38,19,11,11,13,0
202109250415,0,7,0,30,21,11,3,13,43,21,10,10,14,0,0,7,0,30,21,14,7,14,40,20,11,10,13,0
202109250430,0,10,0,29,19,10,3,14,42,19,11,11,11,0,0,10,0,29,19,13,7,15,39,18,11,11,11,0
202109250445,0,8,0,28,19,10,3,13,43,20,12,11,12,0,0,8,0,28,19,13,7,14,40,19,12,11,12,0
202109250500,0,7,0,28,22,12,3,14,44,19,12,12,11,0,0,7,0,28,22,15,8,15,41,18,12,12,11,0
202109250515,0,7,0,31,21,12,3,12,46,20,12,11,11,0,0,7,0,31,21,15,8,13,42,19,12,11,11,0
202109250530,0,8,0,33,22,11,3,12,43,21,11,10,13,0,0,8,0,32,22,14,7,13,40,20,11,10,13,0
202109250545,0,7,0,37,23,12,5,18,44,21,15,12,13,0,0,7,0,36,23,15,9,19,41,20,15,12,13,0
202109250600,16,12,9,29,13,14,7,16,36,10,16,17,16,14,14,13,9,30,15,16,10,18,34,10,16,18,16,14
202109250615,22,15,16,35,9,16,11,17,28,9,19,15,14,19,19,16,16,36,12,17,13,19,27,9,19,17,14,19
202109250630,23,15,18,41,9,16,13,16,29,10,22,14,19,20,20,16,18,42,12,17,14,18,28,10,22,16,18,20
202109250645,22,20,18,40,13,15,11,25,30,12,22,16,19,22,20,21,18,41,15,16,13,27,29,12,22,18,18,22
202109250700,29,27,17,48,15,18,13,27,34,14,26,15,19,28,27,27,17,49,18,19,15,29,33,14,26,18,18,27
202109250715,29,31,20,49,17,19,15,24,35,14,31,16,17,30,27,31,20,50,19,20,17,26,34,14,30,19,17,30
202109250730,31,30,22,52,21,23,17,22,40,13,33,17,18,25,29,30,22,52,23,24,19,24,38,13,32,19,18,25
202109250745,35,32,23,49,24,25,16,22,42,17,30,24,23,28,33,32,23,50,26,26,19,24,40,17,30,26,23,28
202109250800,35,37,24,57,27,28,16,29,45,17,37,28,24,34,33,37,24,58,29,29,19,31,43,17,36,31,24,34
202109250815,34,37,25,62,30,31,16,33,44,16,35,28,26,33,32,37,25,63,32,31,19,35,42,16,35,31,26,33
202109250830,37,40,25,66,32,36,17,27,43,15,37,35,27,38,35,40,25,66,34,36,20,29,41,15,36,38,27,38
202109250845,42,40,24,67,33,31,15,28,43,15,38,36,28,34,40,40,24,68,35,31,18,30,41,15,37,38,28,34
202109250900,43,37,25,65,32,30,17,28,41,14,35,29,27,33,41,37,25,66,34,30,19,30,39,14,35,32,27,33
202109250915,41,36,26,70,37,29,17,29,42,15,33,31,30,32,39,36,26,70,39,30,20,31,40,15,33,33,30,32
202109250930,41,36,29,74,44,35,14,35,36,15,33,36,32,33,40,36,29,74,45,34,16,37,34,15,33,38,32,33
202109250945,44,37,28,78,45,35,16,32,40,17,33,35,31,35,43,38,28,78,47,35,18,34,38,17,33,37,31,35
202109251000,46,39,31,77,51,34,12,19,48,12,48,33,38,39,45,40,31,77,52,35,16,22,45,12,48,36,37,39
202109251015,47,39,36,75,51,38,1,2,52,0,53,34,44,37,46,40,35,75,52,38,7,5,47,0,53,37,42,38
202109251030,51,40,32,81,48,43,1,1,54,0,55,37,45,36,49,41,32,81,50,43,7,4,49,0,55,39,43,37
202109251045,54,42,30,83,49,32,1,1,56,0,50,38,45,34,52,43,30,84,51,34,7,4,51,0,50,40,43,34
202109251100,56,40,32,88,53,37,1,2,54,0,52,32,41,36,54,42,32,88,55,38,7,5,49,0,52,35,39,36
202109251115,61,43,36,83,49,38,1,1,61,0,56,33,42,36,59,45,35,84,51,39,8,4,56,0,55,36,40,37
202109251130,56,39,34,88,52,37,0,1,63,0,61,36,43,41,54,41,34,88,54,39,7,5,58,0,60,39,42,41
202109251145,57,45,34,92,53,37,0,1,65,0,58,34,41,42,55,46,34,92,55,39,7,5,59,0,57,37,40,42
202109251200,62,53,33,89,52,44,1,1,60,0,56,35,43,39,60,54,33,90,54,45,7,5,55,0,55,38,42,39
202109251215,65,58,38,86,53,41,1,1,62,0,58,33,39,44,63,58,38,87,55,42,8,5,57,0,57,36,38,45
202109251230,73,61,36,86,49,42,1,1,64,0,54,35,43,41,70,62,36,88,52,43,8,5,58,0,54,38,42,42
202109251245,64,63,33,90,57,44,1,0,60,0,56,35,41,39,62,63,33,91,59,44,8,4,55,0,55,38,40,39
202109251300,68,63,29,82,56,45,1,0,52,0,52,32,39,40,66,63,29,83,58,44,7,4,48,0,51,35,38,40
202109251315,71,61,28,79,51,44,1,0,55,0,57,31,36,38,69,62,28,81,54,44,7,4,50,0,55,34,35,38
202109251330,74,64,32,82,48,39,1,0,56,0,55,30,40,39,71,65,32,84,51,40,7,4,51,0,54,33,38,39
202109251345,85,60,35,84,51,40,1,0,52,0,54,32,43,38,82,62,34,87,55,40,6,4,48,0,54,35,41,39
202109251400,83,54,35,93,46,38,1,0,56,0,55,32,46,38,80,56,35,95,50,39,7,4,51,0,55,35,44,39
202109251415,79,53,34,84,48,34,1,0,56,0,54,29,43,38,76,55,34,86,52,35,7,4,51,0,54,32,41,39
202109251430,80,56,28,84,51,38,1,0,58,0,55,30,41,43,77,58,29,87,55,39,7,4,53,0,54,34,39,43
202109251445,80,56,32,87,50,38,1,1,54,0,49,27,38,39,77,58,32,89,54,38,7,5,49,0,49,30,36,39
202109251500,76,58,36,88,54,35,1,1,56,0,48,35,38,34,74,59,35,90,57,36,7,4,51,0,48,37,37,35
202109251515,76,55,35,84,52,35,0,1,58,0,45,32,41,36,73,57,34,86,55,36,6,4,53,0,45,35,39,37
202109251530,77,56,33,82,52,38,0,0,56,0,54,38,43,33,74,58,32,84,55,39,6,3,51,0,54,40,42,34
202109251545,81,57,30,85,49,30,0,0,59,0,47,33,39,33,78,59,29,87,53,32,7,3,54,0,47,35,38,33
202109251600,79,54,32,80,55,32,1,0,64,0,43,32,36,35,76,56,32,82,58,34,8,3,58,0,43,35,35,36
202109251615,75,54,35,71,56,37,0,0,55,0,44,31,40,33,72,55,34,74,59,38,6,3,50,0,44,33,38,34
202109251630,73,47,30,72,54,37,0,0,58,0,37,33,40,30,70,49,29,75,57,38,6,3,53,0,38,35,39,31
202109251645,74,49,30,80,59,38,1,0,53,0,36,35,27,26,71,51,29,82,62,38,7,3,48,0,35,36,27,27
202109251700,78,52,31,82,62,45,1,1,57,0,44,35,28,35,76,54,31,85,65,45,7,4,52,0,43,37,28,35
202109251715,78,51,34,86,63,47,1,1,57,0,37,38,32,31,76,53,33,88,66,47,7,4,52,0,37,40,32,32
202109251730,85,58,33,84,59,46,0,1,55,0,36,38,33,34,82,60,32,87,62,46,6,4,50,0,36,40,33,35
202109251745,91,58,39,84,64,49,1,1,56,0,40,41,32,36,88,61,38,87,67,48,7,4,51,0,40,43,32,37
202109251800,109,62,42,83,71,52,1,0,60,0,43,41,33,37,106,66,41,87,75,51,8,3,55,0,43,43,33,39
202109251815,106,60,40,85,76,60,1,1,58,0,45,40,37,37,103,64,39,89,80,58,7,4,53,0,45,42,37,38
202109251830,105,71,39,89,82,54,12,28,50,12,43,42,34,35,103,74,38,93,85,52,16,30,47,12,43,44,34,36
202109251845,104,72,41,85,79,51,20,44,49,26,50,38,38,39,102,74,40,89,82,49,23,46,47,25,49,41,37,40
202109251900,103,74,40,87,76,54,17,42,52,24,53,37,39,39,101,76,39,91,79,52,21,44,49,23,52,40,38,40
202109251915,103,74,39,95,69,55,17,41,52,23,43,33,36,34,100,76,38,98,73,53,21,43,49,22,43,35,35,35
202109251930,105,62,36,88,67,51,19,36,53,22,46,31,36,40,102,66,36,92,71,50,23,38,50,22,46,34,35,41
202109251945,98,57,41,87,68,50,22,41,59,20,49,31,33,39,95,60,40,91,72,49,26,43,56,20,48,34,32,40
202109252000,93,52,44,85,65,45,18,37,58,21,50,31,31,43,90,56,43,88,68,45,22,39,54,21,49,34,30,44
202109252015,98,55,43,87,60,39,21,38,62,21,48,31,30,45,95,59,42,90,64,40,25,41,58,21,47,35,30,46
202109252030,105,56,39,89,61,44,27,38,61,22,44,31,32,40,102,60,38,93,65,45,31,40,58,22,43,34,31,41
202109252045,88,52,40,80,55,46,31,37,60,22,47,34,32,43,85,55,39,83,59,46,34,39,58,22,46,37,32,44
202109252100,77,50,39,91,47,56,27,36,65,23,46,33,32,45,74,52,39,93,51,55,31,39,62,23,45,37,31,46
202109252115,74,52,41,96,46,54,30,39,56,22,47,31,35,45,71,54,41,97,50,53,33,41,54,22,46,35,34,46
202109252130,72,50,44,93,50,49,30,41,60,22,47,31,32,49,70,52,44,94,53,49,33,44,57,22,46,35,31,50
202109252145,70,45,44,94,43,51,30,36,62,21,40,31,36,56,67,47,44,95,46,51,33,39,59,21,40,36,35,56
202109252200,72,43,45,97,44,51,30,34,61,21,42,34,34,53,69,46,45,98,48,50,33,37,58,21,42,38,33,54
202109252215,64,40,36,91,42,50,27,39,62,19,45,31,29,51,61,42,36,92,45,50,31,42,59,19,44,35,29,51
202109252230,60,36,35,94,39,42,24,33,62,20,43,28,34,51,58,38,36,94,42,43,28,36,59,20,43,33,33,51
202109252245,51,36,35,99,36,40,19,31,64,18,46,27,30,52,49,37,36,98,39,41,24,34,60,18,45,32,29,52
202109252300,50,38,31,99,36,40,19,31,62,16,40,31,30,51,48,39,32,98,39,41,24,34,58,16,39,35,30,50
202109252315,46,34,30,85,34,37,21,31,58,17,44,28,29,48,44,35,31,85,36,38,25,34,55,17,43,32,28,48
202109252330,41,30,27,78,33,32,26,30,56,19,41,29,27,43,39,31,28,78,35,34,29,33,53,19,40,33,27,43
202109252345,42,27,28,71,30,31,26,28,55,17,37,27,25,37,40,29,28,71,33,33,29,30,53,18,36,30,25,37
202109260000,36,25,31,63,29,29,22,26,51,15,35,23,22,34,34,26,31,63,31,31,25,28,49,15,34,26,22,35
202109260015,36,25,29,64,28,27,19,22,47,15,34,22,20,31,34,26,29,64,30,28,22,24,45,15,33,25,20,32
202109260030,34,25,24,61,26,24,15,21,43,10,30,17,19,27,32,26,24,61,28,25,18,23,41,10,29,20,19,27
202109260045,31,24,22,58,24,23,16,19,42,8,29,14,20,25,29,25,22,58,26,24,19,21,40,8,28,17,19,25
202109260100,30,21,25,50,22,18,17,19,41,8,23,12,19,22,28,22,24,51,24,20,19,21,39,9,23,15,18,23
202109260115,31,16,23,43,20,19,15,19,35,6,21,12,18,21,29,18,22,44,22,20,17,21,33,7,21,14,17,22
202109260130,30,17,23,44,17,20,11,17,33,7,23,11,13,21,28,19,22,45,20,21,13,19,31,7,22,13,13,22
202109260145,25,18,24,43,20,17,10,18,36,7,21,11,13,23,23,19,23,44,22,19,13,20,34,7,21,14,13,24
202109260200,25,20,23,40,19,14,11,18,35,6,21,9,10,20,23,21,22,41,21,16,13,20,33,6,20,12,10,21
202109260215,26,17,20,43,18,15,12,16,29,6,22,10,10,21,24,18,20,44,20,16,14,18,28,6,21,12,10,21
202109260230,24,20,15,43,19,16,11,13,30,6,20,9,10,21,22,21,15,44,21,17,13,15,29,6,19,12,10,21
202109260245,24,18,16,43,15,14,12,13,28,7,20,9,11,20,22,19,16,44,17,15,14,15,27,7,19,11,11,20
202109260300,22,18,17,43,15,13,12,14,25,7,21,9,13,20,20,19,17,44,17,14,13,16,24,7,20,11,12,20
202109260315,21,19,15,39,16,14,13,13,27,5,22,8,9,19,19,20,15,40,18,15,14,15,26,5,21,10,9,19
202109260330,21,16,16,34,13,11,12,14,27,6,21,10,8,19,19,17,16,35,15,12,14,16,26,6,20,12,8,19
202109260345,19,18,15,34,13,10,11,14,25,5,20,8,10,16,17,19,14,35,15,11,12,16,24,5,19,10,10,16
202109260400,18,21,17,35,11,10,11,15,25,5,19,10,11,16,16,21,16,36,13,11,12,17,24,5,18,12,11,16
202109260415,19,17,17,35,10,10,10,15,23,5,17,8,9,16,17,17,16,36,12,11,11,17,22,5,16,10,9,16
202109260430,20,17,16,35,10,12,10,14,23,7,17,8,11,16,18,18,15,36,12,13,11,16,22,7,17,10,11,16
202109260445,22,17,14,35,12,12,10,14,26,7,17,6,10,17,20,18,14,36,14,13,12,16,25,7,16,8,9,17
202109260500,21,16,14,36,14,13,9,13,25,7,16,7,8,16,19,17,14,37,16,14,11,15,24,7,15,9,8,16
202109260515,19,15,13,33,13,12,9,13,26,5,17,8,8,18,17,16,13,34,15,13,11,15,25,5,16,10,8,18
202109260530,20,15,13,36,13,12,9,14,26,5,14,9,11,18,18,16,13,37,15,13,11,16,25,5,14,11,11,18
202109260545,22,16,14,38,12,13,9,16,28,6,15,11,10,17,20,17,14,39,14,14,11,18,27,6,15,13,10,17
202109260600,23,18,15,36,13,16,11,16,28,6,20,12,13,20,21,19,15,37,15,17,13,18,27,6,20,14,13,20
202109260615,24,17,20,36,14,20,15,19,29,7,21,13,15,23,22,18,20,37,16,21,16,21,28,8,21,15,14,23
202109260630,22,20,23,40,16,19,14,22,31,10,26,14,17,25,20,21,23,41,18,20,16,24,30,10,25,17,16,25
202109260645,22,26,15,47,17,19,15,25,36,12,29,18,19,27,20,26,15,48,19,20,17,27,34,12,28,21,18,26
202109260700,26,25,14,49,18,19,18,24,42,19,30,19,21,30,24,25,15,50,20,21,20,26,40,19,29,22,20,29
202109260715,27,27,23,52,23,26,18,31,39,19,32,22,24,33,25,27,23,53,25,27,20,33,37,19,32,25,23,33
202109260730,36,32,26,52,26,31,16,51,44,23,30,30,20,34,34,33,26,53,28,32,19,52,42,22,29,33,20,34
202109260745,32,30,29,51,32,32,18,69,40,21,37,37,24,33,30,30,28,52,34,32,20,70,38,21,36,39,25,33
202109260800,34,29,33,56,41,28,18,52,33,26,32,29,27,30,33,30,32,57,42,28,19,53,32,25,32,31,27,31
202109260815,35,35,30,60,39,28,14,37,30,24,28,25,27,27,33,35,29,61,40,28,16,39,29,23,28,27,26,28
202109260830,33,36,25,55,34,27,14,38,33,22,29,23,25,27,31,36,24,55,36,27,16,39,32,21,29,25,24,27
202109260845,36,34,22,51,35,27,14,34,28,22,28,26,24,25,34,34,22,52,37,26,15,35,27,21,28,28,24,25
202109260900,35,31,19,56,35,23,15,30,28,23,27,23,27,24,34,32,19,57,37,23,16,32,27,22,28,25,26,24
202109260915,35,28,21,48,29,23,16,31,30,25,26,23,27,23,33,29,21,49,31,23,17,33,29,24,27,25,26,23
202109260930,35,30,24,53,30,23,14,29,27,23,29,24,27,23,33,30,23,54,32,23,15,31,26,22,29,26,26,24
202109260945,35,26,23,56,30,19,10,29,23,23,26,19,24,24,33,27,22,57,32,19,11,31,22,22,26,21,23,24
202109261000,36,24,26,54,32,18,13,34,30,22,26,19,23,21,34,25,25,55,34,19,15,35,29,21,26,21,22,22
202109261015,35,33,22,53,32,22,15,28,28,20,24,19,24,20,33,34,21,54,34,22,16,29,27,20,25,21,23,21
202109261030,41,30,25,58,33,21,17,29,25,18,33,23,27,17,39,31,24,59,35,21,18,30,25,18,33,24,26,18
202109261045,39,29,23,55,35,20,18,28,23,20,27,19,26,15,38,30,22,56,37,20,18,29,23,20,28,20,25,16
202109261100,42,31,20,60,35,21,16,32,22,19,26,19,26,17,40,32,19,61,37,21,17,33,22,19,27,20,25,18
202109261115,44,35,23,63,34,20,16,32,27,22,25,16,31,14,42,36,22,64,36,20,17,33,26,21,26,17,29,15
202109261130,42,40,24,60,32,21,15,37,30,21,22,19,31,18,40,40,23,61,34,22,16,38,29,20,24,20,29,19
202109261145,53,49,21,65,37,22,12,36,33,19,25,19,32,18,50,49,20,67,40,23,14,37,31,18,26,21,30,19
202109261200,50,55,20,75,38,28,14,31,37,19,26,20,38,19,48,54,19,76,40,28,16,32,35,19,28,22,36,19
202109261215,55,57,25,71,36,35,14,30,39,21,28,21,39,23,52,57,24,72,39,35,17,32,37,21,30,23,37,24
202109261230,60,54,25,75,38,32,13,32,38,19,27,18,29,22,57,54,24,77,41,32,16,33,36,19,28,20,27,23
202109261245,66,52,25,78,38,28,15,28,39,20,31,17,29,22,63,53,24,80,41,28,17,30,37,20,31,19,27,23
202109261300,56,50,28,73,39,32,13,30,40,24,33,22,27,18,54,51,27,74,42,32,16,31,38,23,33,23,26,19
202109261315,60,45,26,67,38,30,10,33,41,27,29,20,33,18,57,46,25,69,41,30,13,34,38,26,30,21,31,19
202109261330,61,42,23,67,44,32,11,37,36,27,31,23,36,17,59,44,22,69,47,32,14,38,34,26,32,24,34,18
202109261345,59,40,19,66,45,30,13,35,30,25,31,21,34,15,57,42,18,68,48,29,15,36,29,24,32,22,32,16
202109261400,55,37,20,70,46,28,13,39,25,27,31,22,33,16,53,39,19,71,48,27,14,40,24,26,32,23,31,17
202109261415,53,38,20,70,46,25,14,41,27,26,32,20,29,18,51,39,19,71,48,25,15,42,26,25,32,21,28,18
202109261430,53,43,19,70,46,26,10,43,30,24,31,24,28,19,51,44,18,71,48,26,12,44,29,23,31,25,27,19
202109261445,52,43,20,70,42,27,11,39,29,22,27,23,26,17,50,44,19,71,44,27,13,40,28,21,27,24,25,17
202109261500,48,40,19,74,45,25,12,34,26,21,30,21,30,17,47,41,18,75,47,25,13,35,25,20,30,22,29,17
202109261515,59,36,19,68,43,26,11,33,32,21,32,26,27,19,57,38,18,70,46,26,13,34,30,20,32,27,26,19
202109261530,60,40,26,72,40,28,11,34,32,22,34,22,26,21,57,42,25,74,43,28,13,35,30,21,34,24,25,22
202109261545,55,39,24,73,40,28,13,33,31,27,30,23,22,18,53,41,23,74,43,28,15,34,30,26,30,24,22,19
202109261600,53,37,19,64,41,29,11,32,33,20,29,24,23,19,51,39,18,66,43,29,13,33,31,19,29,25,23,19
202109261615,48,42,26,68,46,26,14,33,29,21,29,26,26,24,47,43,25,69,48,26,15,35,28,20,29,28,25,25
202109261630,54,41,27,70,47,27,16,48,30,26,26,28,22,27,52,42,26,71,49,27,17,49,29,25,26,30,22,28
202109261645,55,36,33,67,50,33,20,61,33,23,33,34,26,32,53,38,32,69,52,32,21,62,32,23,33,36,26,33
202109261700,61,40,32,72,52,37,21,55,41,22,31,35,25,31,59,42,31,74,54,36,23,56,40,22,31,37,25,32
202109261715,60,43,26,74,55,39,23,56,38,27,33,39,30,31,58,44,26,75,57,38,24,57,37,27,33,41,30,31
202109261730,64,48,31,76,56,37,22,63,42,29,31,44,29,33,62,49,30,78,58,37,24,64,40,28,31,45,30,34
202109261745,72,48,31,83,64,40,20,59,50,27,34,44,28,40,70,50,31,85,66,40,23,60,47,26,34,46,29,40
202109261800,79,55,33,84,69,42,19,54,55,27,40,44,29,42,77,57,33,86,71,42,23,56,52,26,39,46,30,42
202109261815,83,60,36,90,79,45,24,47,54,29,44,49,30,36,82,62,35,92,81,45,27,49,51,29,43,50,31,37
202109261830,92,68,41,91,77,52,23,53,59,29,44,40,34,42,90,70,40,94,80,51,27,55,56,28,44,43,34,43
202109261845,107,67,39,96,75,54,23,53,56,27,49,34,32,44,104,70,39,100,79,53,26,55,53,27,48,38,32,45
202109261900,100,70,42,99,74,56,26,51,64,25,53,39,31,46,97,72,42,102,77,55,30,53,61,25,51,42,31,47
202109261915,104,65,45,95,70,53,24,47,63,24,57,38,34,46,101,68,44,98,74,53,28,49,60,24,55,41,34,47
202109261930,111,68,48,97,67,59,24,47,60,26,54,40,31,46,107,71,47,101,71,58,28,49,57,26,52,43,31,47
202109261945,113,67,46,104,70,58,25,47,57,28,51,40,31,47,110,71,45,108,74,56,28,49,54,28,50,43,31,48
202109262000,107,68,46,95,66,58,30,48,57,26,52,40,32,48,104,71,45,99,70,56,32,50,55,26,50,43,32,49
202109262015,96,61,45,94,65,62,26,39,58,24,41,39,31,43,93,64,44,97,69,60,29,41,55,24,41,42,31,44
202109262030,98,61,49,102,67,59,28,38,60,22,46,38,34,44,95,64,48,105,71,57,31,40,57,22,45,41,34,46
202109262045,91,63,49,105,65,56,29,44,66,19,42,37,36,49,88,65,48,107,68,56,33,46,63,20,42,41,35,50
202109262100,92,58,46,103,67,51,31,46,64,18,39,32,31,56,89,61,46,105,70,51,34,49,61,19,39,37,30,57
202109262115,92,61,47,99,61,49,28,42,67,19,45,33,34,54,89,64,47,101,65,49,32,45,64,19,44,38,33,55
202109262130,89,54,48,93,63,48,26,38,71,18,46,32,36,57,86,57,48,95,66,49,31,41,67,18,46,37,35,58
202109262145,84,54,48,94,51,40,29,42,65,18,40,34,30,61,81,57,48,96,55,41,33,45,62,19,40,40,30,62
202109262200,82,57,46,98,45,47,31,44,71,19,44,32,32,63,79,59,46,100,49,48,35,47,67,20,43,38,31,63
202109262215,72,54,45,97,43,48,31,40,69,17,46,30,35,60,69,55,45,98,46,49,35,43,66,18,46,36,34,60
202109262230,69,49,41,100,44,45,29,41,70,19,48,31,32,56,66,51,41,101,47,46,33,44,66,20,47,36,31,56
202109262245,68,48,42,105,42,44,26,37,61,17,50,32,35,61,65,50,43,105,45,45,29,40,58,17,49,38,34,61
202109262300,59,52,42,96,40,48,24,34,57,13,46,30,30,52,57,52,42,96,43,48,27,37,54,14,45,35,30,52
202109262315,56,47,38,95,33,43,23,36,56,13,39,28,29,50,53,48,38,95,36,43,26,39,53,14,38,33,28,50
202109262330,56,46,30,85,34,42,22,32,54,13,40,26,29,46,53,47,30,86,37,42,25,35,51,14,39,30,28,46
202109262345,53,41,29,85,26,37,20,25,51,12,39,24,25,41,50,42,29,86,29,38,23,28,48,12,38,28,24,41
202109270000,51,68,48,86,52,40,39,31,78,19,42,22,24,46,50,66,47,86,53,43,43,34,74,20,41,27,23,48
202109270015,0,68,43,0,54,37,37,26,73,10,36,22,20,44,1,62,42,2,52,39,41,29,70,12,35,26,20,45
202109270030,0,66,37,0,52,38,29,22,73,10,30,19,13,42,1,60,37,1,50,40,34,25,69,11,28,23,13,42
202109270045,0,60,34,0,43,31,29,18,66,10,24,20,11,41,0,54,34,2,42,34,33,21,63,11,23,24,12,41
202109270100,0,56,31,0,41,30,27,20,60,8,24,23,12,38,0,51,31,2,40,32,30,23,57,9,23,27,13,38
202109270115,0,52,28,0,42,27,22,17,60,8,24,22,8,39,1,47,28,2,41,30,26,20,57,9,23,26,9,39
202109270130,0,49,26,0,43,26,21,16,55,9,24,22,10,35,1,45,26,1,42,28,24,19,52,10,23,25,11,35
202109270145,0,47,24,0,43,23,19,16,53,7,21,20,11,32,1,43,24,1,42,25,22,19,50,8,20,23,12,32
202109270200,0,43,27,0,39,23,17,17,49,6,20,20,11,30,1,39,27,1,38,25,20,20,46,7,19,23,12,30
202109270215,0,41,24,0,36,22,18,13,49,6,20,19,10,27,0,38,23,1,35,24,21,15,46,7,19,22,10,27
202109270230,0,39,22,0,36,21,17,10,46,7,21,17,8,26,0,36,22,2,35,23,20,13,44,8,20,20,9,26
202109270245,0,33,25,0,35,18,20,10,44,7,17,15,7,23,0,30,24,2,34,20,22,12,42,8,16,17,8,24
202109270300,0,31,24,0,32,20,21,11,45,8,21,15,8,24,0,28,23,2,31,22,23,13,43,9,20,18,8,24
202109270315,0,27,25,0,31,22,20,13,40,7,19,16,9,22,0,25,24,2,31,23,22,15,38,8,18,18,9,23
202109270330,0,29,26,0,28,20,22,13,39,7,19,15,9,24,0,27,25,2,28,21,24,15,38,8,18,17,9,25
202109270345,0,29,24,0,26,20,22,12,40,6,19,14,9,24,0,27,23,2,26,21,24,14,39,7,18,17,9,25
202109270400,0,30,23,0,28,23,18,14,40,7,21,16,9,24,0,28,22,1,28,24,20,16,38,8,20,19,10,24
202109270415,0,31,21,0,28,22,18,15,42,6,17,14,9,25,0,28,21,1,28,23,20,17,40,7,16,17,9,25
202109270430,0,32,22,0,28,24,19,13,37,6,18,12,9,22,0,29,21,1,28,25,21,15,36,7,17,15,9,22
202109270445,0,33,20,0,27,23,17,15,37,5,19,12,10,19,0,30,19,1,27,24,19,17,36,6,18,14,10,19
202109270500,0,29,20,0,26,26,20,14,35,8,18,13,10,20,0,27,19,1,26,26,21,16,34,9,17,15,10,20
202109270515,0,27,20,0,29,24,20,14,36,8,17,12,10,21,0,25,19,1,28,25,22,16,35,9,17,14,10,21
202109270530,0,30,22,0,26,26,26,14,36,8,17,14,12,22,0,28,21,2,26,26,27,16,35,9,17,16,12,22
202109270545,0,34,23,0,26,26,28,17,40,9,17,15,14,25,0,31,22,1,26,27,29,19,39,10,17,18,14,25
202109270600,0,39,24,0,30,27,33,19,48,8,17,15,16,27,0,35,24,1,29,29,34,21,47,9,17,18,16,27
202109270615,32,28,21,36,20,23,21,18,38,11,18,15,16,27,30,29,21,38,22,24,23,20,37,11,18,18,16,27
202109270630,32,22,19,48,12,20,19,21,32,13,20,18,20,28,29,23,19,49,15,21,20,23,31,13,20,21,20,28
202109270645,32,24,23,53,17,20,18,31,39,20,24,23,15,29,30,25,23,54,20,21,20,33,37,20,23,25,16,29
202109270700,38,28,26,52,24,23,18,34,41,24,25,24,19,29,36,29,26,53,27,24,20,36,39,23,25,26,19,29
202109270715,40,34,26,57,29,30,21,40,40,24,31,28,21,34,38,35,26,58,31,30,23,42,39,24,30,31,21,34
202109270730,48,34,26,57,35,37,19,49,43,29,36,34,23,36,46,35,26,59,38,37,21,51,41,28,35,37,24,36
202109270745,50,38,28,61,38,33,17,56,39,31,33,36,27,36,48,39,28,63,41,33,19,57,37,30,33,38,27,36
202109270800,48,35,31,70,41,38,23,51,36,29,32,32,29,33,46,36,30,71,43,37,24,52,35,28,32,34,29,33
202109270815,45,38,27,60,40,38,19,41,34,24,33,30,27,31,43,39,27,61,42,36,20,43,33,24,33,32,27,31
202109270830,44,37,27,57,35,28,18,36,28,25,36,27,27,26,42,38,26,58,37,27,19,38,27,24,36,29,26,27
202109270845,44,35,26,62,35,24,18,35,28,22,37,25,28,23,42,36,25,63,37,24,19,36,28,22,37,27,27,24
202109270900,40,27,25,61,32,23,19,29,26,23,37,23,27,25,38,28,24,62,34,23,20,31,26,23,36,25,26,25
202109270915,40,32,23,58,36,25,17,32,30,25,31,25,21,25,38,33,23,59,38,25,18,34,29,24,30,27,21,25
202109270930,39,27,22,69,34,25,22,30,28,27,34,21,20,25,37,28,22,69,36,25,22,32,28,26,33,23,20,25
202109270945,44,36,25,60,33,27,20,35,34,28,35,23,22,21,42,37,24,61,35,27,21,36,33,27,34,25,22,22
202109271000,41,31,24,58,35,26,19,32,30,31,37,24,29,22,39,32,23,59,37,26,20,33,30,30,37,26,28,23
202109271015,40,31,22,54,33,27,17,31,33,30,34,22,28,24,38,32,22,55,35,27,19,33,32,29,34,24,27,24
202109271030,44,36,21,62,33,28,16,31,36,29,33,29,28,29,42,37,21,63,35,28,18,33,35,28,33,31,28,29
202109271045,43,36,21,64,32,25,14,29,33,26,31,23,27,26,41,37,21,65,34,25,16,31,32,25,31,25,26,26
202109271100,44,39,24,56,34,31,14,31,33,28,34,22,31,26,42,39,24,57,36,30,16,33,32,27,34,24,30,26
202109271115,52,43,20,58,34,29,20,29,29,27,31,22,27,24,50,44,20,60,37,29,21,31,29,26,31,24,26,24
202109271130,55,47,20,60,31,29,20,33,37,24,30,19,31,24,52,48,20,62,34,29,21,34,36,24,31,21,29,24
202109271145,64,48,24,68,36,34,20,33,43,30,31,23,31,26,61,49,24,70,39,34,22,35,41,29,32,25,30,26
202109271200,62,54,22,79,34,32,19,34,41,29,36,27,30,28,59,55,22,80,37,32,21,36,39,28,36,29,29,28
202109271215,65,63,22,79,39,33,19,37,41,28,36,25,24,28,62,63,22,80,42,33,21,39,39,27,35,27,24,28
202109271230,65,61,26,81,39,30,21,38,44,27,38,21,26,28,62,61,26,82,42,31,23,40,42,26,37,23,25,28
202109271245,66,56,29,76,35,36,16,34,49,25,39,21,24,29,63,57,28,78,39,36,19,36,46,24,38,24,23,30
202109271300,61,55,29,73,37,36,15,31,48,28,36,21,24,30,58,55,28,75,40,36,18,33,45,27,35,24,23,31
202109271315,58,52,20,71,42,31,15,29,39,30,31,22,26,31,56,52,20,73,45,31,17,31,37,29,31,25,25,31
202109271330,58,49,20,64,47,32,13,32,36,31,32,22,30,32,56,50,20,66,49,32,15,34,34,30,32,25,29,32
202109271345,52,42,22,57,49,33,17,29,35,31,32,22,27,29,50,43,22,59,51,32,19,31,34,30,32,25,26,29
202109271400,50,38,23,55,49,33,15,28,36,31,33,20,22,28,49,39,23,57,51,32,17,30,34,30,32,23,21,28
202109271415,47,36,24,50,48,31,13,33,35,28,33,17,28,26,46,37,24,52,49,31,15,35,33,27,33,20,27,26
202109271430,50,40,21,53,53,29,9,34,31,29,30,21,23,25,49,41,21,55,54,29,11,35,29,28,30,23,22,25
202109271445,47,40,23,59,50,30,15,31,32,29,30,20,26,29,46,41,23,61,51,30,17,33,31,28,30,23,25,29
202109271500,45,34,23,65,46,28,16,38,32,25,31,23,26,26,43,35,23,66,47,28,17,39,31,24,31,25,25,26
202109271515,49,36,26,65,47,29,17,36,35,28,31,19,27,27,47,37,25,67,49,29,19,38,34,27,31,21,26,27
202109271530,42,36,23,67,41,25,18,38,36,28,30,20,25,34,40,37,23,68,43,26,20,40,35,27,30,23,24,34
202109271545,40,38,24,65,45,28,15,36,38,24,29,20,30,34,39,38,24,66,46,28,17,38,36,23,30,23,29,34
202109271600,46,38,24,70,46,30,13,39,36,29,32,21,26,30,45,39,24,71,48,30,15,41,34,28,32,24,25,30
202109271615,56,37,23,68,54,34,14,44,33,26,25,23,23,30,54,39,23,70,56,33,16,45,32,25,25,26,23,30
202109271630,55,36,25,69,58,30,14,50,34,30,28,27,22,30,54,38,25,70,59,30,16,51,32,29,28,29,22,30
202109271645,62,44,27,65,63,32,15,62,36,32,30,35,22,34,61,46,27,67,64,32,17,63,34,31,30,37,23,34
202109271700,70,42,30,64,60,38,19,56,41,32,31,39,27,32,68,44,29,67,62,37,21,57,39,31,31,41,28,33
202109271715,70,46,25,69,64,37,18,59,37,28,31,43,28,34,68,48,25,71,66,36,20,60,35,27,31,45,29,34
202109271730,64,50,22,84,67,37,19,70,36,31,29,47,29,33,63,51,22,85,68,36,21,70,35,30,30,48,30,33
202109271745,77,50,31,77,70,43,22,72,39,37,29,40,28,36,75,52,31,79,72,42,24,73,38,36,29,42,29,36
202109271800,93,53,36,70,81,50,21,66,47,37,33,40,31,37,91,56,35,74,83,48,24,67,45,36,33,42,31,38
202109271815,97,67,38,81,89,45,22,62,48,29,33,37,38,39,95,69,37,85,91,44,25,63,46,28,34,40,37,40
202109271830,107,76,40,78,98,48,24,64,53,34,28,35,39,39,105,78,39,83,100,47,27,65,51,33,30,38,38,40
202109271845,109,79,45,83,95,48,27,64,58,37,35,42,36,44,107,81,44,88,97,48,30,65,55,36,36,45,36,45
202109271900,116,80,44,88,91,53,22,65,65,28,39,43,39,43,114,83,43,93,94,53,26,66,61,28,40,46,39,44
202109271915,108,81,44,84,87,49,21,60,64,27,40,36,37,42,105,83,43,89,90,49,26,61,60,27,40,39,36,43
202109271930,116,84,51,86,82,50,21,55,68,27,36,40,35,46,113,86,50,91,86,50,26,57,64,27,37,43,35,48
202109271945,117,77,43,83,84,53,24,52,65,27,34,44,34,49,114,80,43,88,88,53,28,54,61,27,35,47,34,50
202109272000,118,80,47,91,84,54,30,51,59,28,35,46,36,49,115,83,46,96,88,53,33,53,57,28,36,49,36,50
202109272015,115,73,49,85,82,48,24,49,58,32,32,40,29,52,112,76,48,90,86,48,27,51,55,31,32,44,29,53
202109272030,120,73,52,93,79,51,23,56,60,24,33,41,35,51,116,77,51,98,83,50,27,58,57,24,34,45,35,52
202109272045,114,68,52,94,79,49,23,51,69,23,33,38,33,55,111,72,51,98,83,50,28,54,65,23,34,42,33,56
202109272100,108,76,53,110,70,51,28,55,70,25,39,38,35,62,105,78,53,113,74,51,32,58,66,25,39,43,35,63
202109272115,109,75,52,106,59,48,27,45,63,27,39,38,35,53,105,78,51,109,64,48,31,48,60,27,39,42,35,54
202109272130,109,70,49,96,55,45,28,42,64,26,43,35,38,52,105,73,48,100,60,46,32,45,61,26,43,39,37,53
202109272145,95,61,51,96,46,45,27,41,61,26,47,33,38,53,91,64,50,99,51,46,30,44,58,26,47,38,37,54
202109272200,94,62,49,95,52,46,28,39,65,24,42,33,38,56,90,65,49,98,56,47,32,42,62,24,42,38,37,57
202109272215,85,58,42,97,48,47,27,39,67,24,41,34,41,60,82,60,43,99,52,48,31,42,63,24,42,39,40,60
202109272230,78,56,42,96,51,41,23,36,65,22,38,34,37,55,75,58,42,98,54,42,27,39,61,22,38,39,36,55
202109272245,76,52,39,93,42,41,19,37,67,20,38,31,32,55,73,54,39,95,46,43,24,40,63,20,38,36,31,55
202109272300,72,45,37,94,40,33,19,31,63,16,32,32,28,50,69,48,37,95,44,35,24,34,59,16,32,36,28,50
202109272315,76,45,35,87,43,32,20,27,59,14,33,29,26,49,73,48,35,89,47,34,24,30,56,14,33,33,26,49
202109272330,74,43,36,92,40,28,19,26,56,13,31,26,28,48,71,46,36,94,44,30,23,29,53,13,31,31,27,48
202109272345,60,43,33,91,37,26,16,26,58,11,31,28,25,44,57,44,33,92,40,29,20,29,54,11,31,32,25,44
202109280000,49,38,27,83,36,26,18,26,58,10,27,29,23,44,47,39,28,83,39,29,22,29,54,10,27,33,23,43
202109280015,39,39,30,74,34,26,17,22,55,11,23,29,20,37,38,39,30,74,36,28,21,25,52,11,23,32,20,37
202109280030,39,36,25,67,32,22,17,17,53,10,20,25,20,38,37,36,25,67,34,25,21,20,50,10,20,29,20,38
202109280045,36,32,22,60,28,24,15,15,48,10,19,21,18,36,34,33,22,61,30,26,18,18,45,10,19,25,18,35
202109280100,33,30,20,58,27,21,13,15,42,12,17,21,15,31,31,31,20,59,29,23,16,18,40,12,17,24,15,31
202109280115,36,28,20,51,24,19,11,15,42,9,16,19,14,27,34,29,20,52,26,21,14,17,39,9,16,21,14,27
202109280130,36,25,19,51,26,18,9,14,40,8,16,18,13,21,34,26,19,52,28,20,12,16,37,8,16,20,13,21
202109280145,35,25,20,55,25,15,10,14,38,6,13,17,13,18,33,26,19,56,27,17,13,16,36,6,13,19,13,19
202109280200,34,28,16,47,21,14,10,13,39,8,13,15,14,20,32,29,16,48,23,16,13,15,37,8,13,17,14,20
202109280215,31,26,16,42,20,15,11,12,41,8,13,12,13,22,29,27,16,43,22,17,14,14,39,8,13,14,13,22
202109280230,29,22,16,40,18,15,11,17,40,5,12,13,13,19,27,23,16,41,20,17,14,19,38,5,12,15,13,19
202109280245,30,21,17,38,16,13,10,12,38,4,12,11,14,23,28,22,17,39,19,15,13,14,36,4,12,14,13,23
202109280300,29,20,18,39,16,13,10,12,38,6,13,11,15,21,27,21,18,40,18,16,13,14,36,6,13,13,14,21
202109280315,31,19,17,37,14,12,10,12,36,6,12,12,15,20,28,21,17,39,17,14,13,14,34,6,12,14,14,20
202109280330,29,17,19,38,13,12,10,12,38,5,11,12,13,21,27,19,19,39,16,15,13,14,36,5,11,14,13,21
202109280345,24,17,18,35,11,12,12,11,35,5,11,11,11,20,22,18,18,36,14,14,14,13,33,5,11,13,11,20
202109280400,25,18,19,39,13,9,12,11,37,5,11,11,13,19,22,19,18,40,16,12,15,13,35,5,12,13,13,19
202109280415,24,17,18,38,11,10,10,10,35,7,11,11,12,19,21,18,17,39,14,12,13,12,33,7,11,13,12,19
202109280430,24,17,16,40,13,12,12,10,35,6,12,13,11,18,22,18,16,41,15,14,14,12,33,6,12,15,11,18
202109280445,24,17,16,39,11,11,13,10,35,7,10,11,13,18,21,18,16,40,14,13,15,12,33,7,11,13,13,18
202109280500,23,19,16,35,11,12,16,11,35,6,9,10,11,20,20,20,16,36,14,14,18,13,34,7,9,12,11,20
202109280515,22,20,18,34,11,13,15,14,34,7,12,9,12,19,19,21,17,35,13,15,17,16,33,7,12,11,11,19
202109280530,24,23,17,37,10,13,15,12,32,7,11,10,13,19,22,23,17,38,13,15,17,14,31,7,11,12,12,19
202109280545,28,22,17,42,13,14,15,15,33,8,10,10,14,19,26,23,17,43,16,16,17,17,32,8,11,12,13,19
202109280600,30,24,19,45,11,16,15,16,37,11,13,12,18,26,28,25,19,46,14,18,17,18,35,11,14,15,17,26
202109280615,29,27,23,49,14,16,16,17,37,12,12,15,16,30,27,27,23,50,17,18,18,19,36,12,13,18,16,30
202109280630,34,31,25,47,20,20,17,21,42,14,18,22,19,27,32,31,25,48,23,22,19,23,40,14,19,24,19,27
202109280645,41,35,22,48,19,18,18,32,45,19,21,23,21,26,39,35,22,50,22,20,21,34,43,19,21,25,21,26
202109280700,38,37,29,50,23,25,16,35,46,21,22,26,24,28,36,37,28,52,26,26,19,37,43,21,23,28,24,29
202109280715,40,32,31,56,25,27,17,44,53,23,23,34,21,31,38,33,30,57,28,29,21,45,50,22,23,36,22,32
202109280730,45,33,32,57,33,31,19,52,55,26,25,39,24,37,43,34,32,58,35,33,23,54,52,25,25,41,25,37
202109280745,45,33,35,56,36,35,20,46,50,29,25,42,24,42,43,34,35,57,38,35,23,48,48,28,25,45,25,42
202109280800,50,40,34,58,46,35,20,46,44,28,23,37,26,39,48,41,34,60,48,35,22,48,42,27,24,40,27,39
202109280815,48,41,33,55,43,37,15,41,42,25,23,35,27,32,46,42,32,57,45,37,18,43,40,24,24,37,27,33
202109280830,46,35,28,51,43,33,17,38,36,24,22,25,27,27,44,36,27,53,45,32,19,39,35,23,23,27,26,28
202109280845,41,31,22,54,39,26,14,33,36,27,19,28,25,24,40,32,22,55,41,27,16,35,34,26,20,29,25,24
202109280900,41,32,22,57,39,23,13,36,32,25,19,27,23,24,40,33,22,58,41,24,15,37,31,24,20,29,23,24
202109280915,34,29,22,52,39,26,12,34,33,26,21,26,24,23,33,30,21,53,40,26,14,35,32,25,22,27,24,23
202109280930,34,27,19,52,39,23,15,32,30,24,20,22,22,23,33,28,19,53,40,23,16,34,29,23,21,24,22,23
202109280945,38,27,21,50,37,21,16,28,28,28,20,26,20,22,37,28,20,51,39,21,17,30,27,27,20,28,20,22
202109281000,40,32,18,52,41,23,16,32,24,29,23,21,20,20,39,33,17,53,43,23,17,33,24,28,23,23,20,20
202109281015,39,29,19,47,34,19,14,26,28,28,26,24,23,20,37,30,18,49,36,20,15,28,27,27,26,25,23,20
202109281030,47,30,17,52,36,23,14,34,27,25,22,24,21,21,45,32,17,54,38,23,15,35,26,24,22,26,21,21
202109281045,44,34,16,55,36,23,13,31,24,28,21,20,23,16,42,35,15,57,38,22,14,32,23,27,22,21,22,16
202109281100,47,35,16,62,37,26,15,30,27,23,19,24,21,19,45,36,16,64,39,25,16,31,26,22,20,25,21,19
202109281115,46,36,21,60,39,24,19,34,29,27,21,25,20,27,44,37,21,61,41,24,20,36,28,26,21,27,20,27
202109281130,47,37,21,60,37,26,15,35,33,27,20,26,23,30,45,38,21,61,39,26,17,37,32,26,21,28,23,30
202109281145,52,39,22,65,37,28,15,35,39,31,20,28,25,28,50,40,22,66,40,28,18,37,37,30,21,30,25,28
202109281200,65,49,24,71,37,29,12,37,39,31,20,25,24,29,62,50,24,73,40,29,15,39,37,30,21,27,24,29
202109281215,64,57,25,76,37,30,12,39,44,24,22,25,31,29,61,58,25,78,40,31,15,41,41,23,24,27,30,29
202109281230,61,54,26,78,41,30,13,33,42,21,18,21,25,28,59,54,25,79,44,31,16,35,39,20,19,24,24,28
202109281245,61,51,26,81,42,24,13,34,37,19,20,22,21,25,59,52,25,82,45,25,16,36,35,18,21,24,21,25
202109281300,70,56,25,73,44,23,16,32,33,24,23,23,21,24,67,57,24,75,47,23,18,34,32,23,23,25,21,24
202109281315,68,54,18,71,41,21,17,25,36,28,25,22,21,27,65,55,18,73,44,22,19,27,35,27,25,24,21,27
202109281330,61,45,17,73,38,24,12,27,32,26,23,23,23,24,58,46,17,75,41,24,14,29,31,25,24,25,23,24
202109281345,56,44,18,65,37,23,11,31,29,24,25,23,26,23,54,45,18,67,40,23,13,33,28,23,26,25,25,23
202109281400,52,41,16,71,37,21,11,30,29,28,22,22,21,23,50,42,16,72,40,21,13,32,28,27,22,24,21,23
202109281415,45,38,19,64,40,25,16,39,28,25,23,22,24,24,43,39,19,65,42,25,17,40,27,24,24,24,23,24
202109281430,45,38,22,63,39,21,13,39,29,28,25,21,24,21,43,39,21,64,41,21,15,40,28,27,25,23,23,22
202109281445,45,33,22,64,44,21,14,38,30,28,24,21,21,24,43,34,22,65,46,22,16,39,29,27,24,23,21,24
202109281500,45,37,20,59,46,23,13,38,35,25,20,24,20,18,44,38,19,61,47,24,15,39,33,24,20,25,20,19
202109281515,45,40,22,67,37,25,12,38,37,24,24,25,21,20,43,41,21,68,39,26,15,39,35,23,24,26,21,21
202109281530,45,40,22,67,45,22,15,38,34,24,26,22,22,20,43,41,21,68,46,23,17,39,33,23,26,23,22,21
202109281545,45,40,18,65,42,24,16,42,29,23,22,24,26,24,43,41,18,66,44,24,17,43,28,23,23,26,25,24
202109281600,39,37,18,61,44,23,18,43,32,25,24,25,26,22,37,37,18,62,45,24,19,44,31,24,25,27,25,22
202109281615,42,39,17,55,38,23,18,41,26,24,24,25,28,25,40,39,17,56,40,23,19,42,26,24,25,27,27,25
202109281630,45,41,21,60,47,25,16,43,31,25,26,30,29,22,43,42,21,61,48,25,17,44,30,24,27,31,29,22
202109281645,54,37,25,58,51,26,14,55,33,25,27,35,27,30,52,39,25,60,53,26,16,56,32,24,28,37,27,30
202109281700,56,35,25,61,59,32,19,53,36,21,28,39,30,25,55,37,24,63,60,32,21,54,35,21,29,40,30,25
202109281715,56,37,28,62,59,31,21,54,36,20,27,40,31,30,55,39,28,64,60,31,22,55,35,20,28,41,31,30
202109281730,57,44,24,66,62,35,18,53,36,26,26,44,31,31,56,45,24,68,63,34,20,54,35,25,27,45,32,31
202109281745,67,51,27,75,73,40,20,57,40,29,25,40,30,30,66,52,27,77,74,39,22,58,38,28,26,41,30,30
202109281800,77,62,31,82,75,39,23,59,47,31,37,40,37,36,76,63,31,84,77,39,25,60,45,30,38,42,37,36
202109281815,95,65,34,85,79,44,23,51,51,32,41,43,40,37,93,67,33,88,82,43,26,53,49,31,42,45,39,37
202109281830,107,78,34,89,76,46,26,56,48,34,40,48,38,37,104,80,33,93,80,45,28,57,46,33,41,50,38,38
202109281845,105,82,40,89,82,50,25,55,55,27,42,49,39,36,102,84,39,93,85,49,28,56,53,27,42,51,39,37
202109281900,105,84,37,97,77,46,25,47,52,25,47,41,44,42,102,85,37,100,80,45,28,49,50,25,47,44,43,43
202109281915,114,75,39,88,74,50,26,52,54,22,43,35,49,39,111,78,38,93,78,49,29,54,52,22,44,38,47,40
202109281930,120,68,39,89,77,46,25,54,53,24,40,38,40,40,117,72,38,94,81,45,28,55,51,24,41,41,39,41
202109281945,126,67,42,99,75,44,25,48,52,18,45,34,34,43,122,72,41,104,80,44,28,50,50,18,44,37,33,44
202109282000,126,74,46,97,76,53,26,46,55,22,49,38,37,50,122,78,45,102,81,52,29,48,53,22,48,42,36,51
202109282015,122,64,43,87,74,51,22,50,50,20,51,36,34,49,118,69,42,92,79,49,25,52,48,20,50,40,33,50
202109282030,118,67,39,89,70,52,23,43,55,19,53,35,37,51,114,71,39,94,75,51,26,46,52,19,52,39,36,51
202109282045,107,65,39,91,76,42,22,41,64,20,54,37,32,51,104,68,39,95,80,43,26,44,60,20,52,41,32,51
202109282100,106,63,38,91,71,48,26,35,63,16,50,33,30,53,103,66,38,95,75,48,30,38,60,16,49,38,30,53
202109282115,98,63,39,93,68,47,28,35,64,16,52,34,31,55,95,66,40,96,72,47,32,38,61,17,50,39,31,55
202109282130,92,61,41,94,64,45,27,43,66,16,45,33,28,55,89,63,41,97,67,46,31,46,62,17,44,38,28,55
202109282145,89,57,44,94,59,47,30,43,67,18,47,30,32,57,86,60,44,97,63,48,34,46,64,19,46,35,31,57
202109282200,86,63,39,103,57,46,31,46,68,19,42,37,34,60,83,65,40,105,61,47,35,49,65,19,42,42,34,60
202109282215,83,57,38,102,55,41,33,39,68,15,42,32,35,61,80,59,39,103,58,43,36,42,65,16,42,38,34,61
202109282230,81,56,43,91,54,38,29,35,68,14,46,29,29,58,78,58,43,93,57,40,33,38,65,15,45,34,28,58
202109282245,74,56,36,92,49,38,26,35,63,16,46,31,31,58,71,57,37,93,52,40,30,38,60,17,45,36,30,57
202109282300,66,56,42,92,48,37,25,32,65,16,40,33,27,56,64,57,42,93,51,39,29,35,62,16,39,38,27,56
202109282315,64,50,39,88,44,37,22,27,62,15,37,28,25,55,61,51,40,89,47,39,26,30,59,15,36,33,25,55
202109282330,58,45,35,86,42,36,26,26,61,14,35,29,26,53,56,46,36,87,45,37,29,29,58,15,35,34,26,53
202109282345,57,48,30,86,37,30,26,25,59,13,35,26,21,48,55,49,31,87,40,32,29,28,56,14,34,30,21,47
202109290000,59,43,31,80,33,29,27,27,58,8,33,25,19,46,56,44,31,81,36,31,30,30,55,9,32,29,19,46
202109290015,51,42,29,71,33,26,19,19,54,11,32,24,19,40,49,43,29,72,36,28,23,22,51,11,31,28,19,40
202109290030,51,44,24,67,35,23,16,19,47,9,31,22,15,41,49,45,25,68,38,25,19,22,44,9,30,26,15,40
202109290045,47,36,23,63,32,21,15,19,50,8,23,20,14,36,45,37,23,64,35,23,19,22,47,8,22,24,14,36
202109290100,45,39,23,62,27,19,16,19,48,7,21,17,14,34,42,40,23,63,30,22,19,22,45,8,20,21,14,34
202109290115,40,36,22,56,24,18,13,16,46,5,21,17,14,30,37,37,22,57,27,20,16,18,43,6,21,20,14,30
202109290130,39,34,23,52,23,21,10,16,44,5,23,16,11,29,37,35,23,53,26,23,14,18,41,5,22,19,11,29
202109290145,38,33,24,50,18,19,9,15,42,3,21,14,12,29,35,34,24,51,21,21,13,17,39,3,20,17,12,29
202109290200,40,39,26,54,16,20,8,16,38,5,21,15,11,35,37,39,26,55,19,21,11,19,36,5,20,19,11,35
202109290215,32,33,24,50,14,17,7,17,33,7,22,14,14,26,30,33,23,51,17,18,10,19,31,7,22,17,14,26
202109290230,35,31,23,50,17,15,7,17,34,5,20,12,12,24,33,31,22,51,20,17,10,19,32,5,19,15,12,24
202109290245,31,29,22,47,17,16,5,17,31,6,20,14,11,25,29,29,22,48,19,17,8,19,29,6,19,17,11,25
202109290300,28,34,22,51,17,14,6,14,32,5,22,15,14,25,26,34,22,52,19,16,9,16,30,5,21,18,14,25
202109290315,22,31,18,44,18,13,7,12,30,4,18,14,5,24,20,30,18,45,20,14,9,14,28,4,17,17,6,24
202109290330,23,29,18,47,16,13,5,12,31,6,18,14,5,24,21,29,18,48,18,15,8,14,29,6,17,17,6,24
202109290345,23,31,16,45,17,13,5,12,31,5,17,14,4,26,21,30,16,46,19,15,8,14,29,5,16,17,5,25
202109290400,18,33,13,50,19,15,4,11,34,6,17,13,4,27,16,32,13,50,21,17,7,14,32,6,16,16,5,26
202109290415,8,32,12,47,18,15,0,10,24,7,15,9,4,26,7,30,12,46,19,16,3,13,22,6,14,12,4,25
202109290430,7,33,13,46,19,15,0,9,24,7,15,9,4,24,6,31,13,45,20,15,3,11,22,6,14,12,4,23
202109290445,8,33,14,46,16,16,0,11,23,7,17,10,5,24,7,31,14,45,17,16,2,13,21,7,16,13,5,23
202109290500,25,26,19,39,15,18,6,14,29,5,18,14,13,21,23,26,19,40,17,19,8,16,27,5,18,16,13,21
202109290515,24,24,18,43,15,15,8,13,28,3,19,13,13,19,22,24,17,44,17,16,10,15,27,3,19,15,13,19
202109290530,22,24,18,43,15,14,9,12,28,5,20,15,12,20,20,24,17,44,17,15,11,14,26,5,19,17,12,20
202109290545,28,27,16,43,18,15,10,15,29,6,22,14,14,23,26,27,16,44,20,16,12,17,28,6,21,16,14,23
202109290600,33,27,20,47,19,17,12,17,31,8,25,16,15,26,31,28,20,48,22,18,14,19,30,8,24,19,15,26
202109290615,35,33,19,47,18,17,13,16,30,11,24,16,14,29,33,33,19,48,21,18,15,18,29,11,23,19,14,29
202109290630,39,30,19,48,18,18,18,27,28,14,27,23,19,34,37,31,20,49,21,19,19,29,27,14,26,26,19,33
202109290645,41,31,22,49,22,22,20,37,33,15,33,26,23,30,39,32,22,50,25,23,21,39,32,15,32,28,23,30
202109290700,44,35,27,53,25,25,20,38,39,22,34,25,22,34,42,36,27,54,28,26,22,40,38,22,33,28,22,34
202109290715,44,34,27,54,31,26,20,41,42,24,37,30,22,37,42,35,27,55,34,27,22,43,40,24,36,33,22,37
202109290730,47,37,32,60,37,35,21,52,45,30,41,36,18,40,45,38,32,61,39,35,23,54,43,29,39,39,19,40
202109290745,48,36,29,59,39,33,20,52,44,27,37,37,24,39,46,37,29,61,41,33,22,54,42,26,36,40,25,39
202109290800,50,40,32,58,46,33,22,48,41,28,32,35,26,34,48,41,31,60,48,33,24,50,39,27,32,37,26,35
202109290815,46,37,31,54,46,34,20,47,41,25,34,27,20,30,44,38,30,56,48,34,22,48,39,24,33,29,20,31
202109290830,43,40,27,55,40,33,20,48,39,24,32,28,21,23,41,40,26,56,42,33,22,49,38,24,31,29,21,24
202109290845,45,34,24,51,41,30,18,43,31,27,32,29,24,21,43,35,23,53,43,29,19,44,30,26,32,30,24,22
202109290900,38,33,22,56,43,27,18,47,27,30,29,32,24,21,37,34,21,57,44,26,19,48,27,29,29,33,24,22
202109290915,40,33,24,55,41,26,15,48,29,28,28,27,26,22,38,34,23,56,42,26,16,49,28,27,28,28,26,23
202109290930,45,30,30,57,46,29,14,44,28,25,31,28,27,23,43,31,29,58,48,28,15,45,27,24,31,29,27,24
202109290945,47,34,26,61,43,30,17,43,30,24,33,28,29,29,45,35,26,62,45,29,18,44,29,23,33,30,28,29
202109291000,48,33,26,61,42,25,18,41,29,24,27,27,29,25,46,35,25,62,44,25,19,42,28,24,28,29,28,26
202109291015,48,31,28,55,43,25,21,40,29,26,25,27,27,23,46,33,27,57,45,25,22,41,29,26,26,28,27,24
202109291030,51,35,24,54,43,24,17,39,31,25,22,27,24,22,49,37,23,56,45,24,18,40,30,24,23,28,24,23
202109291045,48,36,24,57,43,23,15,34,34,22,20,26,24,23,46,37,23,59,45,24,17,35,32,21,21,28,24,24
202109291100,54,37,26,71,47,23,17,36,32,28,22,24,25,25,52,39,25,72,49,23,18,37,31,27,23,26,25,26
202109291115,49,44,23,64,45,25,20,30,35,30,21,23,27,32,47,44,23,65,47,25,21,32,34,29,22,26,26,32
202109291130,50,44,24,67,48,22,16,38,36,31,20,20,25,33,48,45,24,68,50,23,18,40,35,30,21,23,24,33
202109291145,60,46,28,69,49,25,16,34,39,30,20,26,29,35,58,47,28,71,51,26,18,36,37,29,21,29,28,35
202109291200,64,53,31,79,48,39,12,29,41,30,24,27,36,35,62,54,31,80,51,38,15,31,39,29,26,30,34,35
202109291215,79,59,27,80,47,33,12,34,42,28,25,28,33,35,76,61,27,82,51,33,15,36,40,27,26,31,32,35
202109291230,76,57,29,77,39,33,14,32,43,30,25,27,32,37,73,58,29,80,43,33,17,34,41,29,26,30,31,37
202109291245,69,57,27,79,40,31,13,39,45,30,25,27,30,33,66,58,27,81,44,32,16,41,42,29,26,30,29,33
202109291300,64,54,25,76,43,36,15,36,45,25,26,29,30,28,62,55,25,78,46,36,18,38,42,24,27,31,29,28
202109291315,68,51,23,63,36,33,15,33,41,30,22,28,28,25,65,52,23,65,40,33,18,35,39,29,23,30,27,25
202109291330,55,45,23,62,35,31,13,35,29,29,25,30,31,26,53,46,23,64,38,30,14,37,28,28,26,32,30,26
202109291345,50,40,23,57,34,28,15,38,26,33,19,27,31,21,48,41,22,59,37,27,16,39,26,32,21,28,30,22
202109291400,55,37,22,57,39,27,18,34,29,29,26,27,28,24,52,39,22,59,42,27,19,35,28,28,27,29,27,24
202109291415,56,44,22,58,38,32,16,33,28,24,27,25,27,20,53,45,21,60,41,31,17,34,27,23,27,26,26,21
202109291430,57,45,21,58,37,30,14,31,25,24,22,23,31,21,54,46,20,60,40,29,15,32,24,23,23,25,30,21
202109291445,50,39,20,57,34,25,17,26,27,26,22,24,31,25,48,40,20,59,37,25,18,28,27,25,23,26,30,25
202109291500,51,41,20,58,39,26,15,29,26,30,21,21,27,24,49,42,20,60,41,25,16,31,25,29,22,23,26,24
202109291515,53,39,17,58,36,29,14,29,33,31,26,24,28,23,51,40,17,60,39,29,16,31,32,30,27,26,27,23
202109291530,52,39,18,59,38,29,15,30,33,24,26,29,31,23,50,40,18,61,41,29,17,31,32,23,27,30,30,23
202109291545,54,35,22,54,44,23,15,32,28,25,22,29,30,25,52,37,22,56,46,23,16,34,27,24,23,30,29,25
202109291600,55,34,23,62,51,22,16,35,29,26,22,28,27,24,53,36,23,64,53,22,17,36,28,25,23,30,27,24
202109291615,54,32,24,62,50,23,16,33,28,25,23,27,28,22,52,34,23,64,52,23,17,34,27,24,24,28,27,22
202109291630,50,34,24,63,54,24,19,43,27,26,25,28,29,27,49,36,24,64,55,24,20,44,27,26,26,30,28,27
202109291645,56,37,30,65,61,27,16,53,30,29,28,33,28,33,55,39,30,67,62,26,17,54,29,28,28,35,28,33
202109291700,66,42,29,64,64,33,14,59,36,27,29,34,28,34,64,44,29,66,66,32,16,60,34,26,29,36,28,34
202109291715,72,41,28,63,68,35,15,62,39,30,32,42,28,33,70,44,28,66,70,34,18,63,37,29,32,43,29,33
202109291730,78,42,30,63,70,39,18,66,39,29,32,48,32,31,76,45,29,66,72,38,20,67,37,28,33,49,33,32
202109291745,87,47,33,64,80,38,19,70,40,33,28,43,34,33,86,50,32,68,82,37,21,71,38,32,29,45,34,34
202109291800,101,56,32,71,83,39,19,67,48,29,40,48,40,36,99,60,32,76,86,39,22,68,45,28,41,50,40,37
202109291815,111,67,35,77,83,45,24,65,47,32,42,48,42,40,108,71,35,82,86,44,26,66,45,31,43,50,42,41
202109291830,117,75,33,79,82,47,21,64,52,32,49,46,46,42,114,78,33,84,86,46,24,65,49,31,50,48,45,42
202109291845,120,80,36,87,87,52,25,63,49,35,59,49,45,40,117,83,35,92,91,50,27,64,47,34,58,51,45,41
202109291900,124,81,38,90,89,54,24,58,52,31,69,54,43,48,121,84,38,95,93,52,27,60,50,30,67,57,43,48
202109291915,117,78,40,83,87,58,21,55,57,30,69,52,43,45,114,81,40,88,90,56,25,57,54,29,67,54,43,46
202109291930,118,79,43,97,83,56,22,53,58,27,66,51,43,39,115,82,42,101,87,55,26,55,55,27,64,53,43,40
202109291945,118,75,45,97,76,56,30,55,57,22,73,47,42,46,115,78,44,101,80,54,33,57,55,22,71,50,42,47
202109292000,121,76,48,102,75,63,30,53,63,22,72,45,42,53,117,80,47,106,80,61,33,55,60,22,70,49,42,54
202109292015,118,77,48,105,73,60,29,50,63,24,63,47,42,48,114,80,47,109,78,59,32,52,60,24,62,50,42,49
202109292030,125,76,52,104,69,65,28,48,63,24,56,36,43,47,121,80,51,108,74,63,32,50,60,24,55,40,42,49
202109292045,110,80,47,99,61,61,29,48,67,25,54,39,36,47,106,82,46,103,66,60,33,50,64,25,53,42,36,48
202109292100,109,76,47,95,60,59,29,53,66,25,60,38,37,52,105,78,47,99,65,58,33,55,63,25,58,42,36,53
202109292115,105,62,50,95,53,62,26,47,66,22,62,38,34,54,101,66,49,99,58,61,30,50,63,22,60,42,34,55
202109292130,103,58,46,98,55,57,28,46,63,24,60,34,35,51,99,62,46,101,60,56,31,48,60,24,58,38,34,52
202109292145,102,53,47,107,50,50,25,41,62,23,60,33,31,50,98,57,46,110,55,50,29,44,59,23,58,37,31,51
202109292200,86,50,47,99,55,52,27,42,60,21,58,32,30,51,83,53,46,101,59,51,30,45,57,21,56,36,30,52
202109292215,84,47,44,97,51,48,36,44,63,22,58,30,32,52,81,50,44,99,55,48,38,47,61,23,56,35,31,53
202109292230,82,46,42,100,49,46,36,45,71,21,56,33,35,54,79,49,42,102,53,47,39,48,68,22,54,38,34,54
202109292245,74,42,38,97,51,46,29,42,70,20,52,29,35,52,71,45,38,98,54,47,33,45,66,20,51,34,34,52
202109292300,64,39,39,88,42,41,28,40,70,17,50,27,31,43,62,42,38,89,45,43,32,42,66,18,49,31,30,44
202109292315,58,37,40,84,41,41,29,32,68,15,44,24,24,47,56,39,40,85,44,43,33,35,64,16,42,28,24,48
202109292330,53,35,33,85,37,36,28,32,65,17,41,25,23,47,51,37,33,85,40,38,32,35,62,18,39,29,23,47
202109292345,51,32,31,85,31,30,23,34,57,13,40,24,19,42,48,34,31,85,34,32,26,36,54,14,38,28,19,42
202109300000,46,32,32,78,32,30,27,29,56,15,41,22,17,41,44,33,32,79,35,32,30,32,54,16,39,26,17,41
202109300015,46,33,26,76,28,28,25,28,54,15,40,19,20,38,44,34,26,77,31,30,28,31,52,16,38,23,20,38
202109300030,38,29,25,69,22,24,26,24,53,10,37,19,19,36,36,30,25,69,25,26,29,27,51,11,35,23,19,36
202109300045,40,31,23,61,21,19,24,23,45,7,33,17,21,36,37,32,23,62,24,21,26,26,43,8,32,21,20,36
202109300100,35,31,23,55,20,19,22,24,47,6,31,17,19,33,33,32,23,56,23,21,25,26,45,7,30,20,18,33
202109300115,31,29,22,57,21,19,19,18,47,5,27,14,16,26,29,29,22,57,23,21,22,20,45,6,26,17,16,26
202109300130,27,28,23,53,20,18,15,21,44,5,28,14,15,26,25,28,23,53,22,20,18,23,42,6,27,17,15,26
202109300145,27,25,24,48,15,15,14,18,42,4,24,12,15,25,25,26,23,49,17,18,17,20,40,5,23,15,15,26
202109300200,28,26,22,43,16,18,11,17,41,5,27,11,13,28,26,27,22,44,19,20,14,19,39,5,26,14,13,28
202109300215,25,22,21,43,14,19,8,16,41,6,28,10,12,24,23,23,21,44,17,21,11,18,38,6,27,13,12,24
202109300230,20,22,19,40,15,21,5,14,40,7,28,10,11,23,18,22,19,40,17,23,9,16,37,7,26,13,11,23
202109300245,18,22,18,40,12,18,4,14,40,7,26,9,10,22,16,22,18,40,14,20,8,16,37,7,25,12,10,22
202109300300,20,20,20,41,15,16,6,16,37,5,28,9,11,21,18,20,19,42,17,18,9,18,35,5,27,12,11,21
202109300315,12,20,15,37,16,17,6,11,38,5,21,8,3,23,10,20,15,37,17,19,9,13,35,5,19,11,3,23
202109300330,12,22,14,40,17,15,6,10,39,6,21,10,3,23,10,22,14,40,18,17,9,12,36,6,19,13,3,22
202109300345,14,22,13,40,17,16,7,9,35,6,22,10,3,20,12,22,13,40,18,18,10,11,33,6,20,12,3,19
202109300400,12,26,12,41,15,19,7,11,38,6,22,12,2,24,11,25,12,41,16,21,10,13,36,6,20,15,3,23
202109300415,6,24,9,43,13,21,0,9,31,7,22,8,3,25,5,23,10,42,14,22,3,11,29,6,20,11,3,24
202109300430,7,21,10,38,14,20,0,10,30,8,23,6,3,25,6,20,11,38,15,21,3,13,28,7,21,9,3,24
202109300445,8,20,10,36,12,20,0,10,30,6,24,6,3,28,6,19,11,36,13,21,3,13,28,6,22,10,3,27
202109300500,16,19,14,36,9,19,10,13,27,4,20,9,9,23,14,19,14,36,11,19,12,15,26,4,19,12,9,23
202109300515,16,20,12,35,9,16,10,14,28,4,20,10,11,22,14,20,12,36,11,17,12,16,27,4,19,13,11,21
202109300530,19,22,15,35,10,19,11,13,29,4,18,10,13,19,17,22,15,36,12,20,13,15,28,4,18,12,13,19
202109300545,20,22,17,35,10,21,7,15,31,5,19,13,13,21,18,22,17,36,12,22,10,17,29,5,19,15,13,21
202109300600,22,22,16,41,11,19,11,21,34,7,20,14,14,24,20,22,16,42,13,20,14,23,32,7,20,17,14,24
202109300615,20,23,19,46,11,20,13,24,33,9,22,17,17,25,18,23,19,46,13,21,15,26,32,9,22,20,17,25
202109300630,27,24,21,62,16,27,14,30,40,10,26,18,19,29,25,25,21,62,18,28,17,32,38,10,26,21,19,29
202109300645,31,31,22,61,17,27,15,38,45,17,25,22,17,33,28,31,22,61,20,28,18,40,42,17,24,25,17,33
202109300700,34,31,23,64,20,33,18,36,51,23,31,24,21,34,32,31,23,64,23,34,21,38,48,23,30,27,21,34
202109300715,37,28,25,63,26,38,20,43,51,25,31,36,19,37,35,29,25,63,28,38,23,45,48,24,30,38,20,37
202109300730,38,36,32,63,33,41,19,49,48,24,30,35,21,39,36,36,32,64,35,41,22,51,46,24,29,38,22,39
202109300745,40,33,32,67,39,40,20,51,49,27,31,35,25,42,38,34,32,68,41,40,23,53,47,26,31,38,25,42
202109300800,39,37,38,65,43,36,19,46,44,27,29,37,27,38,38,37,37,66,44,36,22,48,42,26,29,39,27,39
202109300815,41,41,32,63,41,38,18,45,38,25,30,30,24,33,40,41,31,64,43,37,20,47,36,24,30,32,24,34
202109300830,36,37,23,57,39,33,16,39,34,24,28,32,25,27,35,37,23,58,40,32,18,40,33,23,28,34,25,27
202109300845,33,30,25,57,36,26,16,35,34,24,29,35,26,24,32,31,24,58,37,26,18,36,33,23,29,36,26,25
202109300900,34,35,24,56,31,26,14,33,32,21,29,33,25,25,32,35,23,57,33,26,16,35,31,20,29,34,25,26
202109300915,36,31,25,57,31,29,13,29,37,21,27,29,26,25,34,32,24,58,33,29,15,31,35,20,27,31,26,26
202109300930,34,36,27,62,33,28,16,32,38,22,28,30,24,28,32,36,26,63,35,28,18,34,36,22,28,32,24,29
202109300945,41,35,26,57,33,26,13,33,33,23,30,28,21,29,39,36,25,58,35,26,15,35,32,22,29,30,21,29
202109301000,41,35,23,50,37,25,15,29,32,21,25,29,21,32,39,36,23,52,39,25,17,31,31,20,25,31,21,32
202109301015,40,36,22,54,36,24,16,30,29,23,25,27,25,35,38,36,22,55,38,24,17,32,28,22,25,30,25,35
202109301030,44,36,21,56,35,23,16,35,31,26,27,22,21,29,42,37,21,58,37,23,17,37,30,25,27,24,21,29
202109301045,47,41,22,55,35,21,14,39,29,23,28,23,25,32,45,42,22,57,37,21,15,41,28,22,28,26,24,32
202109301100,49,44,27,57,39,27,12,37,28,24,26,23,26,30,47,44,27,59,41,27,14,39,27,23,26,26,25,30
202109301115,57,43,25,65,40,25,14,41,27,23,24,27,21,28,55,44,25,67,43,25,15,42,26,22,24,29,21,28
202109301130,61,45,25,63,47,28,17,38,35,26,26,26,23,31,59,46,25,65,50,28,19,40,34,25,26,29,23,31
202109301145,71,51,24,68,44,30,15,39,42,24,26,21,23,32,68,53,24,71,47,31,18,41,40,23,26,24,22,32
202109301200,76,61,30,79,41,32,17,45,45,21,25,22,31,38,73,62,30,81,45,32,20,47,43,20,26,26,30,38
202109301215,82,61,33,83,48,37,18,38,42,22,26,27,34,36,79,63,33,85,52,36,20,40,40,22,27,30,33,37
202109301230,73,66,28,81,43,34,16,43,40,24,24,29,31,32,70,66,28,83,47,34,19,45,38,23,25,31,30,33
202109301245,74,62,27,77,45,37,13,42,35,26,23,31,30,29,71,63,27,79,49,36,15,43,33,25,24,33,30,30
202109301300,66,52,26,73,44,31,13,40,37,29,29,32,28,32,64,53,26,75,47,31,15,42,35,28,29,34,28,32
202109301315,65,51,25,74,44,28,13,37,35,29,28,26,29,29,63,52,25,76,47,28,15,39,33,28,29,28,28,29
202109301330,66,54,26,69,50,25,15,35,36,33,28,26,27,30,64,55,26,71,53,26,17,37,34,32,28,28,26,30
202109301345,56,47,18,72,49,26,14,33,32,32,25,28,25,28,54,48,18,74,51,26,16,35,31,31,25,30,25,28
202109301400,53,44,22,71,45,31,19,33,27,32,24,25,30,30,51,45,22,72,47,30,20,35,27,31,25,27,29,30
202109301415,49,36,19,72,44,26,19,33,27,32,21,25,30,30,47,37,19,73,46,26,20,35,27,31,22,27,29,29
202109301430,53,42,21,67,47,24,14,33,30,32,25,25,28,27,51,43,21,69,49,24,16,35,29,31,26,27,27,27
202109301445,53,42,23,68,45,24,16,41,29,33,25,24,25,29,51,43,23,70,47,24,17,42,28,32,26,26,24,29
202109301500,57,39,23,62,45,25,14,38,34,33,22,25,27,27,55,41,23,64,47,25,16,39,33,32,23,27,26,27
202109301515,55,35,22,60,45,21,15,41,32,29,23,27,29,27,53,37,22,62,47,22,17,42,31,28,24,29,28,27
202109301530,57,36,20,70,46,24,16,44,32,27,24,27,30,26,55,38,20,72,48,24,17,45,31,26,25,29,29,26
202109301545,63,37,24,70,50,27,18,41,31,28,23,34,31,25,61,39,23,72,53,27,19,42,30,27,24,35,31,25
202109301600,63,40,22,66,52,28,17,41,36,27,26,32,32,24,61,42,21,68,54,28,19,42,35,26,27,33,31,24
202109301615,66,43,27,62,53,25,17,47,34,27,30,33,29,23,64,45,26,65,55,25,19,48,33,26,30,34,29,24
202109301630,79,39,25,71,57,28,17,54,35,30,31,35,32,26,77,43,24,74,60,28,19,55,34,29,32,36,32,27
202109301645,82,44,26,74,61,30,19,66,37,29,29,44,30,32,80,47,26,77,64,30,21,67,36,28,30,45,31,32
202109301700,93,44,32,71,70,34,20,67,36,27,28,36,27,34,90,49,31,75,73,33,21,68,35,26,28,38,27,34
202109301715,89,47,34,70,75,34,21,73,42,31,27,42,30,40,87,51,34,74,77,34,23,74,40,30,28,44,31,40
202109301730,94,54,34,78,77,39,17,70,46,32,29,49,33,38,92,57,34,82,80,39,20,71,44,31,30,51,34,39
202109301745,97,57,40,83,79,47,19,73,46,38,35,55,34,40,95,60,39,87,82,46,22,74,44,37,36,56,35,41
202109301800,107,65,40,89,78,47,21,74,51,35,44,53,42,40,104,69,39,93,81,46,24,75,49,34,45,55,42,41
202109301815,113,70,36,101,86,59,23,71,57,32,46,49,43,47,110,73,36,105,89,57,26,72,54,31,46,52,43,47
202109301830,140,78,37,95,83,63,20,63,56,35,43,46,45,47,136,83,37,101,88,60,24,65,53,34,44,49,44,47
202109301845,134,82,40,99,84,57,21,60,55,31,52,47,42,46,130,86,40,104,89,55,25,62,52,30,52,50,42,47
202109301900,149,80,40,96,93,57,27,58,57,29,51,42,47,47,145,85,40,103,98,55,30,60,55,29,51,45,46,48
202109301915,145,83,44,93,92,59,28,50,60,24,54,47,39,48,141,88,43,99,97,57,31,52,57,24,53,50,39,49
202109301930,156,81,50,98,93,58,28,53,56,26,58,49,41,48,151,87,49,105,99,56,31,55,54,26,57,52,41,49
202109301945,152,83,47,91,89,60,25,53,63,23,62,45,43,44,148,89,46,98,95,58,29,55,60,23,61,48,42,45
202109302000,144,85,44,96,89,58,26,56,62,24,64,50,43,51,140,90,44,102,94,57,30,58,59,24,63,53,43,52
202109302015,131,79,38,92,94,55,26,59,55,20,66,44,42,43,128,83,37,97,98,53,29,61,53,20,64,47,41,44
202109302030,124,72,43,95,98,57,27,61,56,21,62,50,44,47,121,76,42,100,101,55,30,63,54,21,61,53,44,48
202109302045,130,68,41,91,97,57,28,56,55,23,62,43,36,51,127,73,41,97,101,55,31,58,53,23,60,47,36,51
202109302100,118,64,44,101,94,56,30,44,56,21,61,45,30,55,116,69,44,105,97,55,33,47,54,21,58,49,31,55
202109302115,121,65,49,105,92,52,25,47,55,24,64,44,33,52,118,70,48,109,95,51,28,50,52,24,61,48,33,53
202109302130,114,62,43,104,81,51,27,44,56,19,62,40,30,55,111,66,43,108,85,50,30,47,54,19,59,44,30,55
202109302145,98,62,37,102,73,50,27,40,57,25,63,39,32,54,95,65,38,104,76,49,30,43,54,25,60,43,32,54
202109302200,95,58,38,107,67,50,26,38,60,23,66,37,35,53,92,61,38,109,70,50,30,41,57,23,63,41,34,53
202109302215,95,56,36,100,62,43,28,37,64,24,64,33,28,51,92,59,36,102,66,44,32,40,61,24,61,37,28,51
202109302230,85,55,38,99,62,42,28,39,67,21,66,33,30,51,82,58,38,101,65,43,32,42,64,21,63,37,30,51
202109302245,78,53,40,102,64,41,22,35,64,17,58,35,28,50,76,55,40,103,66,42,26,38,61,17,55,39,28,50
202109302300,80,45,39,90,64,41,22,33,62,18,56,32,24,49,78,48,39,92,67,42,26,36,59,18,53,36,24,49
202109302315,77,42,35,87,54,37,22,37,60,20,50,32,29,52,75,45,35,89,57,38,26,40,57,20,48,37,29,52
202109302330,69,36,31,75,55,34,19,34,50,20,47,30,23,50,67,39,32,77,58,35,22,37,47,20,45,34,23,49
202109302345,65,33,27,74,50,31,21,28,50,18,41,28,22,38,63,36,27,76,53,32,24,30,47,18,39,31,22,38
202110010000,61,30,30,72,44,31,20,22,49,20,38,26,23,37,59,33,30,74,47,32,23,25,47,20,37,29,23,37
202110010015,54,28,22,79,42,24,20,24,48,19,31,24,22,39,52,31,23,80,44,26,23,27,46,19,30,28,22,38
202110010030,52,26,22,71,36,22,23,22,49,17,30,20,24,36,50,29,22,72,39,24,26,25,47,17,30,23,23,35
202110010045,47,22,21,69,34,23,18,24,47,15,27,22,20,30,45,25,21,70,37,25,21,26,45,15,27,25,20,30
202110010100,45,23,21,62,30,21,17,20,42,17,25,18,22,26,43,25,21,63,33,23,20,22,40,17,25,20,21,26
202110010115,43,23,18,56,27,19,16,17,38,10,24,16,21,27,41,25,18,57,30,21,18,19,36,10,24,19,20,27
202110010130,38,24,20,51,29,18,14,14,37,8,24,15,17,29,36,26,20,52,31,20,16,17,35,8,24,18,17,29
202110010145,40,21,21,52,26,18,16,15,34,7,26,13,20,26,38,23,21,53,29,19,18,17,33,8,26,16,19,26
202110010200,36,17,21,52,23,22,13,14,30,7,26,11,19,26,34,19,21,53,25,22,15,16,29,7,26,14,18,26
202110010215,32,19,18,53,23,15,11,15,28,8,25,11,18,21,30,21,18,54,25,16,13,17,27,8,25,13,17,21
202110010230,30,19,16,51,21,15,8,11,26,7,26,12,18,21,28,20,16,52,23,16,10,13,25,7,26,14,17,21
202110010245,28,18,15,46,18,16,9,12,28,7,27,12,15,22,26,19,15,47,20,17,11,14,27,7,26,14,15,22
202110010300,30,19,17,44,21,17,9,14,30,7,28,13,13,21,28,20,17,45,23,18,11,16,28,7,27,15,13,21
202110010315,20,18,11,44,23,15,8,10,26,5,24,12,5,20,18,19,11,45,24,16,10,12,25,5,22,14,5,20
202110010330,19,17,12,41,24,16,8,8,26,5,21,13,5,19,17,18,12,42,25,17,10,10,25,5,19,15,6,19
202110010345,16,19,12,37,22,15,9,7,23,5,20,14,4,18,15,19,12,38,23,16,10,9,22,5,18,16,5,18
202110010400,14,23,13,39,22,19,8,6,25,6,19,14,5,19,13,23,13,39,23,19,10,8,24,6,18,16,6,19
202110010415,7,19,11,37,23,19,0,8,23,6,17,11,4,19,6,18,11,37,24,19,3,10,21,5,16,13,4,19
202110010430,7,18,11,39,21,19,0,9,26,6,18,13,5,21,6,17,11,39,22,19,3,11,24,6,17,15,6,20
202110010445,7,19,12,41,18,19,0,9,27,6,16,14,6,19,6,18,12,41,19,19,3,11,25,6,15,16,7,19
202110010500,16,17,16,37,14,19,10,17,23,7,20,12,14,18,14,17,16,37,16,19,11,19,22,7,20,14,14,18
202110010515,17,15,14,34,16,19,11,16,25,9,18,11,11,19,15,16,14,35,18,19,13,18,24,9,18,13,11,19
202110010530,17,15,15,35,15,18,12,16,25,8,17,11,12,18,15,16,15,36,17,18,13,18,24,8,17,13,12,18
202110010545,17,15,18,33,15,20,13,16,28,9,19,12,10,19,15,16,18,33,17,20,14,18,27,9,18,14,10,19
202110010600,23,18,15,41,17,21,14,22,31,12,22,15,12,21,21,19,15,42,19,22,16,24,30,12,21,17,12,21
202110010615,26,17,15,46,20,23,14,25,29,14,24,18,14,23,24,18,15,47,22,23,15,27,28,14,23,20,14,23
202110010630,29,20,17,47,22,25,16,22,36,13,25,16,12,31,27,21,18,48,24,26,18,24,35,13,24,19,12,30
202110010645,31,22,19,49,22,30,15,23,37,12,30,17,16,30,29,23,19,50,24,30,17,25,35,12,29,20,16,30
202110010700,33,27,25,53,23,29,18,26,40,17,32,20,14,33,31,28,25,54,26,29,20,28,38,17,30,23,14,33
202110010715,34,29,23,55,22,26,20,30,41,19,34,21,20,34,32,30,23,56,25,27,22,32,39,19,33,24,20,34
202110010730,39,27,26,56,25,24,18,34,42,19,33,25,23,34,37,28,26,57,28,25,21,36,40,19,32,28,23,34
202110010745,39,27,27,57,29,27,22,31,42,19,31,24,24,36,37,28,27,58,31,28,24,33,41,19,31,27,23,36
202110010800,37,32,26,56,36,33,23,34,47,21,36,26,25,43,35,33,27,57,38,34,25,36,45,21,35,30,25,42
202110010815,36,35,29,58,36,36,21,36,43,21,40,30,26,39,34,36,29,59,38,36,23,38,41,21,39,33,26,39
202110010830,41,35,27,62,36,41,19,36,45,17,41,30,24,41,39,36,27,63,38,40,22,38,43,17,40,33,24,41
202110010845,43,32,27,60,41,38,19,42,47,20,45,29,27,42,42,33,27,61,43,38,22,44,45,20,44,33,27,42
202110010900,48,31,26,62,45,40,18,41,46,23,46,33,27,45,47,33,27,63,47,39,21,43,44,23,45,37,27,44
202110010915,50,40,26,66,45,37,17,46,38,24,44,28,26,45,48,41,27,67,47,36,19,48,36,23,43,32,26,44
202110010930,49,37,28,65,44,40,16,40,43,24,38,27,30,46,47,38,29,66,46,39,19,42,41,23,38,31,29,45
202110010945,51,43,24,60,42,38,12,37,44,27,34,26,30,45,49,44,25,62,44,38,16,40,41,26,34,30,29,44
202110011000,52,43,25,53,42,36,16,42,47,24,36,30,30,44,50,44,26,56,44,36,19,44,44,23,36,34,29,43
202110011015,57,49,22,59,47,34,16,41,41,25,36,33,32,41,55,50,23,62,49,34,19,43,39,24,36,36,31,40
202110011030,63,43,30,59,50,33,16,43,41,26,30,32,32,35,61,45,30,62,52,33,18,45,39,25,31,35,31,35
202110011045,69,44,30,62,46,33,18,43,38,25,32,28,32,36,66,46,30,65,49,33,20,45,37,24,33,31,31,36
202110011100,73,45,29,63,48,34,14,38,39,25,31,30,26,32,70,48,29,66,51,34,16,40,37,24,31,32,26,33
202110011115,85,49,29,61,49,36,14,38,39,22,33,32,26,34,82,52,29,65,53,35,16,40,37,21,33,35,26,34
202110011130,87,52,28,66,51,40,21,34,40,22,31,28,26,36,84,55,28,70,55,39,23,36,39,22,31,31,26,36
202110011145,100,55,28,69,46,37,15,34,40,23,32,23,27,36,96,59,28,74,51,36,18,36,38,22,32,26,26,36
202110011200,106,59,29,67,48,42,15,37,41,23,33,27,32,37,102,63,29,72,54,41,18,39,39,22,33,30,31,37
202110011215,96,63,30,65,54,41,13,35,41,21,37,28,32,36,93,66,30,69,58,40,16,37,39,20,37,31,31,36
202110011230,91,65,32,74,53,40,15,29,41,18,33,28,30,37,88,67,32,78,57,39,18,31,39,18,33,31,29,37
202110011245,95,58,32,71,53,38,18,31,43,20,35,24,35,34,91,61,31,75,57,37,21,33,41,20,36,27,33,35
202110011300,85,63,28,74,51,38,16,31,42,23,34,26,37,32,82,65,28,77,55,37,19,33,40,23,35,28,35,32
202110011315,86,60,28,65,49,34,14,32,39,20,33,25,29,29,83,62,27,69,53,34,17,34,37,20,33,27,28,30
202110011330,84,54,27,63,45,33,15,30,37,17,34,24,33,28,80,57,26,67,49,33,17,32,35,17,34,26,32,28
202110011345,78,52,27,63,41,32,15,30,40,18,35,27,31,34,75,54,27,66,45,32,18,32,38,18,35,30,30,34
202110011400,74,45,26,65,42,28,12,27,42,17,34,26,26,32,71,48,26,68,46,29,15,29,40,17,34,29,26,32
202110011415,73,44,26,68,44,28,12,34,45,22,30,26,29,27,70,47,25,71,48,29,15,36,42,21,30,28,28,27
202110011430,73,49,25,66,47,29,14,35,40,25,29,25,27,27,70,51,24,69,50,30,17,37,38,24,29,27,26,27
202110011445,79,49,22,65,46,28,14,38,39,21,25,23,29,26,76,52,22,68,50,29,17,39,37,21,26,25,28,26
202110011500,79,44,24,64,50,30,13,35,38,27,30,21,32,32,76,47,24,67,54,30,16,37,36,26,31,24,30,32
202110011515,83,48,23,59,51,29,16,31,40,25,27,25,26,30,80,51,23,63,55,29,18,33,38,24,27,27,25,30
202110011530,86,45,18,56,52,31,13,32,47,26,29,26,27,30,83,49,18,60,56,32,17,34,44,25,29,28,26,29
202110011545,85,50,17,59,51,33,13,32,42,26,28,23,27,28,82,53,17,63,55,33,16,34,40,25,28,25,26,28
202110011600,87,48,21,58,55,35,14,30,38,29,32,24,29,27,84,51,21,63,59,35,16,32,36,28,32,26,28,27
202110011615,85,43,24,61,60,34,17,33,39,25,28,27,29,26,82,47,24,65,63,34,19,35,37,24,29,29,28,26
202110011630,80,47,23,62,63,37,15,37,42,25,28,25,32,25,78,50,22,66,66,37,18,38,40,24,29,27,31,25
202110011645,82,50,20,55,60,33,15,42,42,25,28,24,31,33,79,53,20,59,63,33,18,44,40,24,29,27,30,33
202110011700,81,57,22,58,63,31,14,46,42,23,24,29,31,29,79,59,22,62,66,31,17,47,40,22,25,31,30,29
202110011715,85,61,23,58,69,30,14,41,38,23,26,25,31,31,83,63,23,62,71,30,16,43,36,22,27,28,30,31
202110011730,90,64,26,65,68,29,13,41,37,22,31,30,33,32,88,66,26,69,71,29,16,43,35,21,32,32,32,32
202110011745,105,65,24,66,69,33,13,40,37,23,32,29,30,30,102,68,24,71,73,33,15,42,35,22,32,31,29,30
202110011800,115,67,25,73,70,33,15,44,38,22,46,32,28,30,111,71,25,79,75,32,17,45,36,22,45,34,28,30
202110011815,117,63,24,76,68,34,13,45,42,23,48,29,26,31,113,67,24,82,73,34,16,46,40,22,46,31,26,31
202110011830,113,65,28,88,70,37,13,39,41,21,50,26,34,31,109,69,28,92,74,36,16,41,39,20,49,28,33,31
202110011845,118,65,28,89,69,36,13,35,40,26,51,24,33,31,114,69,27,94,74,35,16,37,38,25,50,27,32,31
202110011900,118,66,30,78,71,37,10,34,35,21,56,25,29,32,114,70,29,83,76,36,13,36,33,20,54,28,28,33
202110011915,116,73,33,84,69,36,11,32,37,16,64,23,28,35,112,76,32,89,74,35,14,34,35,16,61,26,27,36
202110011930,121,73,35,83,70,37,11,31,38,18,64,22,33,36,117,77,34,88,75,36,14,33,36,17,61,25,32,37
202110011945,119,63,29,76,66,39,15,31,39,18,62,26,30,36,115,68,29,82,71,38,17,33,37,18,59,29,29,36
202110012000,107,63,29,86,63,37,19,29,45,19,63,23,34,34,103,67,29,90,67,37,22,31,43,19,61,26,32,34
202110012015,114,56,30,88,65,40,19,34,45,20,63,28,35,31,110,61,29,92,70,39,22,36,43,20,61,30,34,32
202110012030,109,52,30,79,65,36,19,35,40,18,65,27,28,36,105,57,30,84,70,35,21,37,38,18,62,30,27,36
202110012045,98,54,30,78,57,33,18,33,42,18,66,27,27,32,95,58,29,82,61,33,20,35,40,18,62,30,26,33
202110012100,89,53,33,74,59,37,20,34,43,18,63,25,27,38,86,56,33,78,63,37,22,36,41,18,60,28,26,39
202110012115,86,53,35,76,55,37,21,33,39,15,64,24,30,36,83,56,34,79,59,36,23,35,38,15,61,27,29,37
202110012130,92,51,31,72,54,37,19,32,41,13,66,22,29,34,89,55,30,76,58,36,21,34,39,13,63,25,28,34
202110012145,79,55,39,74,51,35,17,29,45,13,54,23,27,33,76,57,38,77,54,35,20,31,43,13,52,26,26,34
202110012200,74,47,39,78,50,35,20,29,45,13,49,21,31,32,71,49,38,80,53,35,22,31,43,13,48,24,30,34
202110012215,63,48,30,71,48,36,19,29,44,15,51,24,33,33,61,49,29,73,51,36,22,31,42,15,50,27,32,34
202110012230,61,49,31,66,44,38,20,31,41,16,48,20,32,32,59,50,30,68,47,37,22,33,39,16,47,23,30,33
202110012245,62,46,30,68,45,37,20,32,45,16,49,22,31,33,60,47,30,70,48,37,23,34,43,16,48,25,30,34
202110012300,60,38,29,69,47,32,21,28,44,16,49,21,28,37,58,40,29,71,50,32,23,30,42,16,47,25,27,37
202110012315,53,37,29,62,45,28,19,26,40,14,41,22,26,34,51,38,29,64,47,29,21,28,38,14,40,25,25,34
202110012330,46,37,28,61,47,26,17,27,39,13,34,22,27,34,45,38,28,62,48,27,19,29,37,13,34,25,26,34
202110012345,40,28,24,56,47,24,17,23,39,12,36,19,24,34,39,29,24,57,48,25,19,26,37,12,35,23,23,34
202110020000,42,27,25,51,40,22,16,23,37,9,33,19,23,33,40,29,25,53,42,23,18,25,35,9,32,22,22,33
202110020015,40,29,23,44,34,19,16,26,35,8,29,14,20,31,38,30,23,46,36,20,18,28,34,8,28,17,19,31
202110020030,33,29,20,40,29,17,16,23,35,9,28,14,17,30,31,30,20,42,31,19,18,25,34,9,27,17,16,30
202110020045,33,28,17,39,28,21,15,20,32,9,28,14,18,29,31,29,17,40,30,22,17,22,31,9,27,17,17,28
202110020100,32,23,19,40,25,20,13,17,31,6,23,13,18,27,30,24,19,41,27,21,15,19,30,6,23,16,17,27
202110020115,29,24,18,34,25,18,11,12,30,5,20,13,17,24,27,25,18,36,27,19,13,14,28,5,20,16,16,24
202110020130,23,23,15,35,22,15,11,12,28,4,16,11,16,24,21,23,15,36,24,16,13,14,27,4,16,14,15,24
202110020145,25,24,15,34,22,15,8,15,27,3,15,10,16,23,23,24,15,35,24,16,10,17,26,3,15,13,15,23
202110020200,25,23,17,25,22,17,8,11,27,4,16,9,17,24,23,23,17,27,24,18,10,13,26,4,16,12,16,24
202110020215,19,20,17,25,18,12,5,11,24,5,18,10,15,19,17,20,17,26,20,13,7,13,23,5,18,12,14,19
202110020230,16,20,17,24,16,11,6,10,24,5,17,11,17,17,14,20,16,25,18,12,8,12,23,5,17,13,16,17
202110020245,15,15,15,22,19,12,6,12,23,5,14,9,14,18,14,15,15,23,20,13,8,14,22,5,14,11,13,18
202110020300,15,16,20,18,17,11,6,12,25,5,17,8,13,20,14,16,19,19,18,12,8,14,24,5,17,10,12,20
202110020315,9,17,14,19,14,11,9,13,25,4,8,10,7,17,8,17,14,20,15,13,11,15,24,4,8,12,7,17
202110020330,11,16,14,20,15,12,10,13,24,3,8,9,7,18,10,16,14,21,16,13,11,15,23,3,8,11,7,18
202110020345,12,16,13,22,15,10,9,11,21,4,10,7,6,20,11,16,13,23,16,11,10,13,20,4,10,10,6,20
202110020400,12,23,12,23,16,12,8,10,27,4,12,6,7,21,11,22,12,24,17,13,10,12,26,4,12,9,7,20
202110020415,6,20,11,23,13,15,0,12,22,3,11,5,6,21,5,19,11,24,14,16,2,14,20,3,11,8,6,20
202110020430,4,17,10,25,13,15,0,9,24,4,12,6,6,20,3,16,10,25,14,16,3,11,22,4,12,9,6,19
202110020445,5,18,8,25,13,15,0,10,25,3,14,5,6,23,4,17,9,25,14,16,3,12,23,3,13,8,6,22
202110020500,11,15,15,25,10,12,7,11,24,5,12,8,12,19,10,15,15,26,12,13,9,13,23,5,12,10,11,19
202110020515,11,14,10,21,10,11,7,12,21,4,13,8,10,17,9,14,10,22,12,12,8,14,20,4,13,10,10,17
202110020530,13,13,10,25,10,11,6,13,21,7,16,8,13,19,11,14,10,26,12,12,7,15,20,7,16,10,12,18
202110020545,12,14,11,21,9,14,8,14,21,9,17,8,11,17,10,14,11,22,11,15,9,16,20,9,17,10,10,17
202110020600,17,16,11,25,11,16,8,16,20,9,15,9,10,20,15,16,11,26,13,16,9,18,19,9,15,11,10,19
202110020615,18,20,13,27,12,15,7,16,25,8,18,10,10,21,16,20,13,28,14,16,9,18,24,8,17,13,10,21
202110020630,20,22,15,33,12,16,10,17,26,10,20,14,15,24,18,22,15,34,14,17,12,19,25,10,20,17,15,24
202110020645,23,22,19,32,13,13,14,19,25,12,17,16,16,25,21,22,19,33,15,14,15,21,24,12,17,19,16,25
202110020700,26,27,21,36,14,20,10,22,32,16,21,21,17,29,24,27,21,37,16,21,12,24,30,16,21,24,17,29
202110020715,24,25,18,38,15,21,10,20,33,17,22,25,19,31,22,25,18,39,17,22,12,22,31,16,22,28,19,30
202110020730,27,31,17,40,19,25,13,21,34,19,24,28,20,30,25,31,17,41,21,25,15,23,32,18,24,30,20,29
202110020745,27,25,16,38,22,25,14,27,34,18,28,27,20,31,25,25,17,39,24,25,16,29,32,18,28,29,20,30
202110020800,30,26,19,44,28,25,14,28,37,21,31,32,21,38,29,27,20,45,30,26,16,31,35,21,30,35,22,37
202110020815,30,32,21,43,26,26,15,30,33,17,32,31,22,34,28,32,21,44,28,26,17,32,32,17,31,33,22,34
202110020830,35,29,21,39,27,27,14,33,35,17,33,27,23,38,33,30,22,41,29,27,16,35,33,17,32,30,23,37
202110020845,37,26,17,38,36,26,12,35,37,22,33,28,27,36,35,27,18,40,38,27,15,37,35,21,33,31,27,35
202110020900,41,31,20,48,33,29,13,30,35,17,30,31,23,36,39,32,21,50,35,29,15,32,34,17,30,34,23,35
202110020915,47,30,22,54,37,30,16,35,38,19,31,32,23,33,45,32,22,56,39,30,18,37,36,19,31,34,23,33
202110020930,48,31,23,54,36,25,13,33,45,23,34,34,28,35,46,33,23,56,39,26,17,35,42,22,34,36,28,35
202110020945,49,36,21,51,37,30,14,33,44,22,34,28,27,36,47,37,21,53,39,31,17,35,42,21,34,31,27,36
202110021000,54,33,24,47,44,30,12,31,43,21,31,26,27,34,52,35,24,50,46,31,15,33,40,20,31,29,26,34
202110021015,55,31,19,45,43,28,17,31,41,23,32,22,27,30,53,33,19,48,45,29,19,33,39,22,32,25,26,29
202110021030,57,29,18,43,38,29,15,30,43,24,28,22,23,27,54,32,18,46,41,30,18,32,41,23,28,24,22,27
202110021045,53,31,19,45,38,29,14,30,44,23,27,25,19,26,51,33,19,48,41,30,17,32,41,22,27,27,19,26
202110021100,56,33,17,51,41,28,17,31,39,19,29,17,17,25,54,35,17,54,44,28,19,33,37,19,28,19,17,25
202110021115,54,37,15,51,43,32,14,28,37,17,26,25,18,25,52,39,15,53,45,32,16,30,35,17,26,27,18,25
202110021130,55,39,19,49,39,28,13,27,35,21,26,23,25,26,53,41,19,51,42,28,15,29,33,20,26,25,24,26
202110021145,64,47,24,50,39,33,11,31,35,21,27,19,20,24,61,48,23,53,42,32,14,33,33,20,27,21,20,24
202110021200,75,48,20,51,36,35,13,27,37,23,24,22,21,25,71,50,20,55,40,34,15,29,35,22,24,24,21,25
202110021215,75,49,18,56,36,33,12,28,39,18,27,21,22,26,71,51,18,59,40,33,15,30,37,17,27,23,21,26
202110021230,76,56,17,52,36,39,14,31,37,21,24,17,22,25,72,58,17,56,40,38,16,33,35,20,24,19,21,25
202110021245,74,52,18,51,37,38,15,30,32,21,23,22,24,23,70,54,18,55,41,37,17,32,31,21,23,24,23,23
202110021300,83,50,18,54,37,36,15,24,32,23,24,18,26,22,79,53,18,58,42,35,17,26,31,23,25,20,25,22
202110021315,78,49,19,49,39,32,13,25,34,22,25,17,24,15,75,51,18,53,43,31,15,26,32,21,25,18,23,16
202110021330,81,48,22,49,44,29,14,30,35,26,22,14,19,21,77,51,21,54,48,29,16,31,33,25,22,16,18,22
202110021345,75,44,24,53,40,27,11,28,33,26,19,16,19,24,72,47,23,57,44,27,13,30,31,25,19,18,18,25
202110021400,68,44,19,52,42,24,11,29,30,24,22,16,17,26,65,46,19,55,45,24,13,31,29,23,22,19,17,26
202110021415,70,42,21,47,39,30,10,28,28,24,20,17,16,22,67,44,20,51,43,29,12,30,27,23,20,19,16,22
202110021430,67,36,19,47,44,29,12,29,29,24,21,18,16,26,64,39,19,51,47,28,14,31,28,23,21,21,16,26
202110021445,63,36,18,54,45,28,14,24,27,23,21,19,19,25,61,39,18,57,48,27,15,26,26,22,21,21,19,25
202110021500,63,36,20,53,47,28,14,27,30,23,23,21,20,23,61,39,20,56,50,28,15,29,29,22,23,23,20,23
202110021515,61,40,18,50,45,26,12,26,32,22,24,21,18,20,59,42,18,53,48,26,14,28,31,21,24,22,18,20
202110021530,63,40,17,48,48,25,11,26,35,22,21,21,16,24,61,42,17,51,51,25,14,28,33,21,21,23,16,24
202110021545,66,38,22,36,46,27,12,30,34,17,21,20,18,27,64,41,22,40,49,27,14,32,32,17,21,22,18,27
202110021600,68,41,21,0,43,26,12,29,32,19,20,21,21,24,65,43,21,6,46,26,14,31,31,19,21,23,21,24
202110021615,63,37,25,0,45,29,13,29,36,20,25,19,20,29,61,39,25,6,48,29,15,31,34,20,25,22,19,29
202110021630,67,35,25,0,42,30,10,29,40,21,28,20,21,23,64,38,24,6,45,30,13,31,37,20,28,22,20,24
202110021645,75,38,19,0,44,29,11,31,40,22,25,22,21,23,72,41,19,7,48,29,14,33,38,21,25,24,21,23
202110021700,81,35,22,0,48,34,13,27,39,23,29,21,26,26,78,39,22,7,52,33,16,29,37,22,29,23,25,26
202110021715,91,45,23,0,51,37,14,29,43,21,30,23,23,29,87,49,23,8,55,37,17,31,41,21,30,26,23,29
202110021730,101,45,31,0,44,37,16,40,46,23,28,25,21,31,97,50,30,9,49,37,19,42,43,23,28,28,21,32
202110021745,95,52,31,0,48,37,17,35,44,19,28,28,18,30,91,56,30,8,53,37,20,37,42,19,27,30,19,31
202110021800,105,57,28,20,49,38,18,33,40,20,36,28,20,33,101,61,28,28,54,37,20,35,38,20,35,31,20,33
202110021815,101,56,30,21,56,37,14,34,38,21,35,25,23,34,97,60,30,28,61,36,17,36,36,20,34,28,23,34
202110021830,106,61,26,19,56,41,16,37,40,21,38,29,23,38,102,65,26,27,61,40,18,39,38,21,37,32,23,38
202110021845,114,61,27,19,58,38,17,33,41,18,42,25,23,33,110,66,27,28,63,37,20,35,39,18,41,28,23,33
202110021900,112,58,31,20,62,35,14,31,40,17,52,22,23,33,108,63,30,28,67,35,17,33,38,17,49,25,23,34
202110021915,97,53,29,19,56,33,19,29,38,16,57,20,22,38,94,57,29,26,60,33,21,31,37,16,54,24,21,38
202110021930,108,48,38,17,55,34,19,28,41,14,60,25,29,37,104,53,37,25,60,34,21,30,39,14,57,28,28,38
202110021945,100,51,33,20,52,27,19,29,43,13,61,25,22,39,96,55,33,27,57,28,21,31,41,13,57,29,22,39
202110022000,103,48,32,19,51,31,17,33,42,15,57,23,20,36,99,53,32,27,56,31,20,35,40,15,54,26,20,36
202110022015,102,46,35,15,48,32,16,27,47,16,55,23,19,36,98,51,34,23,53,33,19,29,44,16,52,26,19,37
202110022030,99,49,38,14,45,32,17,25,46,16,53,23,21,33,95,53,37,22,50,33,20,27,44,16,50,26,21,34
202110022045,95,47,34,14,44,36,21,31,48,18,54,22,20,37,91,51,33,21,49,36,24,33,46,18,51,25,20,38
202110022100,87,46,34,18,44,36,19,28,48,15,53,21,22,35,83,50,33,25,49,36,22,30,46,15,50,24,21,36
202110022115,85,42,33,16,39,34,19,25,46,14,55,19,20,37,81,46,32,23,44,34,22,28,44,14,52,23,19,38
202110022130,84,47,32,19,40,32,18,27,42,13,51,22,17,40,80,50,32,25,45,32,20,30,40,13,48,26,17,40
202110022145,87,44,30,22,41,32,16,22,42,14,51,22,21,38,83,48,30,28,46,32,19,25,40,14,48,26,21,38
202110022200,75,43,28,26,41,31,15,22,46,12,47,20,18,35,72,46,28,31,45,32,18,25,43,12,44,23,18,35
202110022215,63,45,26,28,38,31,17,26,47,10,51,20,16,36,60,47,26,32,41,32,20,28,44,10,48,24,16,36
202110022230,63,42,26,27,38,32,18,28,52,12,50,19,18,36,60,44,26,31,41,33,21,30,49,12,47,23,18,36
202110022245,60,41,26,27,39,29,18,28,52,13,48,21,16,33,57,43,26,31,42,31,21,30,49,13,45,24,16,33
202110022300,51,37,24,23,38,29,16,24,52,10,44,23,15,36,49,38,24,27,40,30,20,27,49,10,41,26,15,36
202110022315,51,33,22,21,40,30,14,22,51,9,42,17,12,33,49,35,22,25,42,31,18,24,48,9,39,21,12,33
202110022330,46,28,20,24,39,25,16,22,43,8,43,16,15,34,44,30,20,27,41,26,19,25,41,8,40,20,15,33
202110022345,43,27,20,24,38,23,14,20,45,8,39,16,16,28,41,29,20,27,40,25,17,22,42,8,37,19,16,28
202110030000,40,24,22,22,38,22,14,21,40,7,35,17,16,26,38,26,22,25,40,23,17,23,38,7,33,20,16,26
202110030015,36,23,22,17,27,21,10,15,35,6,34,15,14,25,34,24,22,20,29,22,13,17,33,6,32,18,14,25
202110030030,32,20,19,13,24,17,9,14,32,5,27,11,12,24,30,22,19,16,26,18,11,16,30,5,26,14,12,24
202110030045,33,17,21,15,26,17,10,12,33,6,25,10,13,22,31,19,20,18,28,18,12,14,31,6,24,13,13,22
202110030100,29,17,18,14,24,19,11,16,33,8,23,9,13,21,27,18,18,17,26,20,13,18,31,8,22,12,12,21
202110030115,29,17,18,12,24,14,10,16,32,2,20,10,11,18,27,18,17,15,26,16,12,18,30,2,19,12,11,18
202110030130,28,17,17,10,21,15,8,10,32,2,19,8,11,15,26,18,16,13,23,17,11,12,30,2,18,10,11,15
202110030145,26,16,16,8,21,16,7,9,29,3,19,6,10,16,24,17,15,11,23,17,9,11,27,3,18,8,9,16
202110030200,25,17,16,13,19,16,7,7,24,4,17,7,11,16,23,18,15,16,21,16,9,9,23,4,17,9,10,16
202110030215,22,15,16,12,19,12,4,9,24,4,18,8,12,14,20,16,15,15,21,13,6,11,23,4,18,10,11,14
202110030230,21,13,15,11,19,11,5,9,22,4,17,8,11,14,20,14,14,13,21,12,7,11,21,4,17,10,10,14
202110030245,19,12,17,12,17,14,4,8,22,3,13,8,10,13,17,13,16,14,19,14,6,10,21,3,13,10,10,13
202110030300,14,12,17,13,16,14,5,10,22,5,17,9,10,11,12,13,16,15,18,14,7,12,21,5,17,10,10,12
202110030315,13,12,14,14,15,15,6,6,23,4,16,8,3,10,11,13,13,16,17,16,8,8,22,4,15,9,3,10
202110030330,14,13,13,14,16,13,6,5,21,5,14,6,3,10,13,14,12,16,17,14,8,7,20,5,13,7,3,10
202110030345,14,14,14,14,15,14,5,5,22,4,15,8,3,10,12,14,13,16,17,15,7,7,21,4,14,9,3,10
202110030400,14,15,13,13,12,15,5,5,27,6,14,7,3,12,12,15,12,15,14,16,7,7,25,6,13,9,3,12
202110030415,7,14,12,11,15,15,0,5,23,4,15,4,3,12,6,14,11,13,16,16,2,7,21,4,14,6,3,12
202110030430,7,12,13,12,10,14,0,5,23,4,16,3,2,14,6,12,13,13,11,15,2,7,21,4,15,5,2,14
202110030445,6,14,12,12,13,16,0,6,23,4,13,4,2,15,5,14,12,13,14,16,2,8,21,4,12,6,2,15
202110030500,15,13,13,13,13,14,5,5,24,3,13,4,8,13,14,14,12,15,15,15,7,7,23,3,13,6,7,13
202110030515,15,12,13,13,13,15,6,6,23,3,13,4,9,12,14,13,12,15,15,16,8,8,22,3,13,6,8,12
202110030530,15,12,13,16,12,15,5,6,20,5,14,5,10,15,13,13,13,18,14,15,7,8,19,5,14,7,9,15
202110030545,16,11,15,17,14,16,7,8,22,5,13,6,9,14,15,12,14,19,16,16,9,10,21,5,13,8,9,14
202110030600,16,13,14,14,15,17,6,10,24,7,17,6,9,15,15,14,14,16,17,17,8,12,23,7,16,8,8,15
202110030615,19,15,17,14,15,19,9,11,23,7,19,8,9,18,17,16,17,16,17,19,10,13,22,7,18,10,9,18
202110030630,21,15,18,16,18,18,10,12,24,8,17,10,10,18,19,16,17,18,20,18,11,14,23,8,16,12,10,18
202110030645,28,17,21,14,17,21,9,13,25,9,19,12,12,20,26,18,20,17,19,21,10,15,24,9,19,14,12,20
202110030700,31,18,23,16,16,24,9,14,29,12,22,13,16,22,29,20,22,19,19,24,11,16,27,12,22,15,15,23
202110030715,35,21,23,16,15,27,11,15,32,13,26,16,14,22,32,23,22,19,18,27,13,17,30,13,25,18,14,23
202110030730,33,22,22,19,17,27,10,19,29,12,25,22,16,24,31,23,22,22,20,26,12,21,28,12,24,24,16,24
202110030745,38,22,22,19,18,27,10,22,30,11,27,23,15,23,35,24,21,22,21,27,12,24,29,11,26,25,16,23
202110030800,41,25,23,16,22,33,8,31,30,13,31,24,17,31,38,27,23,20,25,32,10,33,28,13,30,27,17,31
202110030815,44,31,21,16,28,29,10,27,32,15,30,22,14,28,42,32,21,20,31,29,12,29,30,15,29,24,15,28
202110030830,40,33,23,18,30,30,11,23,31,11,32,24,16,26,38,34,23,21,32,30,13,25,30,11,31,26,16,26
202110030845,42,28,21,15,31,31,10,27,29,13,30,20,18,25,40,30,21,19,33,30,12,29,28,13,29,22,18,25
202110030900,48,32,19,15,32,32,11,31,31,14,34,20,19,27,46,34,19,19,35,31,13,33,30,14,33,22,19,27
202110030915,48,33,24,15,33,29,13,37,40,14,35,24,20,25,46,35,23,19,36,29,16,38,38,14,34,26,20,26
202110030930,48,28,24,16,33,34,12,38,41,16,37,22,20,27,46,30,23,20,36,34,15,39,39,16,36,25,20,27
202110030945,57,29,23,37,33,30,11,33,36,17,33,22,21,27,54,32,23,40,36,30,14,35,34,17,32,24,21,27
202110031000,53,29,19,41,35,28,13,35,39,16,32,21,19,28,51,32,19,44,38,28,16,37,37,16,31,24,19,28
202110031015,48,36,18,41,42,28,13,36,41,18,29,17,19,22,46,37,18,44,44,29,16,37,39,18,28,19,18,22
202110031030,52,32,19,40,44,33,12,33,34,21,29,18,19,25,50,34,19,43,46,32,14,35,32,20,28,20,19,25
202110031045,55,32,20,42,40,30,14,35,36,18,32,17,18,26,53,34,20,45,43,30,16,36,34,18,31,20,18,26
202110031100,63,33,21,47,43,27,14,33,37,18,27,15,21,29,61,36,21,50,46,27,16,35,35,18,27,18,20,29
202110031115,66,38,21,51,45,31,16,33,35,17,25,20,20,29,63,41,21,54,48,31,18,35,34,17,25,23,20,29
202110031130,65,41,22,49,46,36,15,30,35,16,26,22,20,30,62,43,22,52,49,35,17,32,33,16,26,25,20,30
202110031145,68,44,20,49,39,40,15,30,38,19,28,21,18,27,65,46,20,53,43,39,17,32,36,19,27,23,18,27
202110031200,72,51,23,48,40,40,15,33,36,21,25,18,21,27,69,53,23,52,44,39,17,35,34,20,25,21,20,27
202110031215,74,54,20,56,37,40,13,29,43,21,24,18,16,29,71,56,20,60,41,39,16,31,41,20,23,21,16,29
202110031230,73,54,20,58,38,34,11,29,40,20,24,15,18,35,70,56,21,62,42,34,14,31,38,19,24,19,17,34
202110031245,76,48,19,53,40,33,14,29,38,21,29,19,19,30,72,50,19,57,44,33,17,31,36,20,28,22,19,29
202110031300,78,51,18,53,36,33,16,32,29,19,27,19,17,30,74,53,18,57,40,32,17,34,28,19,26,22,17,29
202110031315,75,55,24,51,41,32,13,27,30,17,26,22,21,26,72,57,24,55,45,31,15,29,29,16,26,24,21,26
202110031330,71,47,25,45,44,30,13,28,31,21,24,25,23,30,68,49,25,49,47,29,15,30,30,20,25,27,23,30
202110031345,65,42,25,43,46,28,15,29,28,22,24,22,23,30,62,44,25,46,49,27,16,31,27,21,24,25,22,30
202110031400,64,41,24,41,44,32,13,28,29,21,29,23,22,35,61,43,24,45,47,31,15,30,28,20,29,26,22,35
202110031415,61,44,23,46,46,33,13,23,30,20,28,21,21,29,59,45,23,49,49,32,15,25,29,19,28,24,21,29
202110031430,57,46,23,45,42,31,11,24,33,16,27,18,20,29,55,47,23,48,45,30,13,26,31,15,27,21,19,29
202110031445,58,44,26,44,40,35,15,24,33,18,24,20,20,29,56,45,25,47,43,34,17,26,32,18,24,23,20,29
202110031500,60,46,23,49,44,27,13,22,29,19,26,21,21,29,58,47,23,52,47,27,15,24,28,19,26,24,21,29
202110031515,63,50,25,50,43,31,9,24,33,18,23,21,19,23,60,51,24,53,46,30,11,26,31,17,23,23,19,24
202110031530,58,44,24,47,37,29,8,29,34,17,22,19,16,24,55,45,23,50,40,29,11,31,32,16,22,21,16,25
202110031545,67,41,24,49,37,29,10,27,32,19,21,21,21,23,64,43,23,53,41,29,12,29,30,18,21,23,21,24
202110031600,67,43,20,52,43,33,12,29,33,19,27,19,26,26,64,45,20,55,46,32,14,31,32,18,27,22,25,26
202110031615,69,46,20,50,46,29,9,29,35,17,26,23,22,30,66,48,20,54,49,29,12,31,33,16,26,26,22,30
202110031630,68,48,25,49,51,27,10,29,34,19,24,16,22,31,66,50,25,53,54,27,12,31,32,18,24,19,21,31
202110031645,67,48,24,49,51,28,10,24,34,17,22,18,20,28,65,50,24,52,54,28,12,26,32,16,22,21,19,28
202110031700,67,47,27,51,47,30,12,29,36,16,23,20,21,29,65,49,27,54,50,30,14,31,34,16,23,23,21,29
202110031715,67,52,24,55,45,29,12,26,40,18,28,25,22,30,64,53,24,58,48,29,15,28,38,17,28,27,22,30
202110031730,68,52,23,59,44,29,9,27,34,14,30,21,22,32,65,53,23,62,47,29,12,29,32,14,30,24,22,32
202110031745,70,55,20,63,43,29,11,32,39,21,30,23,18,30,67,56,20,66,46,29,14,34,37,20,29,26,18,29
202110031800,75,57,25,56,52,31,11,32,37,19,31,27,16,32,73,58,25,60,55,31,14,34,35,18,30,30,17,32
202110031815,78,57,29,58,59,30,12,33,37,16,31,24,18,32,76,59,28,62,62,30,15,35,35,16,30,27,18,32
202110031830,84,58,31,59,58,28,13,29,39,16,32,26,20,32,81,60,30,63,61,28,16,31,37,16,31,29,20,33
202110031845,84,58,31,63,60,35,15,27,44,15,33,24,21,34,81,60,31,67,63,35,18,29,42,15,32,27,21,35
202110031900,82,59,33,60,59,39,19,30,43,14,33,24,20,35,79,61,33,64,62,38,21,32,41,14,32,27,20,36
202110031915,79,52,34,62,56,32,22,31,40,12,36,28,20,35,77,54,33,66,59,32,24,33,39,13,35,31,20,36
202110031930,88,52,31,55,55,38,25,28,41,12,38,28,19,37,85,55,31,60,59,37,27,30,40,13,36,31,20,37
202110031945,83,50,28,59,54,33,22,28,44,10,39,27,19,36,80,53,28,63,57,33,24,30,42,11,37,30,19,36
202110032000,82,50,30,58,47,30,17,28,54,11,36,31,16,37,79,53,30,62,51,32,21,30,51,11,34,34,17,37
202110032015,78,48,29,59,51,25,23,29,49,12,38,26,17,40,75,51,29,62,54,27,25,31,47,13,36,30,18,40
202110032030,71,48,27,56,49,25,20,23,45,11,36,25,21,39,68,50,27,59,52,26,22,26,43,11,35,29,21,39
202110032045,80,53,27,58,51,29,21,23,49,11,36,21,17,36,77,55,27,62,55,30,24,25,47,11,34,25,17,36
202110032100,80,50,30,60,52,29,19,22,52,12,36,24,18,33,77,52,30,64,56,30,22,24,49,12,34,27,18,33
202110032115,78,50,30,56,55,23,19,20,48,15,34,24,17,35,75,52,30,60,58,25,22,23,46,15,33,27,17,35
202110032130,74,43,26,52,50,24,18,22,48,13,33,22,20,37,71,46,26,56,53,26,21,25,45,13,32,25,20,37
202110032145,63,40,28,57,48,23,19,23,48,13,26,24,20,40,61,42,28,60,51,25,22,26,45,13,26,28,20,40
202110032200,67,40,28,56,49,23,21,21,50,14,29,26,19,36,65,43,28,59,52,25,24,24,47,14,28,29,19,36
202110032215,60,40,26,51,48,22,23,21,51,13,31,25,17,35,58,42,26,54,50,24,26,24,49,14,30,28,17,35
202110032230,55,42,29,53,50,25,20,20,45,10,34,24,15,32,53,43,29,55,52,26,22,22,43,11,32,27,16,32
202110032245,50,44,28,55,46,23,20,21,46,12,36,22,18,32,48,45,28,57,48,25,23,23,44,12,35,25,18,32
202110032300,48,39,23,53,40,24,18,23,47,14,37,20,19,34,46,40,23,55,42,26,21,25,45,14,35,23,19,34
202110032315,46,34,26,50,38,22,18,19,46,9,37,19,17,29,44,35,26,52,40,24,21,21,44,10,35,22,17,29
202110032330,41,32,20,50,32,19,18,20,44,9,34,16,20,26,39,33,20,52,34,21,21,22,42,9,33,19,19,26
202110032345,34,28,19,42,27,23,15,19,41,7,34,15,17,25,32,29,19,44,29,24,18,21,39,7,33,18,16,25
202110040000,33,25,18,44,27,20,15,14,41,8,31,13,18,27,31,26,18,45,29,22,18,16,39,8,30,16,17,27
202110040015,32,24,17,45,27,17,11,14,38,8,28,13,14,25,30,25,17,46,29,19,14,16,36,8,27,16,14,25
202110040030,28,24,16,39,23,16,13,15,36,6,26,14,11,20,26,25,16,40,25,18,15,17,34,7,25,16,11,20
202110040045,25,20,18,39,21,17,13,14,37,8,22,13,10,18,23,21,17,40,23,19,15,16,35,8,21,15,10,18
202110040100,24,21,14,34,22,16,13,14,36,7,23,12,9,17,22,22,14,35,24,18,15,16,34,7,22,14,9,17
202110040115,26,19,11,34,19,17,12,12,35,4,21,10,10,22,24,20,11,35,21,18,14,14,33,4,20,13,10,21
202110040130,23,18,14,33,19,19,9,10,32,5,21,9,9,20,21,19,14,34,21,20,11,12,30,5,20,11,9,20
202110040145,20,15,14,32,23,17,8,7,30,5,20,7,8,17,19,16,14,33,25,18,10,9,28,5,19,9,8,17
202110040200,19,15,13,32,22,19,11,10,29,4,19,6,10,16,18,16,13,33,24,20,13,12,28,4,18,8,9,16
202110040215,17,13,14,33,18,16,7,9,29,3,18,7,11,15,16,14,14,34,20,17,9,11,27,3,17,9,10,15
202110040230,18,13,15,32,18,15,7,11,32,5,18,5,11,18,17,14,15,33,20,16,10,13,30,5,17,8,10,18
202110040245,17,14,14,29,16,16,6,10,33,5,17,6,11,18,16,15,14,30,18,17,9,12,31,5,17,9,10,18
202110040300,16,14,16,30,18,16,6,10,37,4,18,4,10,20,15,15,16,31,20,18,9,12,35,4,17,7,9,20
202110040315,11,14,12,32,14,15,5,8,33,4,14,5,3,21,10,14,12,33,15,17,8,10,31,4,13,8,3,21
202110040330,13,12,12,31,13,14,6,8,33,6,14,4,4,19,12,13,12,32,15,16,9,10,31,6,13,7,4,19
202110040345,11,14,10,29,13,13,5,10,35,6,16,4,4,20,9,14,10,30,15,15,8,12,33,6,15,7,4,19
202110040400,12,17,10,30,11,13,5,11,37,6,16,6,3,21,10,17,10,31,13,16,8,13,34,6,15,9,3,20
202110040415,7,18,8,28,14,14,0,10,28,6,15,4,2,21,6,17,8,28,15,15,3,12,26,6,14,7,2,20
202110040430,8,16,10,27,12,15,0,9,29,6,14,5,2,23,6,16,10,28,13,16,3,11,27,6,13,8,2,22
202110040445,7,16,7,29,11,17,0,11,27,6,14,4,1,20,5,16,8,30,12,18,3,13,25,6,13,7,1,19
202110040500,12,12,10,27,11,15,5,11,29,5,16,5,7,16,10,12,10,28,13,16,8,13,27,5,15,7,7,16
202110040515,15,10,9,26,12,13,6,10,28,3,16,6,6,15,13,11,9,27,14,14,8,12,26,3,15,8,6,15
202110040530,15,12,10,24,12,16,6,10,27,4,17,5,9,17,13,13,10,25,14,17,8,12,26,4,16,7,8,17
202110040545,15,11,10,22,12,20,8,11,28,4,19,5,9,16,13,12,10,23,14,20,10,13,27,4,18,7,9,16
202110040600,20,12,13,22,11,20,6,12,32,7,20,6,9,17,18,13,13,24,13,21,9,14,30,7,19,8,9,17
202110040615,22,13,12,26,11,19,10,10,28,11,18,7,11,19,20,14,12,28,13,20,12,12,27,11,17,9,10,19
202110040630,24,16,14,28,13,19,11,12,26,12,23,14,14,23,22,17,14,30,15,20,12,14,25,12,22,16,14,22
202110040645,24,17,15,32,14,20,11,12,28,12,24,12,15,25,22,18,15,33,16,21,13,14,27,12,23,15,15,25
202110040700,29,17,17,35,22,20,14,18,28,14,28,13,14,27,27,19,17,36,24,21,15,20,27,14,27,16,14,27
202110040715,28,18,18,41,19,20,17,22,29,13,28,17,15,29,26,19,18,42,21,21,18,24,28,13,27,20,15,29
202110040730,31,21,19,42,20,23,18,23,33,13,27,22,15,33,29,22,19,43,22,24,19,25,32,13,26,25,15,32
202110040745,29,22,21,40,21,23,15,21,35,13,27,22,19,35,27,23,22,41,23,24,17,24,33,13,27,25,19,34
202110040800,32,25,18,43,24,28,16,28,36,17,33,21,22,40,30,26,19,44,26,28,18,31,34,17,32,25,22,39
202110040815,31,27,17,36,22,30,10,32,36,17,34,20,20,36,29,28,18,38,24,30,13,34,34,16,33,24,20,35
202110040830,34,35,21,39,24,31,12,29,36,19,35,21,21,34,32,35,21,41,26,30,15,31,34,18,34,24,21,33
202110040845,38,32,21,42,30,28,12,32,38,19,35,19,23,30,36,33,21,44,32,28,15,34,36,18,34,22,22,30
202110040900,40,27,22,41,33,25,11,30,35,20,35,22,24,34,38,28,22,43,35,26,14,32,33,19,34,25,23,34
202110040915,41,28,22,44,30,25,12,33,34,20,36,19,24,33,39,29,22,46,32,26,14,35,32,19,35,22,23,33
202110040930,40,30,16,46,32,24,17,30,34,19,35,14,27,33,38,31,17,48,34,25,19,32,33,19,35,18,25,32
202110040945,42,34,18,43,33,29,15,29,36,21,35,19,28,32,40,35,18,45,35,29,17,31,34,20,35,22,27,31
202110041000,43,34,21,43,37,25,15,27,35,19,29,22,32,29,41,35,21,45,39,25,17,29,34,19,30,25,30,29
202110041015,46,32,23,43,40,28,16,29,32,18,25,20,32,31,44,33,23,45,42,28,17,31,31,18,26,23,30,31
202110041030,44,39,23,46,40,27,16,31,35,16,26,21,22,28,42,40,23,48,42,27,18,33,34,16,26,24,22,28
202110041045,40,36,20,47,39,27,14,30,36,17,26,16,23,26,38,37,20,49,41,27,16,32,34,17,26,19,22,26
202110041100,42,42,21,46,40,26,13,30,39,17,28,14,28,27,41,42,21,48,42,27,16,32,37,17,29,17,26,27
202110041115,45,44,22,47,38,26,11,28,36,15,25,17,31,28,43,44,22,49,40,27,14,30,34,15,26,20,29,28
202110041130,56,36,24,47,41,28,11,27,35,15,26,21,29,29,54,38,24,50,44,28,13,29,33,15,27,24,28,29
202110041145,61,32,27,44,37,29,9,26,36,16,27,18,29,29,58,35,26,47,40,29,12,28,34,15,28,21,27,30
202110041200,64,35,28,52,34,26,12,30,38,13,24,17,25,27,61,38,27,55,38,27,15,32,36,13,25,20,24,28
202110041215,57,36,24,51,32,28,13,33,36,14,28,14,28,24,54,38,23,54,35,28,16,35,34,14,28,17,26,25
202110041230,57,41,22,44,35,28,13,27,35,15,29,16,28,26,54,42,22,47,38,28,15,29,33,15,29,19,26,26
202110041245,54,42,22,47,35,28,12,26,32,15,30,16,24,26,52,43,22,50,38,28,14,28,30,15,30,19,23,26
202110041300,59,43,22,50,30,23,12,29,33,17,30,14,26,28,56,44,22,53,34,23,14,31,31,17,30,17,24,28
202110041315,56,45,20,48,34,29,16,27,36,20,28,18,24,27,53,46,20,51,37,29,18,29,35,20,28,21,23,27
202110041330,62,43,20,48,34,30,13,26,38,20,27,17,28,32,59,45,20,51,37,30,16,28,36,19,28,20,27,32
202110041345,61,42,21,46,39,30,14,26,37,18,28,19,27,30,58,44,21,49,42,30,16,28,35,18,28,22,26,30
202110041400,61,40,22,50,35,28,14,26,37,19,32,17,27,24,58,42,21,53,38,28,16,28,35,19,32,19,26,24
202110041415,67,35,22,48,38,28,13,26,38,19,33,16,24,23,64,38,21,51,42,28,16,28,36,18,33,18,23,23
202110041430,65,41,19,39,38,26,12,29,38,16,28,20,25,24,62,43,19,43,41,27,15,31,36,16,28,22,24,24
202110041445,66,44,15,43,41,21,10,27,40,19,30,20,27,29,63,46,15,47,44,22,13,29,38,18,30,23,26,28
202110041500,61,44,13,45,40,23,12,34,38,18,30,22,25,23,58,46,13,48,43,24,15,36,36,18,30,24,24,22
202110041515,55,39,17,38,35,22,13,29,39,19,30,20,21,24,52,41,17,41,38,23,16,31,37,19,29,22,20,24
202110041530,54,35,14,40,31,23,12,29,40,20,30,22,23,23,51,37,14,43,34,24,15,31,38,19,30,24,22,23
202110041545,59,33,14,44,34,23,14,33,39,20,25,26,22,24,56,35,14,47,37,24,17,35,37,19,25,28,22,23
202110041600,56,34,16,43,35,23,16,32,39,19,27,24,21,25,53,36,16,46,38,24,18,34,37,19,27,26,21,25
202110041615,59,35,14,56,39,24,15,34,38,20,27,27,23,27,57,37,14,58,42,25,17,36,36,20,27,29,23,26
202110041630,63,34,20,52,40,25,16,36,40,18,26,24,25,26,60,37,20,55,43,26,18,37,38,18,26,26,24,26
202110041645,67,38,22,48,37,25,13,38,37,18,28,23,23,28,64,41,22,52,41,26,15,39,35,18,28,25,23,28
202110041700,71,42,25,53,43,29,15,39,43,15,28,22,25,30,68,45,25,57,47,30,18,41,41,15,28,25,24,30
202110041715,79,45,28,49,40,31,15,33,40,14,30,23,26,32,76,48,28,53,44,31,17,35,38,14,30,26,25,32
202110041730,80,42,28,47,45,31,15,36,42,18,35,24,30,31,77,45,27,51,49,31,18,38,40,18,35,27,29,31
202110041745,78,40,27,54,52,35,14,39,41,17,33,25,25,36,75,43,27,58,55,35,17,41,39,17,33,28,25,36
202110041800,84,46,26,54,56,40,14,34,43,16,37,25,26,37,81,49,26,58,59,39,17,36,41,16,36,28,25,37
202110041815,76,44,29,51,51,41,15,35,41,19,37,26,29,34,73,47,29,55,54,40,18,37,39,19,37,29,28,34
202110041830,82,45,30,58,54,36,17,39,42,18,36,25,31,34,79,48,30,62,57,36,20,41,40,18,36,28,30,34
202110041845,84,50,30,64,55,35,16,38,44,20,37,29,29,33,81,53,29,68,58,35,19,40,42,20,37,31,28,33
202110041900,79,50,31,69,56,33,17,39,44,20,38,30,33,38,76,52,31,72,59,33,20,41,42,20,38,33,32,38
202110041915,81,49,28,68,53,34,17,34,44,14,34,30,29,34,78,52,28,71,57,34,20,36,42,14,34,33,29,34
202110041930,82,47,27,68,52,37,17,32,44,15,30,26,29,34,79,50,27,71,56,37,20,34,42,15,30,29,28,34
202110041945,80,49,29,70,47,37,19,32,46,14,30,25,30,34,77,52,29,73,51,37,22,34,44,14,30,28,29,34
202110042000,75,47,30,62,52,33,19,30,48,17,29,28,25,39,72,50,30,65,55,34,22,32,46,17,29,31,25,39
202110042015,76,42,28,64,47,29,16,33,48,16,25,26,29,36,73,45,28,67,50,30,19,35,45,16,26,29,28,36
202110042030,71,46,27,63,39,27,19,32,49,16,30,27,28,36,68,48,27,66,43,28,22,34,46,16,30,30,27,36
202110042045,68,39,28,60,37,28,22,29,49,18,32,28,29,33,65,42,28,63,41,29,25,31,47,18,32,31,28,33
202110042100,65,47,27,62,42,25,20,28,51,19,33,28,28,38,62,48,27,65,45,27,23,30,48,19,33,31,27,38
202110042115,61,42,27,62,45,27,20,33,48,16,34,28,31,38,59,44,27,64,48,28,23,35,46,16,34,31,30,38
202110042130,57,36,29,64,41,26,22,26,48,17,39,27,34,36,55,38,29,66,44,28,25,28,46,17,39,30,33,36
202110042145,54,40,31,56,39,29,21,26,49,19,39,30,31,39,52,41,31,58,42,30,24,29,47,19,39,33,30,39
202110042200,56,37,30,63,47,28,22,27,50,18,42,25,28,35,54,39,30,65,49,30,25,29,48,18,41,28,27,35
202110042215,52,43,26,62,46,23,17,25,50,17,40,26,28,38,50,44,26,64,48,25,20,28,47,17,39,29,27,38
202110042230,46,47,26,61,45,24,19,23,51,15,38,27,27,36,44,47,26,62,46,26,22,26,48,15,37,30,26,36
202110042245,43,42,27,60,46,23,18,24,52,13,36,28,23,33,42,42,27,61,47,25,21,26,49,13,35,31,23,33
202110042300,44,39,25,64,40,22,17,21,46,13,35,30,22,34,42,40,25,65,42,24,20,24,44,13,34,33,22,34
202110042315,40,41,24,66,38,25,19,21,49,12,39,27,21,30,38,41,24,67,40,27,22,23,46,12,38,29,21,30
202110042330,35,35,24,64,37,25,18,20,45,12,36,27,23,28,34,35,24,65,38,26,21,22,43,12,35,29,23,28
202110042345,37,33,18,61,35,22,17,14,46,12,34,25,24,24,35,34,18,62,37,24,20,16,44,12,33,27,24,24
202110050000,36,32,17,59,31,24,13,15,46,8,27,19,19,21,34,33,17,60,33,26,16,17,43,8,27,21,19,21
202110050015,36,32,14,48,32,26,15,15,43,9,25,17,18,18,34,33,14,50,34,27,18,17,41,9,25,19,18,18
202110050030,32,30,12,49,32,25,12,14,40,9,27,16,17,21,31,30,12,50,34,26,15,16,38,9,26,18,17,21
202110050045,31,28,11,47,31,24,12,14,39,10,25,18,17,17,30,29,11,48,33,25,15,16,37,10,25,19,17,17
202110050100,31,25,12,44,30,25,13,12,39,8,21,16,16,19,29,26,12,45,32,26,16,14,37,8,21,18,16,19
202110050115,32,23,12,42,29,21,11,10,38,5,22,14,15,20,30,24,12,43,31,22,14,12,36,5,22,16,15,20
202110050130,29,20,11,45,27,19,12,10,34,5,23,11,14,19,27,21,11,46,29,20,14,12,32,5,22,13,14,18
202110050145,29,19,13,40,30,18,11,9,34,5,19,10,14,20,27,20,13,41,32,19,13,11,32,5,19,12,13,20
202110050200,25,19,11,37,24,17,12,11,37,5,20,11,14,16,23,20,11,38,26,19,15,13,35,5,20,13,13,16
202110050215,26,18,12,38,25,15,8,7,35,6,21,10,15,16,24,19,12,39,27,17,11,9,33,6,21,12,14,16
202110050230,23,16,12,34,25,15,8,6,33,5,21,11,16,14,22,17,12,35,26,17,11,8,31,5,21,13,15,14
202110050245,19,17,11,31,23,15,9,7,35,4,20,9,17,14,18,18,11,32,24,17,12,9,33,4,20,11,16,14
202110050300,22,18,10,37,23,13,8,8,36,4,20,7,19,18,20,19,10,38,25,15,11,10,34,4,20,9,18,18
202110050315,15,18,9,34,19,14,8,6,34,3,18,7,5,21,14,18,9,34,20,16,11,8,32,3,17,10,5,20
202110050330,13,18,7,30,20,11,8,6,33,4,20,6,4,16,12,18,7,31,21,13,11,8,31,4,18,8,4,15
202110050345,11,17,8,29,19,11,8,5,32,4,19,6,5,18,10,17,8,30,20,13,11,7,30,4,18,8,5,17
202110050400,11,22,7,34,19,12,6,5,34,5,17,8,3,20,10,21,8,35,20,14,9,7,32,5,16,11,3,19
202110050415,6,19,9,34,18,11,0,6,31,6,16,5,4,21,5,18,9,34,19,13,3,8,29,6,15,8,4,20
202110050430,5,20,8,32,16,14,0,7,33,5,15,5,4,19,4,19,8,32,17,16,4,9,30,5,14,8,4,18
202110050445,7,20,8,30,16,13,0,8,32,4,15,6,3,21,6,19,9,30,17,15,3,10,30,4,14,9,3,20
202110050500,17,17,8,25,15,12,7,11,32,5,14,8,9,17,16,17,8,26,17,14,10,13,30,5,14,10,9,16
202110050515,16,16,9,26,15,12,6,9,29,5,13,9,9,17,14,17,9,27,17,14,9,11,27,5,13,11,9,16
202110050530,16,17,9,27,15,13,7,7,31,3,14,8,9,15,14,17,9,28,17,15,10,9,29,3,14,10,9,15
202110050545,18,20,11,29,14,15,6,8,32,7,13,8,9,16,16,20,11,30,16,16,9,10,30,7,13,10,9,16
202110050600,19,22,9,33,17,16,7,10,32,9,17,10,12,19,17,22,9,34,19,17,10,12,30,9,17,12,12,18
202110050615,20,21,11,34,15,14,9,11,32,10,19,10,10,18,18,21,11,35,17,16,11,13,30,10,18,12,10,18
202110050630,21,20,11,37,15,15,8,14,32,14,18,13,11,22,19,20,11,38,17,16,10,16,30,14,17,15,11,21
202110050645,26,19,11,35,17,16,10,12,35,14,22,15,13,21,24,20,11,36,19,18,13,14,33,14,21,17,13,20
202110050700,32,21,15,39,18,20,11,18,40,17,27,17,15,25,30,22,15,41,21,22,14,20,38,16,26,19,15,25
202110050715,36,23,17,42,22,22,10,18,44,16,27,18,16,26,34,24,17,44,25,24,14,20,41,15,26,20,16,26
202110050730,34,28,17,44,24,22,12,21,45,18,25,23,16,29,32,29,17,45,26,24,15,23,42,18,24,25,16,28
202110050745,34,30,18,44,25,21,10,25,39,18,26,20,18,31,32,31,18,45,27,23,13,27,37,17,26,23,18,30
202110050800,34,28,18,46,26,25,14,25,38,19,30,21,18,32,32,29,18,47,28,26,17,27,36,19,29,24,18,31
202110050815,36,28,21,45,27,24,14,29,36,16,30,22,14,30,34,29,21,47,29,25,16,31,34,16,29,25,14,30
202110050830,41,30,20,43,27,29,12,29,37,16,31,28,22,30,39,31,20,45,30,29,15,31,35,16,30,30,22,30
202110050845,38,38,21,48,26,25,10,34,40,16,35,30,19,29,36,38,21,50,28,26,13,36,38,15,34,32,20,29
202110050900,39,34,22,50,34,22,8,28,44,18,35,26,18,32,37,35,22,51,36,24,12,30,41,17,34,29,18,32
202110050915,38,30,23,48,33,24,13,27,40,20,37,24,21,26,36,31,23,49,35,25,16,29,38,19,36,26,21,26
202110050930,40,30,23,48,36,27,11,30,35,22,33,26,18,26,39,31,22,50,38,27,14,32,33,21,32,28,18,26
202110050945,43,29,24,47,33,24,11,32,38,21,31,27,19,24,41,31,23,49,35,25,14,34,36,20,30,29,19,24
202110051000,46,29,22,45,34,24,17,28,38,21,31,26,15,24,44,31,21,47,36,25,19,30,36,21,30,28,16,24
202110051015,50,27,23,42,35,21,16,32,40,19,27,25,19,25,48,29,23,45,38,22,18,34,38,19,26,27,19,25
202110051030,52,29,18,48,30,23,15,30,36,19,27,22,21,27,50,31,18,50,33,24,17,32,34,19,27,24,21,27
202110051045,51,34,17,50,28,25,13,34,38,17,25,23,22,27,48,36,17,52,31,26,15,36,36,17,25,25,22,26
202110051100,50,30,17,52,26,29,15,27,37,17,29,27,20,27,47,32,17,54,29,29,17,29,35,17,28,29,20,27
202110051115,49,29,18,45,31,29,14,23,29,17,27,24,24,25,47,31,18,47,34,28,15,25,28,17,27,26,23,25
202110051130,55,30,25,48,36,29,12,28,31,17,28,20,22,26,53,32,24,51,39,29,14,30,30,17,28,22,21,26
202110051145,57,36,23,51,38,31,12,27,33,16,31,16,27,29,54,38,23,54,41,30,14,29,31,16,31,19,25,29
202110051200,64,42,22,58,43,32,8,22,39,17,28,20,25,32,61,44,22,61,46,32,11,24,37,16,28,23,24,32
202110051215,61,44,21,54,41,29,11,26,46,17,26,21,24,31,58,45,21,57,44,30,15,28,43,17,26,24,23,31
202110051230,57,39,21,50,39,33,14,22,40,21,26,18,25,29,55,41,21,53,42,33,17,24,38,20,26,21,24,29
202110051245,55,43,19,49,37,39,14,24,36,18,31,19,24,27,53,44,19,52,40,38,16,26,34,18,31,22,23,27
202110051300,61,39,19,44,38,36,12,24,41,15,30,21,27,27,58,41,19,47,41,36,15,26,39,15,30,24,26,27
202110051315,58,39,19,43,37,31,11,23,38,17,28,21,26,28,56,41,19,46,40,31,14,25,36,17,28,24,25,28
202110051330,58,39,14,49,35,28,16,28,34,23,30,20,29,26,55,41,14,52,38,28,18,30,33,23,30,22,28,25
202110051345,50,41,17,44,34,28,15,27,32,23,27,24,32,26,47,42,17,47,37,28,17,29,31,22,28,26,31,26
202110051400,55,44,18,50,36,28,18,27,32,24,26,24,27,30,52,45,18,53,39,28,19,29,31,23,27,27,26,30
202110051415,53,41,21,46,39,25,18,28,32,22,23,25,25,30,51,42,21,49,42,25,19,30,31,22,24,27,25,30
202110051430,57,40,20,51,43,25,15,32,35,22,19,27,28,28,55,42,20,54,46,26,17,34,34,21,20,29,27,28
202110051445,54,39,23,49,45,25,16,33,35,17,21,24,26,28,52,40,23,51,47,26,18,35,34,17,22,26,25,28
202110051500,54,38,20,50,46,24,18,30,36,20,24,29,28,31,52,40,20,53,48,25,20,32,35,20,25,31,28,31
202110051515,60,37,21,50,47,30,16,33,36,18,25,23,30,34,58,39,21,53,49,30,18,35,35,18,26,26,29,34
202110051530,51,37,19,52,48,27,13,35,35,20,21,27,26,29,49,38,19,54,50,27,15,37,33,19,22,29,26,29
202110051545,54,40,25,55,49,25,16,32,40,22,21,28,28,25,52,41,24,57,51,26,18,34,38,22,22,30,28,26
202110051600,59,43,25,54,47,27,14,34,37,19,26,24,24,25,57,45,24,57,49,27,16,35,35,19,26,26,24,26
202110051615,59,40,26,55,44,25,16,33,35,19,30,23,30,22,56,42,25,58,47,26,18,34,34,19,31,25,29,23
202110051630,58,41,27,61,48,28,17,32,37,20,29,25,31,22,56,43,26,63,50,28,19,33,36,20,30,27,30,23
202110051645,66,43,26,68,54,31,18,34,38,19,28,25,27,23,64,45,25,70,56,31,20,35,37,19,28,27,26,24
202110051700,65,45,24,66,51,32,18,38,36,21,29,28,25,26,63,47,23,68,53,32,20,39,35,21,29,30,25,26
202110051715,74,45,27,55,57,29,18,28,41,25,28,27,27,24,72,48,26,59,60,29,20,30,39,24,29,29,27,25
202110051730,79,48,23,58,54,35,15,35,43,22,32,23,29,29,76,51,23,62,57,35,18,37,41,21,32,26,28,29
202110051745,78,53,25,54,50,33,15,41,42,21,32,28,29,32,75,55,25,58,53,33,18,43,40,20,32,30,28,32
202110051800,88,49,25,54,57,35,13,36,35,24,33,27,36,31,85,52,25,59,61,34,15,38,33,23,34,29,35,31
202110051815,87,49,27,60,56,35,17,38,35,22,34,25,31,33,84,52,27,64,60,34,19,40,34,21,34,28,30,33
202110051830,96,52,31,61,50,39,17,37,41,19,32,26,33,30,92,56,30,66,55,38,19,39,39,19,33,28,32,31
202110051845,97,55,31,62,58,37,18,39,46,21,33,29,27,33,93,59,30,67,62,37,21,41,44,21,33,31,27,34
202110051900,96,64,31,66,59,35,14,35,43,20,33,26,32,31,93,66,30,71,63,35,17,37,41,20,33,28,31,32
202110051915,98,62,29,65,57,36,15,38,48,23,35,25,32,34,95,65,29,70,61,36,18,40,45,22,35,28,31,34
202110051930,104,60,29,70,54,37,17,38,49,25,36,28,30,32,100,64,28,75,59,37,20,40,46,24,36,30,29,32
202110051945,102,64,29,73,48,34,16,36,55,23,35,31,34,36,98,67,29,78,53,35,20,38,52,22,36,34,33,36
202110052000,97,63,30,72,49,37,16,33,56,23,35,28,35,45,93,66,30,76,54,38,20,35,53,22,36,32,34,45
202110052015,98,55,34,72,48,35,15,36,53,24,35,26,29,44,94,59,34,76,53,36,19,38,50,23,35,30,28,44
202110052030,96,50,30,69,47,34,15,37,55,20,35,27,26,48,92,54,31,73,52,35,19,40,51,20,35,31,26,47
202110052045,103,56,30,72,43,33,16,33,52,17,38,28,29,43,98,60,30,77,49,34,20,35,49,17,38,32,28,43
202110052100,93,52,28,69,52,31,17,33,54,19,40,27,35,45,89,56,29,73,56,33,21,36,51,19,40,31,34,44
202110052115,80,47,28,71,46,31,15,30,55,19,37,27,32,40,77,50,28,74,50,33,19,32,51,19,37,30,31,40
202110052130,81,46,31,77,47,34,19,31,57,17,34,29,30,42,78,49,31,80,51,35,23,33,54,17,34,33,29,42
202110052145,75,43,34,74,46,35,18,36,56,14,33,25,31,48,72,46,34,77,50,36,22,39,53,14,33,29,30,48
202110052200,73,44,32,78,49,31,16,32,55,15,35,28,29,47,70,47,33,80,52,33,20,35,52,15,35,32,28,47
202110052215,74,46,34,75,47,29,18,25,55,16,39,34,27,49,71,49,35,78,50,31,22,28,52,16,38,38,27,49
202110052230,70,46,34,73,47,29,19,27,54,14,34,32,25,47,67,48,34,76,50,31,23,30,51,14,34,36,25,47
202110052245,61,45,31,75,50,35,18,33,55,13,34,29,26,43,59,47,31,77,52,36,22,36,52,13,34,33,26,43
202110052300,62,46,31,72,53,33,18,28,50,13,34,31,21,40,60,47,31,74,55,34,21,31,47,13,33,34,22,40
202110052315,57,40,27,68,45,36,18,28,47,15,36,27,20,40,55,42,27,70,47,36,21,31,45,15,35,30,20,40
202110052330,53,40,22,69,42,29,14,25,47,11,37,22,23,39,51,41,23,70,44,30,17,28,44,11,36,26,22,38
202110052345,55,32,25,66,40,24,16,21,46,12,32,22,21,34,53,34,25,68,42,26,19,24,44,12,31,25,21,34
202110060000,48,28,25,59,38,25,14,28,44,11,32,21,21,31,46,30,25,61,40,26,17,30,41,11,31,24,21,31
202110060015,40,26,21,60,31,23,13,28,45,12,28,17,18,28,38,28,21,61,33,25,16,30,42,12,27,20,18,28
202110060030,41,28,18,55,27,22,10,24,42,9,27,17,18,28,38,29,18,56,29,23,13,26,39,9,26,20,18,28
202110060045,38,26,18,51,27,20,11,21,34,7,29,14,18,25,36,27,18,52,29,21,13,23,32,7,28,17,17,25
202110060100,35,25,20,48,24,18,11,16,35,6,30,12,17,29,33,26,20,49,26,19,14,18,33,6,29,15,16,29
202110060115,32,22,16,45,25,19,11,13,38,4,26,12,16,27,30,23,16,46,27,20,14,15,36,4,25,15,15,26
202110060130,28,18,15,44,24,16,12,10,38,4,27,13,13,25,26,19,15,45,26,18,15,12,36,4,26,16,13,24
202110060145,25,17,15,41,22,18,12,13,33,3,24,12,16,25,23,18,15,42,24,19,14,15,31,3,23,15,15,24
202110060200,25,18,17,42,22,17,12,15,35,3,24,10,16,22,23,19,17,43,24,18,15,17,33,3,23,13,15,22
202110060215,24,16,17,38,21,15,7,14,32,4,22,12,16,20,23,17,17,39,23,16,10,16,30,4,22,14,15,20
202110060230,20,16,18,34,21,13,7,11,30,3,26,10,15,20,19,17,18,35,23,15,9,13,28,3,25,12,14,20
202110060245,17,14,16,33,17,15,7,10,28,4,26,9,15,20,15,15,16,34,19,16,9,12,27,4,25,11,14,20
202110060300,17,15,16,35,15,16,7,9,26,6,29,11,15,24,15,15,16,36,17,17,9,11,25,6,28,14,14,24
202110060315,13,16,12,31,16,19,6,7,25,7,20,9,6,23,11,16,12,32,17,19,8,9,24,7,19,12,6,22
202110060330,12,15,11,33,14,18,7,7,25,7,21,9,4,21,10,15,11,33,15,18,9,9,24,7,19,12,4,20
202110060345,11,16,11,31,13,16,4,6,25,6,20,8,4,24,9,16,12,31,15,16,6,9,24,6,18,11,4,23
202110060400,12,16,12,35,11,17,4,7,27,7,19,9,4,25,10,16,12,35,13,18,6,9,25,7,17,12,4,24
202110060415,8,14,12,34,11,17,0,6,16,7,18,7,4,25,7,14,12,34,12,17,2,9,15,6,17,10,4,24
202110060430,7,15,13,35,11,16,0,7,17,7,18,7,4,26,5,15,13,35,12,16,2,10,16,7,17,10,4,25
202110060445,7,16,11,34,11,15,0,7,19,9,17,6,4,27,5,16,12,34,12,15,2,10,18,8,16,9,4,26
202110060500,17,15,14,31,10,18,7,8,20,7,19,9,9,23,15,16,14,32,12,18,8,10,19,7,18,12,9,22
202110060515,17,15,13,31,10,16,8,11,21,6,21,8,8,20,15,16,13,32,12,16,9,13,20,6,20,11,8,20
202110060530,15,13,13,29,10,14,6,10,24,6,21,9,8,20,13,14,13,30,12,15,8,12,23,6,20,11,8,19
202110060545,16,13,14,29,12,15,6,10,24,8,21,11,10,21,14,14,14,30,14,16,8,12,23,8,20,13,10,21
202110060600,19,22,15,34,17,16,7,10,32,9,21,10,12,19,17,22,15,35,19,17,10,12,30,9,20,12,12,19
202110060615,17,19,15,34,13,14,7,16,27,6,21,15,12,28,15,19,15,35,15,15,9,18,26,6,20,18,12,27
202110060630,17,21,17,40,16,18,8,14,32,14,21,17,12,28,16,21,17,41,18,19,10,16,30,13,20,20,12,27
202110060645,19,18,17,41,16,19,12,25,31,12,20,15,12,28,17,19,17,42,18,20,14,27,30,12,19,18,12,27
202110060700,21,21,17,45,20,27,12,24,29,17,26,21,12,29,19,21,17,46,22,26,14,26,28,17,25,24,13,28
202110060715,23,24,17,50,17,25,14,21,32,19,29,22,16,30,21,24,17,50,19,25,16,23,31,19,28,25,16,29
202110060730,25,25,18,50,19,26,16,27,33,13,28,24,17,33,23,26,19,51,21,26,18,29,32,13,27,27,17,32
202110060745,28,26,17,43,22,28,16,30,37,13,30,23,17,33,26,27,18,44,24,28,18,32,35,13,29,26,17,32
202110060800,32,27,20,48,23,27,13,29,41,20,33,26,19,36,30,28,21,49,25,28,16,31,39,19,32,29,19,35
202110060815,31,27,23,47,23,23,15,31,40,19,37,29,22,35,29,28,23,48,25,24,18,33,38,19,36,32,22,35
202110060830,29,30,21,50,24,29,15,38,47,17,35,26,23,38,27,30,22,51,26,30,18,40,44,17,34,29,23,37
202110060845,31,31,20,54,30,26,17,39,46,21,38,33,24,32,29,31,20,55,32,27,20,41,44,21,37,35,24,32
202110060900,37,33,21,48,28,24,17,34,42,20,34,34,25,32,35,34,21,50,30,25,20,36,40,20,34,36,25,32
202110060915,37,36,20,47,29,23,15,34,40,20,32,33,26,34,35,36,20,48,31,24,18,36,38,20,32,35,26,34
202110060930,40,31,18,53,33,21,14,40,44,19,34,33,27,31,38,32,18,54,35,23,17,42,41,19,34,35,27,30
202110060945,42,37,17,52,36,19,17,36,44,16,36,35,29,30,40,38,17,53,38,21,20,38,42,16,36,37,29,29
202110061000,48,38,19,47,36,19,19,37,45,18,33,40,37,36,46,39,20,49,38,21,22,39,43,18,34,42,37,35
202110061015,46,33,20,52,33,21,19,35,44,18,37,41,33,35,44,34,21,54,35,23,22,37,42,18,37,43,33,34
202110061030,45,36,21,55,34,23,16,34,43,19,33,32,36,35,43,37,22,57,36,25,19,36,41,19,34,34,35,34
202110061045,50,38,21,51,40,21,16,31,40,16,33,36,35,34,48,39,21,53,42,22,18,33,38,16,34,38,34,33
202110061100,51,39,24,55,41,24,18,31,39,16,31,31,33,37,49,40,24,57,43,25,20,33,37,16,32,34,32,36
202110061115,57,38,26,49,41,29,18,36,44,19,32,29,33,36,55,40,26,52,44,30,21,38,42,19,33,32,32,36
202110061130,68,41,25,54,36,30,18,37,46,19,35,30,31,35,65,44,25,57,40,31,21,39,44,19,35,33,30,35
202110061145,69,42,25,56,43,31,17,40,41,17,32,33,31,38,66,44,25,59,46,31,20,42,39,17,33,36,31,38
202110061200,75,49,25,62,40,32,11,34,45,19,34,27,28,42,72,51,26,65,44,33,15,36,42,18,34,31,27,41
202110061215,75,50,24,60,40,28,14,30,42,15,34,24,31,43,72,52,25,63,44,29,17,33,40,15,34,28,30,42
202110061230,73,47,22,60,40,30,14,30,41,16,34,24,29,36,70,49,23,63,44,30,17,32,39,16,34,27,28,35
202110061245,77,43,22,53,40,29,14,28,37,17,34,23,28,39,74,46,23,57,44,29,16,31,35,17,34,27,27,38
202110061300,73,44,28,58,37,29,13,29,40,20,32,27,29,40,70,47,28,61,41,29,16,32,38,19,32,30,28,40
202110061315,69,46,27,55,43,31,15,33,37,22,31,24,32,33,66,48,27,58,46,31,17,35,35,21,32,27,31,33
202110061330,66,40,28,58,50,28,16,37,32,20,32,26,37,35,64,42,28,61,53,28,17,39,31,20,33,29,35,35
202110061345,69,42,23,60,48,27,13,37,33,19,30,32,36,37,67,45,23,63,51,27,15,39,32,18,31,35,35,37
202110061400,70,35,21,54,48,24,15,40,40,25,31,31,36,37,67,38,22,57,51,25,18,42,38,24,32,34,35,36
202110061415,68,34,22,60,47,25,16,38,40,23,30,37,38,36,65,37,22,63,50,26,19,40,38,22,32,39,37,35
202110061430,74,36,22,62,39,27,15,39,37,26,28,37,37,35,71,39,22,65,43,28,17,41,35,25,30,39,36,35
202110061445,67,39,20,56,37,25,16,37,34,26,33,34,35,36,64,42,21,59,41,25,18,39,33,25,34,37,34,35
202110061500,63,43,20,57,43,28,17,37,34,26,33,35,31,37,60,45,21,60,46,28,19,39,33,25,33,38,31,36
202110061515,65,36,18,67,46,26,20,28,33,26,36,34,31,34,62,39,19,69,49,26,21,30,32,26,36,36,31,33
202110061530,68,36,17,59,49,27,17,28,35,23,33,34,35,35,66,39,18,62,52,27,19,30,34,23,34,36,34,34
202110061545,66,41,21,60,48,25,18,28,34,24,32,34,33,34,64,43,21,63,51,25,20,30,33,24,33,36,32,33
202110061600,67,37,23,62,46,24,17,31,37,22,30,38,33,34,64,40,23,65,49,25,19,33,36,22,31,40,33,34
202110061615,73,33,20,61,48,26,19,35,40,21,31,42,34,37,70,37,21,64,51,27,21,37,39,21,32,44,34,36
202110061630,73,36,26,58,48,30,20,36,46,25,30,33,29,38,70,39,26,61,51,31,23,38,44,25,30,36,29,38
202110061645,76,37,23,59,55,30,21,39,43,22,34,31,31,36,74,41,23,62,58,31,23,41,41,22,34,34,30,35
202110061700,74,39,24,58,52,30,19,45,45,26,32,30,33,33,72,42,24,61,55,31,22,47,43,26,33,32,32,33
202110061715,73,45,25,53,49,30,19,42,43,23,31,34,30,30,70,47,25,57,52,31,21,44,41,23,32,36,30,30
202110061730,69,51,25,52,54,34,19,47,47,24,28,30,30,35,67,53,25,55,57,35,22,49,45,24,29,33,29,35
202110061745,83,47,24,58,57,38,18,53,49,26,31,32,35,39,80,50,25,62,60,38,21,55,46,25,32,35,34,38
202110061800,93,53,28,70,60,44,19,54,54,24,36,33,34,42,90,56,28,74,64,44,23,56,51,24,36,36,33,42
202110061815,100,46,32,80,63,45,23,53,56,25,40,35,32,42,97,51,32,84,67,45,26,55,53,25,40,38,32,42
202110061830,102,57,33,78,63,50,22,50,51,20,41,34,37,41,99,61,33,82,67,49,25,52,49,20,41,37,36,41
202110061845,102,67,34,81,67,47,19,48,47,19,38,34,33,41,99,70,34,85,71,46,22,50,45,19,38,37,33,41
202110061900,112,68,37,90,68,53,21,47,54,18,43,37,36,40,108,72,37,94,72,52,24,49,51,18,43,40,35,41
202110061915,116,66,37,97,68,57,21,44,57,19,46,34,30,42,112,70,37,101,73,55,25,46,54,19,45,37,30,42
202110061930,111,61,36,93,64,51,24,37,56,16,45,30,31,40,107,65,36,97,69,50,27,39,53,16,44,33,30,41
202110061945,101,54,38,85,60,49,25,40,56,17,46,30,33,44,98,58,38,89,64,48,28,42,53,17,45,34,32,45
202110062000,103,53,36,85,58,52,26,37,55,22,48,34,34,41,99,57,36,89,63,51,29,39,52,22,47,37,33,42
202110062015,101,50,37,92,53,47,23,38,59,19,49,33,34,44,97,55,37,95,58,47,27,40,56,19,48,37,33,44
202110062030,103,50,40,91,52,44,24,40,61,19,47,31,35,44,99,55,40,95,57,44,28,42,58,19,46,35,34,45
202110062045,90,50,35,85,53,45,27,38,60,18,50,31,34,48,87,53,35,88,57,45,30,41,57,18,49,35,33,48
202110062100,87,49,34,95,51,45,26,34,62,20,44,26,31,43,84,52,34,97,55,45,30,36,59,20,43,30,30,43
202110062115,82,46,34,90,52,44,25,39,57,20,43,33,33,43,79,49,34,92,56,44,28,41,54,20,42,36,32,43
202110062130,82,45,30,89,48,43,27,43,57,18,45,31,39,44,79,48,30,91,52,43,30,45,54,19,45,35,38,44
202110062145,78,52,32,86,48,40,25,37,56,18,44,32,35,45,75,54,32,88,51,40,28,40,53,18,44,36,34,45
202110062200,75,51,31,77,43,42,25,34,52,17,44,35,32,51,72,53,32,79,47,42,28,37,50,17,43,39,32,50
202110062215,69,47,37,77,42,40,23,38,55,18,40,34,34,54,66,49,38,79,45,40,26,41,52,18,40,39,33,54
202110062230,65,41,34,80,40,39,22,32,60,15,42,37,26,55,62,43,35,82,43,40,26,35,57,15,41,42,27,54
202110062245,65,38,28,79,38,38,23,34,57,19,42,35,31,54,62,41,29,81,41,39,27,37,54,19,42,40,31,52
202110062300,62,40,30,81,42,37,21,30,60,16,36,31,29,51,60,42,31,82,45,38,25,33,57,16,36,36,29,50
202110062315,58,37,26,86,38,37,21,28,55,14,36,29,24,52,56,39,27,87,41,38,25,31,52,14,35,34,24,51
202110062330,53,31,24,82,41,34,21,26,54,17,36,29,26,50,51,33,25,83,43,35,24,29,51,17,35,34,26,49
202110062345,48,30,22,79,37,31,16,24,52,17,33,27,22,45,46,32,23,80,39,32,20,27,49,17,32,31,22,44
202110070000,38,31,26,71,29,30,16,26,46,16,27,28,22,38,36,32,26,71,31,31,19,28,44,16,27,31,22,38
202110070015,37,27,22,60,29,26,15,25,38,17,30,27,18,37,35,28,22,61,31,26,17,27,36,17,29,30,18,36
202110070030,36,28,19,58,28,25,12,20,41,13,31,21,18,32,34,29,19,59,30,26,15,22,39,13,30,24,18,31
202110070045,35,27,18,53,26,25,13,18,39,10,33,22,15,31,33,28,18,54,28,26,16,20,37,10,31,25,16,30
202110070100,37,25,18,50,21,26,15,19,39,8,31,18,16,32,35,26,18,51,24,27,17,21,37,8,30,21,16,31
202110070115,34,26,16,45,19,23,15,15,36,6,28,16,16,30,32,27,16,46,22,24,17,18,34,7,27,19,16,29
202110070130,29,22,15,44,21,23,11,15,36,6,24,16,16,32,27,23,16,45,23,24,14,18,34,6,23,19,16,31
202110070145,30,20,15,43,22,20,12,18,35,6,26,16,16,29,28,21,15,44,24,21,14,20,33,6,25,19,16,28
202110070200,33,19,18,44,19,20,10,15,37,5,29,15,17,28,31,21,18,45,22,21,13,17,35,5,28,18,16,27
202110070215,31,18,16,36,21,19,7,14,33,4,30,14,14,23,29,19,16,37,23,20,10,16,31,4,29,16,14,23
202110070230,25,17,16,33,20,16,7,12,34,4,26,11,16,22,23,18,16,34,22,18,10,14,32,4,25,14,15,22
202110070245,26,19,15,34,17,19,7,12,33,5,24,12,15,21,24,20,15,35,19,20,10,14,31,5,23,14,14,21
202110070300,24,19,19,36,13,16,6,13,28,6,27,13,14,25,22,20,19,37,15,17,8,15,26,6,26,16,14,25
202110070315,19,19,14,33,13,16,8,7,27,6,20,11,4,27,17,19,14,34,15,17,10,10,26,6,19,14,5,26
202110070330,20,17,15,30,12,16,6,8,25,5,18,10,4,30,18,18,16,31,14,17,8,11,24,5,17,14,4,29
202110070345,17,17,14,29,10,19,5,8,26,6,17,11,7,30,15,17,15,30,12,19,7,11,25,6,16,15,7,29
202110070400,15,21,14,33,10,20,6,7,31,7,16,12,6,32,13,21,15,34,12,21,9,10,29,7,15,16,6,31
202110070415,9,18,14,37,11,18,0,7,26,7,15,8,5,29,7,18,15,37,12,18,3,10,24,7,14,12,5,28
202110070430,10,18,14,34,10,18,0,9,27,7,14,8,5,29,8,18,15,34,12,19,3,12,25,6,13,12,5,28
202110070445,10,19,15,30,9,19,0,11,27,7,17,9,4,29,8,19,16,31,11,20,3,14,25,7,16,12,4,28
202110070500,19,18,14,26,9,18,7,14,29,8,17,7,8,26,17,18,14,27,11,19,9,16,27,8,16,10,8,25
202110070515,19,17,13,28,8,21,7,12,28,7,17,8,8,24,17,18,13,29,10,21,9,14,26,7,16,11,8,23
202110070530,20,18,11,29,10,23,10,12,26,6,16,10,11,27,18,19,12,30,12,23,12,15,25,6,16,13,11,26
202110070545,20,19,12,25,10,24,9,11,28,6,17,12,13,30,18,19,13,27,12,24,11,14,27,6,17,15,13,29
202110070600,20,19,13,25,14,22,8,19,27,8,21,10,13,35,18,19,14,26,16,22,10,22,26,8,21,14,12,33
202110070615,22,22,14,25,11,22,9,17,26,9,21,13,17,34,20,22,15,26,13,22,11,20,25,9,21,17,16,33
202110070630,23,22,16,28,12,23,10,19,29,12,23,15,18,39,21,22,17,29,15,23,12,22,28,12,23,19,17,38
202110070645,24,24,18,31,12,24,11,27,31,14,25,18,15,38,22,24,19,32,15,24,13,29,30,14,24,22,15,37
202110070700,27,23,16,38,15,25,14,31,33,19,29,20,17,35,25,24,17,39,18,25,16,33,32,19,28,23,17,34
202110070715,27,24,23,44,17,25,11,27,37,18,32,23,20,35,25,24,23,45,19,26,14,29,35,17,31,26,20,35
202110070730,27,24,21,45,22,27,16,29,37,20,34,20,23,32,25,25,21,46,24,28,18,31,35,20,33,23,22,32
202110070745,28,24,22,47,23,24,14,27,39,22,37,20,23,35,26,25,22,48,25,25,16,29,37,21,36,23,22,34
202110070800,33,27,22,57,27,27,16,33,42,20,39,24,27,38,31,28,23,57,29,28,18,35,40,20,38,27,26,37
202110070815,39,28,22,52,27,26,15,33,44,21,39,25,29,39,37,29,23,53,29,27,18,35,42,20,39,29,28,38
202110070830,43,34,20,51,31,33,18,34,47,21,40,30,33,36,41,35,21,53,33,34,21,36,45,21,40,33,32,35
202110070845,39,33,24,53,37,27,18,37,47,23,43,31,28,38,37,34,24,54,39,28,21,39,45,23,42,34,28,37
202110070900,40,34,27,51,36,27,18,38,46,27,41,37,27,44,38,35,28,52,38,28,21,40,44,26,40,40,27,43
202110070915,41,38,28,55,35,25,17,38,48,27,35,32,27,43,39,38,28,56,37,27,20,40,45,26,35,36,27,43
202110070930,44,40,25,53,39,32,16,40,49,28,36,35,28,43,43,40,26,55,41,33,20,42,46,27,36,38,28,42
202110070945,47,39,31,53,42,28,19,39,44,29,41,39,30,42,45,40,31,55,44,29,22,41,42,28,41,42,30,42
202110071000,47,40,35,59,49,34,19,37,46,26,39,37,29,39,46,41,35,60,50,34,22,39,44,25,39,40,29,40
202110071015,49,40,35,62,51,30,17,37,46,25,41,37,33,37,48,41,34,63,52,31,20,39,44,24,41,39,33,38
202110071030,51,40,29,64,52,32,14,38,45,24,35,36,34,35,50,41,29,65,53,32,17,40,43,23,35,38,34,35
202110071045,56,39,32,63,50,32,9,42,50,24,35,38,35,38,54,41,32,65,52,33,13,44,47,23,36,40,35,38
202110071100,53,43,36,64,52,35,11,41,46,22,38,36,35,44,52,44,36,66,54,35,15,43,43,21,38,39,34,44
202110071115,58,37,34,64,50,38,17,37,45,23,35,37,41,40,56,39,34,66,52,38,20,39,43,23,36,40,40,40
202110071130,59,40,36,69,48,41,14,40,47,19,36,33,35,41,57,42,36,71,50,40,17,42,44,19,36,36,34,42
202110071145,68,46,34,65,45,37,14,39,49,19,33,39,36,42,65,48,34,68,48,37,18,41,46,19,34,42,36,42
202110071200,83,54,35,67,44,44,13,37,49,21,35,44,41,45,79,57,35,71,48,43,17,39,46,20,36,47,40,45
202110071215,84,59,29,73,47,44,12,39,54,24,30,40,42,42,81,61,29,76,51,44,16,41,50,23,32,43,41,42
202110071230,80,61,31,79,46,43,17,37,47,25,35,39,39,43,77,63,31,82,50,42,20,39,45,24,36,42,38,43
202110071245,86,64,30,77,54,42,16,36,49,21,39,35,34,37,83,66,30,80,58,42,19,38,46,21,39,38,34,37
202110071300,91,61,32,77,56,38,14,38,48,19,37,36,36,38,88,63,32,81,60,38,18,40,45,19,38,39,35,38
202110071315,81,57,29,74,50,40,17,39,54,22,30,41,37,36,78,59,29,77,54,40,21,41,51,22,31,43,37,36
202110071330,92,59,24,69,52,40,17,37,52,26,33,42,33,38,89,62,24,73,56,40,21,39,49,25,34,44,33,38
202110071345,86,58,27,67,55,37,17,36,51,29,32,41,33,38,83,60,27,71,59,37,21,38,48,28,33,43,33,38
202110071400,77,59,29,63,59,37,21,41,50,27,38,41,34,38,75,60,29,66,62,37,24,43,48,26,38,43,34,38
202110071415,72,53,32,65,60,38,22,38,44,23,33,42,32,39,70,55,32,68,62,38,24,40,42,23,34,44,32,39
202110071430,80,55,35,67,65,40,20,38,45,26,35,43,31,37,78,57,34,70,68,40,22,40,43,26,35,45,32,38
202110071445,74,54,34,69,68,36,19,39,49,23,34,43,35,37,72,56,33,72,70,36,22,41,46,23,35,45,35,38
202110071500,75,51,33,67,69,39,16,42,48,28,34,40,36,40,73,53,33,70,71,39,19,44,45,27,35,43,36,40
202110071515,74,48,32,65,68,37,17,39,50,27,33,41,32,41,73,50,32,68,70,37,20,41,47,26,33,44,32,41
202110071530,79,48,33,55,60,37,16,39,51,30,39,42,31,36,77,51,33,59,63,37,20,41,48,29,39,44,31,37
202110071545,75,47,34,60,66,43,21,33,50,28,35,41,36,34,73,50,33,63,68,42,24,35,47,27,36,43,36,35
202110071600,67,47,32,58,64,38,18,42,52,29,33,40,36,39,66,49,32,61,66,38,22,44,49,28,34,42,36,39
202110071615,69,40,30,65,68,35,21,42,54,31,34,46,39,37,68,43,30,68,70,36,24,44,51,30,35,48,39,38
202110071630,76,45,33,63,77,36,20,43,49,30,34,43,40,35,75,48,32,66,78,36,23,45,47,29,35,45,40,36
202110071645,86,45,42,59,76,36,20,54,55,33,38,49,41,39,84,49,41,63,78,37,24,56,52,32,39,51,41,40
202110071700,78,47,41,68,82,37,22,53,53,33,37,50,37,38,77,50,40,71,83,38,25,55,51,32,38,52,38,39
202110071715,79,48,35,72,79,41,19,57,52,30,36,55,36,39,78,51,35,75,80,41,22,58,49,29,37,56,37,40
202110071730,93,57,38,72,82,43,22,56,53,24,42,51,38,39,91,60,37,76,84,43,25,57,50,24,42,53,39,40
202110071745,89,60,42,72,84,43,24,62,59,29,45,44,35,43,88,62,41,76,86,44,28,63,56,29,45,47,35,44
202110071800,96,61,42,81,92,48,19,61,67,29,51,47,27,46,95,64,41,85,94,48,24,63,63,28,49,50,28,47
202110071815,107,66,41,85,82,54,25,58,61,28,55,44,37,44,104,69,40,89,85,53,29,60,58,28,54,47,37,45
202110071830,103,68,41,89,83,57,30,61,64,26,55,49,39,45,101,71,40,93,86,56,33,63,61,26,54,51,39,46
202110071845,111,71,38,90,81,57,29,58,57,23,50,42,37,50,108,74,38,94,84,56,32,60,55,23,49,46,37,50
202110071900,114,76,43,96,80,56,26,56,60,24,54,38,44,52,111,79,43,100,84,55,29,58,57,24,54,42,43,53
202110071915,113,75,44,97,86,50,22,48,55,22,52,38,45,53,111,78,44,101,89,49,25,50,52,22,52,42,44,54
202110071930,108,68,52,99,86,59,26,46,61,22,52,37,44,51,106,71,51,103,89,58,30,48,58,22,52,41,43,53
202110071945,103,70,49,96,81,51,26,49,64,18,52,38,39,49,100,73,48,99,84,51,30,51,61,18,51,42,38,50
202110072000,101,62,45,95,74,57,26,49,70,21,51,45,45,45,98,65,44,98,77,56,31,51,66,21,51,48,44,46
202110072015,98,58,49,91,69,55,26,47,72,25,56,40,48,52,95,61,48,94,73,55,31,49,68,25,56,44,46,53
202110072030,96,58,53,96,70,55,27,49,68,22,49,38,43,53,93,61,52,99,73,55,31,51,64,22,49,42,42,55
202110072045,91,64,47,89,65,50,20,47,65,23,55,41,37,52,88,66,46,92,68,50,25,50,61,23,54,45,37,53
202110072100,90,66,44,82,64,49,24,45,64,24,54,38,38,58,87,68,44,85,67,49,28,48,61,24,53,43,37,58
202110072115,82,58,46,85,63,49,27,45,68,21,47,37,38,59,80,60,46,87,66,50,31,48,64,21,47,42,37,59
202110072130,84,59,42,90,61,43,31,51,64,19,41,39,35,61,81,61,43,92,64,44,34,54,61,20,41,44,35,61
202110072145,80,45,46,95,62,43,27,47,65,18,43,33,35,57,78,48,46,96,65,44,31,50,62,18,43,38,34,57
202110072200,71,48,39,91,65,42,29,52,65,18,39,35,38,58,69,50,40,92,67,43,33,55,62,19,40,40,37,58
202110072215,66,44,41,84,56,40,29,55,71,14,43,35,39,59,64,46,41,85,58,42,33,58,67,15,43,40,38,59
202110072230,70,43,44,86,54,38,28,53,73,16,41,37,30,56,68,45,44,88,57,41,33,55,69,17,40,42,30,56
202110072245,61,41,36,83,56,36,29,46,71,18,43,37,26,58,59,43,37,84,58,39,33,49,67,19,42,42,26,57
202110072300,57,41,40,77,48,39,29,49,67,16,42,35,24,50,55,42,40,78,50,41,33,51,64,17,41,39,25,50
202110072315,45,36,38,74,45,38,24,43,59,15,38,36,26,42,44,37,38,75,47,39,28,45,56,15,37,39,26,43
202110072330,42,34,34,72,37,35,23,38,59,13,35,33,29,43,40,35,34,72,39,36,27,40,56,14,35,36,29,43
202110072345,40,33,30,66,34,35,21,33,49,13,27,30,27,42,38,34,30,66,36,36,24,36,47,13,28,34,27,42
202110080000,37,35,27,65,31,34,17,30,49,12,30,27,22,37,35,35,27,65,33,35,20,32,46,12,30,30,22,37
202110080015,35,27,26,65,23,31,18,33,46,10,24,26,19,37,33,28,26,65,25,32,21,35,44,10,24,29,19,37
202110080030,29,24,23,62,19,26,13,28,45,10,23,26,18,34,27,25,23,62,21,27,16,30,42,10,23,29,18,34
202110080045,30,26,24,60,21,23,13,25,42,11,24,19,17,30,28,27,24,60,23,24,16,27,40,11,24,22,17,30
202110080100,27,22,22,54,20,24,14,23,35,10,25,18,18,26,25,23,22,54,22,25,16,25,33,10,25,20,18,26
202110080115,26,20,20,52,20,25,12,19,37,5,26,18,13,24,24,21,20,52,22,26,15,21,35,5,25,20,13,24
202110080130,23,16,19,51,18,23,12,18,34,5,26,16,12,25,21,17,19,51,20,23,14,20,32,5,25,19,12,25
202110080145,21,14,20,45,15,19,11,16,34,5,24,15,11,27,19,15,20,46,17,20,13,18,32,5,23,18,11,27
202110080200,21,14,21,45,13,19,10,20,33,5,26,14,11,22,19,15,20,45,15,20,12,22,31,5,25,16,11,22
202110080215,23,15,18,44,14,16,10,25,35,6,24,15,9,24,21,16,18,45,16,18,13,27,33,6,23,17,9,24
202110080230,22,15,18,43,13,14,9,23,33,5,23,15,10,24,20,16,18,43,15,15,12,25,31,5,22,17,10,24
202110080245,20,14,17,39,14,15,9,17,33,4,23,12,12,19,18,15,17,39,16,17,12,19,31,4,22,14,12,19
202110080300,18,15,19,42,17,15,10,18,33,5,26,14,14,20,16,16,18,42,19,17,12,20,31,5,25,16,14,20
202110080315,14,14,17,39,17,12,9,14,33,6,20,13,4,19,13,14,16,39,19,14,12,16,31,6,18,15,5,19
202110080330,13,15,17,41,18,11,9,15,33,5,17,12,3,20,11,15,17,41,19,13,12,17,31,5,16,14,4,20
202110080345,12,16,16,38,13,9,8,15,32,6,16,12,3,18,11,16,16,38,15,11,11,17,30,6,15,14,4,18
202110080400,12,21,16,36,11,11,6,16,34,10,17,11,1,23,10,21,16,36,13,13,9,18,32,10,15,14,2,23
202110080415,7,15,15,37,11,12,0,16,26,10,20,10,1,21,5,15,15,37,12,13,3,18,24,9,18,13,2,21
202110080430,7,16,15,36,10,12,0,16,27,9,19,10,2,22,5,15,15,36,11,13,3,18,25,8,17,12,3,22
202110080445,8,15,15,34,11,13,0,15,25,9,20,12,3,21,6,15,15,34,12,14,3,17,23,8,18,14,4,21
202110080500,16,14,19,32,11,15,11,17,30,6,22,12,9,17,14,15,18,33,13,16,13,19,29,6,21,14,9,17
202110080515,15,11,17,31,12,15,12,15,29,6,24,11,11,18,13,12,16,32,14,16,14,17,28,6,23,13,11,18
202110080530,15,13,17,33,13,13,11,19,29,6,23,11,12,18,13,14,16,34,15,15,13,21,28,6,22,13,12,18
202110080545,15,10,20,34,14,13,11,17,31,7,22,14,13,18,13,11,19,35,16,15,13,19,29,7,21,16,13,19
202110080600,19,12,18,35,12,20,14,22,33,10,25,16,12,22,17,13,18,36,14,21,16,24,32,10,24,18,12,22
202110080615,19,14,21,37,13,20,15,23,37,12,26,19,15,22,17,15,20,38,15,21,17,25,35,12,25,21,15,22
202110080630,20,19,22,39,17,22,17,27,38,12,30,23,17,24,18,19,21,40,19,23,19,29,36,12,29,25,17,24
202110080645,24,19,23,41,15,21,16,32,43,18,32,25,19,27,22,20,23,42,17,23,19,34,41,18,31,27,19,27
202110080700,28,23,30,48,20,26,19,41,49,27,34,31,21,29,26,24,29,49,22,28,22,43,46,26,33,33,22,30
202110080715,33,28,35,46,30,31,21,52,46,27,36,38,23,30,31,29,34,47,32,32,24,53,44,26,35,39,24,31
202110080730,37,29,34,50,31,37,18,60,46,29,34,45,19,32,35,30,33,51,33,37,21,61,44,28,33,46,21,33
202110080745,37,28,29,52,38,36,17,56,42,26,34,42,19,36,36,29,29,53,39,36,20,57,40,25,33,44,21,36
202110080800,58,32,33,59,52,39,16,60,49,28,39,35,20,32,56,35,32,61,54,39,19,61,46,27,37,37,21,33
202110080815,53,32,33,52,50,40,16,47,52,25,33,35,24,30,52,34,32,54,52,40,20,48,49,24,32,37,24,31
202110080830,53,28,24,60,47,29,15,46,48,23,33,32,23,28,51,31,24,62,49,30,18,47,45,22,33,34,23,28
202110080845,40,25,22,49,32,26,16,41,42,20,35,30,22,24,38,27,22,51,34,27,19,42,40,20,34,31,22,24
202110080900,36,26,21,50,29,32,16,36,37,28,36,33,24,22,34,27,21,51,31,32,18,37,35,27,35,34,24,22
202110080915,36,26,23,54,36,26,14,37,34,26,31,26,22,23,34,27,22,55,38,26,16,38,33,25,30,28,22,23
202110080930,33,27,20,59,31,24,15,34,34,27,28,24,26,27,31,28,20,59,33,24,17,36,33,26,28,26,25,27
202110080945,36,27,18,59,33,25,15,35,33,27,28,21,23,23,34,28,18,60,35,25,17,36,32,26,28,23,22,23
202110081000,34,25,18,59,33,26,14,36,36,29,32,25,26,24,33,26,18,60,35,26,16,37,34,28,32,27,25,24
202110081015,34,29,21,60,34,30,16,42,30,27,30,24,24,22,33,30,20,60,36,29,17,43,29,26,30,26,23,23
202110081030,31,30,22,57,34,28,13,36,34,28,25,26,22,25,30,30,22,58,36,28,15,37,32,27,25,28,22,25
202110081045,35,31,19,65,38,25,12,37,39,31,25,25,26,22,33,32,19,65,39,26,15,38,37,30,26,26,25,22
202110081100,39,35,19,63,38,23,13,36,38,27,24,27,26,22,38,36,19,64,40,24,16,37,36,26,25,28,26,22
202110081115,39,31,22,61,37,28,12,36,35,25,22,27,27,22,38,32,21,62,39,28,14,37,33,24,23,28,26,22
202110081130,46,36,23,67,36,31,15,39,39,29,24,26,28,24,44,37,23,68,38,31,17,40,37,28,25,28,27,24
202110081145,57,39,25,71,41,33,14,39,41,27,23,25,30,24,55,41,24,73,44,33,17,40,39,26,24,27,29,25
202110081200,55,49,25,70,47,34,11,40,46,26,25,26,32,26,53,49,24,71,49,34,15,41,43,25,26,28,31,27
202110081215,62,58,26,82,51,33,13,36,43,26,25,23,31,27,60,58,25,83,53,33,16,38,40,25,26,25,30,28
202110081230,62,49,32,76,48,33,12,36,45,23,27,25,28,30,60,50,31,78,51,33,15,38,42,22,28,27,27,31
202110081245,56,47,30,69,43,32,12,43,45,27,28,22,29,28,54,48,29,70,45,33,16,44,42,26,29,24,28,29
202110081300,58,37,29,69,45,31,13,47,43,33,31,23,25,27,56,39,28,71,47,31,16,48,41,32,31,25,24,28
202110081315,59,36,26,70,40,31,11,41,38,30,27,23,27,28,57,38,25,72,43,31,14,42,36,29,27,25,26,28
202110081330,55,39,22,68,42,29,14,38,29,32,23,23,28,23,53,41,21,70,44,28,15,39,28,31,24,25,27,23
202110081345,55,43,21,69,46,26,14,40,25,27,26,21,29,19,53,44,20,70,48,25,15,41,24,26,27,22,28,20
202110081400,54,37,21,71,49,29,15,45,32,26,29,24,24,20,52,39,20,72,51,28,17,46,31,25,29,25,24,21
202110081415,48,35,27,63,51,31,14,40,34,31,30,23,27,20,47,36,26,64,52,30,16,41,32,30,30,25,26,21
202110081430,51,34,26,60,48,27,13,35,36,29,26,21,24,20,49,36,25,62,50,27,15,36,34,28,26,23,23,21
202110081445,49,35,28,61,47,23,15,33,37,28,29,21,19,20,47,36,27,63,49,24,17,34,35,27,28,22,19,21
202110081500,49,33,31,63,46,23,14,37,40,33,26,25,20,19,47,34,29,65,48,24,17,38,38,32,26,26,20,21
202110081515,48,33,26,57,48,25,13,40,41,36,26,27,26,17,46,34,25,59,49,26,16,41,39,34,26,28,26,18
202110081530,52,29,27,65,49,24,15,40,41,28,25,25,23,18,50,31,26,66,51,25,18,41,39,27,25,26,23,19
202110081545,58,34,25,69,45,25,14,35,43,34,26,25,26,20,56,36,24,71,47,26,17,36,41,32,27,26,26,21
202110081600,60,33,27,64,49,26,13,41,35,34,23,26,24,23,58,36,26,66,51,26,15,42,33,32,24,28,24,24
202110081615,55,29,29,60,43,24,13,47,38,33,28,24,23,24,53,32,28,62,45,25,16,48,36,32,28,26,23,25
202110081630,54,33,31,64,56,29,13,52,38,29,30,28,29,26,53,35,30,66,57,29,16,53,36,28,30,30,28,27
202110081645,61,31,37,67,66,31,16,61,38,30,28,42,27,27,60,34,35,69,67,31,18,62,36,29,28,43,28,29
202110081700,71,29,36,67,69,38,19,61,43,31,28,42,25,29,70,33,35,70,71,37,21,62,41,30,28,43,26,30
202110081715,70,35,39,63,64,37,16,69,50,34,32,45,25,34,69,38,38,66,66,37,20,70,47,33,32,46,26,35
202110081730,70,38,33,66,65,39,18,67,49,33,35,42,29,29,68,41,32,69,67,39,21,68,46,32,35,43,30,30
202110081745,79,44,40,66,76,48,18,67,51,35,31,40,30,34,78,47,39,69,78,47,21,68,48,34,31,42,30,35
202110081800,89,56,43,74,84,51,18,65,54,35,46,40,32,38,88,59,42,78,86,50,22,66,51,34,45,42,32,39
202110081815,104,56,47,83,86,53,20,64,54,32,47,37,29,41,102,60,46,87,89,52,24,65,51,31,46,40,29,43
202110081830,114,63,47,83,84,53,22,65,55,33,54,39,31,43,111,67,46,88,87,52,25,66,52,32,52,42,31,45
202110081845,106,69,47,85,74,56,25,60,61,31,61,39,33,52,103,72,46,89,78,55,29,62,58,30,59,43,33,53
202110081900,120,69,54,80,75,61,26,62,61,29,65,43,33,48,117,73,53,85,80,59,30,64,58,29,62,46,33,50
202110081915,120,72,53,74,68,58,24,57,72,25,60,41,36,43,116,76,51,80,73,58,29,59,68,25,58,44,36,45
202110081930,116,71,50,88,72,52,26,58,72,24,63,47,38,45,113,75,49,93,77,53,31,60,68,24,61,50,38,47
202110081945,117,69,49,89,70,54,27,55,69,22,62,50,44,50,114,73,48,94,75,54,31,57,65,22,61,53,44,51
202110082000,122,62,47,88,66,53,27,50,69,25,54,47,41,52,118,67,47,93,71,53,31,52,65,25,53,50,41,53
202110082015,117,62,54,95,71,56,24,50,68,23,60,45,43,53,113,67,53,99,76,56,29,53,64,23,59,49,42,54
202110082030,121,56,51,96,69,56,25,46,68,28,63,43,41,54,117,62,50,100,74,56,29,49,64,28,61,47,40,55
202110082045,102,59,52,89,62,53,27,42,66,29,61,41,39,57,99,63,51,92,66,53,31,45,63,29,59,45,38,58
202110082100,102,46,56,93,57,55,28,42,62,29,56,42,37,60,98,51,55,96,62,54,31,45,59,29,55,47,37,61
202110082115,87,44,52,96,59,48,28,43,63,26,58,40,39,63,84,48,52,98,62,48,32,46,60,26,57,45,38,64
202110082130,88,47,53,89,54,52,24,36,66,24,57,41,42,63,85,51,53,92,58,52,28,39,62,24,56,46,41,64
202110082145,80,44,49,93,53,48,26,37,64,25,61,40,42,63,77,47,49,95,56,48,30,40,61,25,60,45,41,63
202110082200,85,47,54,89,55,46,28,40,73,24,56,37,40,61,82,50,54,91,59,47,33,43,69,24,55,42,39,62
202110082215,72,40,57,93,56,45,29,41,71,24,51,38,31,56,70,43,56,94,58,46,33,44,67,24,49,43,31,58
202110082230,65,40,52,91,52,45,31,38,65,22,48,42,31,55,63,42,51,92,54,46,34,41,62,22,47,46,31,56
202110082245,68,38,52,89,51,45,28,36,64,18,42,40,30,54,66,41,51,90,54,46,32,39,61,19,41,44,30,55
202110082300,57,35,46,95,46,40,22,34,71,21,45,37,30,56,55,37,46,95,48,42,27,37,67,21,44,42,30,56
202110082315,55,36,46,90,37,39,24,35,59,17,46,33,23,52,53,38,46,90,40,40,28,38,56,17,44,37,24,53
202110082330,55,34,40,84,37,34,26,30,63,15,44,31,23,53,53,36,40,85,40,36,30,33,60,16,42,36,23,53
202110082345,47,26,36,82,39,33,24,29,62,13,37,24,21,43,45,28,36,82,41,35,28,32,59,14,36,28,21,43
202110090000,48,26,35,73,36,33,24,29,55,16,32,23,20,41,46,28,35,74,38,35,27,32,52,16,31,27,20,41
202110090015,44,26,33,69,27,26,18,27,51,14,29,22,20,36,42,28,32,70,30,28,21,30,48,14,28,25,20,37
202110090030,41,25,30,75,28,28,17,23,48,12,27,18,23,33,39,27,29,75,30,29,20,25,46,12,27,21,22,34
202110090045,37,24,26,66,24,22,14,25,48,11,22,17,19,34,35,25,26,66,26,24,18,27,45,11,22,21,19,34
202110090100,35,26,27,57,20,21,16,23,43,12,25,17,19,30,33,27,26,58,23,23,19,25,41,12,25,20,19,31
202110090115,29,22,24,57,16,22,14,22,40,6,27,15,14,27,27,23,24,57,18,23,17,24,38,6,26,18,14,27
202110090130,28,19,22,50,18,17,14,21,39,6,23,16,12,28,26,20,22,51,20,19,16,23,37,6,22,19,12,28
202110090145,24,17,21,44,15,16,14,18,34,5,20,15,14,27,22,18,21,45,17,18,16,20,32,6,20,18,14,27
202110090200,26,17,23,41,17,18,12,20,38,7,22,12,13,25,24,18,23,42,19,20,15,22,36,7,21,15,13,25
202110090215,21,19,21,40,17,14,10,18,37,5,25,12,10,25,19,19,21,41,19,16,13,20,35,5,24,15,10,25
202110090230,20,17,23,40,15,13,10,15,35,6,26,12,12,25,18,18,23,41,17,15,13,17,33,6,25,15,12,25
202110090245,20,18,20,39,16,15,8,17,35,8,28,13,9,24,18,19,20,40,18,17,11,19,33,8,26,16,9,24
202110090300,18,18,22,40,16,15,8,17,36,7,27,11,8,26,16,18,22,41,18,17,11,19,34,7,25,14,8,26
202110090315,12,18,13,41,16,15,10,13,36,8,20,12,5,28,11,18,14,41,17,17,13,15,34,8,19,15,5,27
202110090330,13,18,13,37,17,14,7,12,38,7,18,11,5,28,12,18,14,37,18,16,10,15,35,7,17,14,5,27
202110090345,13,18,13,39,13,11,7,10,36,6,20,11,3,26,12,18,13,39,15,14,10,13,34,6,18,14,4,25
202110090400,13,21,13,40,16,16,8,8,38,8,20,10,4,29,12,21,14,40,17,18,11,11,36,8,19,13,4,28
202110090415,6,20,12,43,13,17,0,9,33,9,19,9,4,26,5,19,13,42,14,18,4,12,30,8,18,12,4,25
202110090430,5,19,14,44,13,15,0,9,33,6,20,9,4,27,4,18,14,43,14,17,4,12,30,6,18,12,4,26
202110090445,5,20,13,44,14,15,0,10,33,6,20,8,5,29,4,19,14,43,15,17,4,13,30,6,19,12,5,28
202110090500,12,17,16,41,13,18,11,14,29,9,19,11,11,27,10,17,16,41,15,19,13,16,28,9,18,14,11,27
202110090515,14,17,14,38,12,17,12,13,29,9,17,11,9,25,12,17,14,38,14,18,14,15,28,9,16,14,9,25
202110090530,16,18,16,33,12,17,13,15,28,11,21,12,9,26,14,18,16,34,14,18,14,17,27,11,20,15,9,26
202110090545,16,20,15,34,12,19,13,17,31,11,21,13,10,27,14,20,15,35,14,20,15,19,30,11,20,16,10,26
202110090600,18,19,15,39,16,18,14,18,32,13,23,15,11,34,16,19,16,40,18,19,16,21,31,13,22,19,11,33
202110090615,18,21,16,40,15,22,12,20,32,14,24,20,12,31,16,21,16,41,17,23,14,22,31,14,23,23,12,30
202110090630,21,24,21,39,18,21,19,26,37,15,29,22,18,33,19,24,21,40,20,22,21,28,36,15,28,25,18,32
202110090645,25,27,21,44,22,25,18,34,38,20,30,23,14,33,23,27,21,45,24,26,20,36,36,20,29,26,15,32
202110090700,27,31,24,48,21,29,19,41,46,26,33,25,18,34,25,31,24,49,23,30,22,43,44,25,32,28,18,34
202110090715,29,30,34,51,27,27,18,44,48,30,37,34,17,38,28,30,34,52,29,29,21,46,46,29,35,37,18,38
202110090730,33,36,29,56,34,34,20,51,51,28,36,33,21,40,31,36,29,57,35,35,23,53,48,27,35,36,22,40
202110090745,39,34,28,56,38,40,21,56,45,24,36,37,19,40,37,35,28,57,39,39,23,58,43,24,35,40,20,40
202110090800,51,40,31,54,50,37,17,57,47,30,35,33,22,37,50,41,31,56,51,37,20,58,45,29,34,36,23,38
202110090815,44,36,29,57,51,34,17,51,43,31,36,27,22,35,43,37,29,59,52,34,20,52,41,30,35,30,22,35
202110090830,42,32,25,53,43,31,18,46,43,30,36,27,22,34,41,33,25,55,45,31,20,48,41,29,35,30,22,34
202110090845,44,32,21,54,44,23,15,38,38,28,33,23,25,32,43,33,21,56,46,24,17,40,36,27,33,26,24,32
202110090900,40,32,19,50,45,20,13,36,36,29,33,22,27,30,39,33,19,51,46,21,15,38,34,28,33,25,26,29
202110090915,40,34,23,55,37,24,16,39,31,26,35,23,27,29,38,35,23,56,39,24,17,41,30,25,35,26,26,29
202110090930,40,32,24,47,35,22,14,38,35,28,39,23,30,31,38,33,24,49,37,23,16,40,34,27,39,26,29,31
202110090945,44,32,24,52,35,24,14,38,38,29,34,21,29,31,42,33,24,54,37,25,17,40,36,28,34,24,28,31
202110091000,43,37,29,56,40,23,13,43,40,27,29,21,27,30,41,38,28,57,42,24,16,44,38,26,29,24,26,31
202110091015,41,30,28,57,41,24,14,40,44,25,26,22,27,30,39,31,27,58,42,26,17,42,42,24,27,25,26,31
202110091030,46,32,27,69,40,25,12,40,40,28,30,22,26,31,44,33,27,70,42,26,15,42,38,27,30,25,25,31
202110091045,46,33,29,58,48,27,17,42,37,28,26,22,29,29,45,34,28,59,49,28,19,43,36,27,27,24,28,30
202110091100,51,35,27,61,48,24,20,37,37,28,28,27,29,29,49,37,26,63,50,25,22,39,36,27,29,29,28,29
202110091115,53,40,27,63,49,23,14,39,36,25,31,30,33,28,51,41,26,65,51,24,16,41,35,24,32,32,32,28
202110091130,51,41,31,68,53,29,15,42,36,25,29,33,29,30,50,42,30,69,54,29,17,44,35,24,30,35,29,31
202110091145,61,44,31,67,47,36,15,41,40,24,35,27,32,29,59,45,30,69,49,35,18,43,38,23,35,29,31,30
202110091200,74,55,28,78,50,37,15,42,44,25,30,26,33,26,71,56,27,80,53,37,18,43,42,24,31,28,32,27
202110091215,74,56,28,84,54,39,14,42,45,26,24,29,32,31,71,57,27,86,57,39,17,44,42,25,25,31,31,31
202110091230,74,57,32,82,57,34,12,38,47,25,27,26,34,32,71,58,31,84,60,34,16,40,44,24,28,29,33,33
202110091245,65,52,29,73,50,34,14,39,43,28,28,26,32,31,63,53,28,75,53,34,17,41,41,27,29,28,31,31
202110091300,62,50,31,68,46,32,15,36,37,34,26,27,28,29,60,51,30,70,49,32,17,38,35,33,27,29,27,30
202110091315,61,51,25,66,46,28,11,34,37,31,25,27,29,26,59,52,24,68,49,28,14,36,35,30,26,29,28,26
202110091330,63,49,19,63,48,30,10,40,35,29,24,26,22,23,61,50,19,66,50,30,13,41,33,28,24,28,22,23
202110091345,65,50,22,57,50,27,11,36,38,32,27,25,23,23,63,51,21,60,52,28,14,37,36,30,27,27,23,23
202110091400,61,47,21,68,46,28,12,36,37,40,34,21,26,23,59,48,21,70,49,28,15,37,35,38,34,23,25,23
202110091415,60,44,22,74,44,33,15,41,36,37,34,21,25,22,58,45,21,76,47,32,17,42,34,36,34,23,24,22
202110091430,59,41,26,73,48,31,15,36,33,35,27,19,26,25,57,43,25,75,50,31,17,37,31,34,27,21,25,26
202110091445,62,41,24,71,49,31,13,32,32,34,25,14,28,27,60,43,24,73,51,30,15,34,30,33,26,17,26,27
202110091500,60,44,26,74,50,28,14,34,32,31,26,17,29,29,58,45,26,76,52,28,16,36,31,30,27,20,27,29
202110091515,59,45,25,66,53,27,15,38,31,29,28,15,27,26,57,46,24,68,55,27,16,40,30,28,28,18,25,27
202110091530,54,43,25,70,55,29,18,38,37,31,30,19,28,28,52,44,24,71,57,29,20,40,36,30,30,22,27,28
202110091545,58,43,24,61,48,31,16,38,37,31,29,21,29,27,56,44,24,63,50,31,18,39,35,30,29,23,28,27
202110091600,73,44,29,62,52,34,16,38,36,31,29,24,25,26,70,47,28,65,55,33,18,39,34,30,29,26,24,27
202110091615,71,48,29,65,60,32,17,46,40,33,30,27,24,24,69,50,28,68,62,32,19,47,38,32,30,29,24,25
202110091630,70,46,31,64,62,30,17,48,40,37,30,32,23,27,68,48,30,67,64,30,19,49,38,36,30,34,23,28
202110091645,70,43,38,64,68,29,15,69,43,36,30,40,23,31,69,46,37,67,70,30,18,70,41,34,30,42,24,32
202110091700,77,52,32,66,70,30,18,61,42,38,29,41,23,32,75,54,31,69,72,30,20,62,40,37,29,43,24,33
202110091715,77,46,29,73,68,34,21,69,44,38,28,45,26,42,75,49,29,76,70,34,23,70,42,37,28,47,27,42
202110091730,80,51,32,77,74,39,19,67,49,38,32,45,31,44,79,53,32,80,76,39,22,68,47,37,32,47,32,44
202110091745,93,50,36,79,83,45,17,63,51,31,34,42,30,42,91,54,36,83,85,44,21,64,48,30,34,45,31,43
202110091800,104,58,43,79,90,51,20,63,58,35,46,40,35,42,102,62,42,83,92,50,24,64,55,34,45,43,35,43
202110091815,108,60,44,82,87,61,23,65,53,36,52,36,35,43,106,64,43,87,90,58,26,66,51,35,51,39,34,44
202110091830,110,61,40,89,85,60,27,72,63,38,53,40,38,47,108,65,40,93,88,59,31,73,60,37,52,43,37,48
202110091845,122,75,44,98,86,57,28,66,65,39,56,40,36,50,119,79,44,103,90,56,32,68,62,38,55,44,36,51
202110091900,136,79,43,107,86,64,30,63,69,35,53,45,39,52,132,83,43,112,91,63,34,65,65,34,52,49,39,53
202110091915,148,78,46,109,80,72,29,63,67,27,56,40,39,52,143,84,46,115,86,69,33,65,64,27,55,44,38,53
202110091930,138,79,45,109,87,68,29,60,69,27,59,43,44,49,134,84,44,114,92,66,33,62,66,27,58,46,43,50
202110091945,140,85,42,117,87,62,28,47,66,25,55,39,40,53,136,89,42,122,92,60,32,50,63,25,54,43,39,53
202110092000,139,79,49,120,89,63,24,50,70,22,55,41,39,58,135,84,49,124,94,62,29,53,66,22,54,46,38,59
202110092015,118,70,47,116,84,62,26,46,66,24,58,47,36,62,115,74,47,119,88,61,30,49,63,24,56,52,36,62
202110092030,130,65,54,112,86,60,19,45,72,25,53,46,38,58,127,71,53,116,90,59,25,48,67,24,52,50,38,59
202110092045,122,60,50,119,81,64,23,41,65,21,54,49,35,59,119,65,50,122,85,62,27,44,61,21,53,53,36,60
202110092100,116,63,50,118,78,59,23,38,73,22,60,51,36,58,113,67,50,121,82,59,28,41,68,22,58,55,37,59
202110092115,106,57,46,119,79,56,28,39,71,23,57,48,33,61,103,61,46,121,82,56,32,42,67,23,55,52,34,61
202110092130,102,53,51,114,76,53,24,45,70,23,54,44,34,57,100,57,51,116,79,53,29,48,66,23,53,48,34,58
202110092145,99,62,49,115,77,51,29,42,68,20,59,45,30,61,96,65,49,117,80,51,33,45,64,20,57,50,31,61
202110092200,101,60,47,114,74,53,29,46,70,19,47,49,36,65,98,63,47,116,77,53,33,49,66,19,47,54,37,65
202110092215,85,56,49,109,71,51,28,43,73,17,48,53,32,67,83,58,49,110,73,52,33,47,69,18,47,58,33,67
202110092230,79,44,50,103,65,48,28,40,76,18,49,45,33,64,77,47,50,104,67,49,33,43,72,19,48,50,33,64
202110092245,76,46,45,103,62,43,27,37,74,21,49,42,34,69,74,49,46,104,64,45,32,41,70,21,48,48,34,68
202110092300,73,42,46,102,67,39,27,38,70,21,44,40,27,68,71,45,47,103,69,41,31,42,66,21,43,46,28,68
202110092315,68,38,44,96,67,42,30,33,64,19,40,39,24,63,66,41,45,97,68,43,33,37,61,20,39,44,25,63
202110092330,60,36,42,97,61,35,25,32,65,16,39,38,28,60,58,38,43,98,62,37,29,35,62,17,38,43,28,60
202110092345,54,31,40,89,50,35,23,31,61,14,40,33,25,56,52,33,40,89,52,37,27,34,58,15,39,38,25,56
202110100000,55,34,38,83,44,32,23,28,57,14,33,32,25,50,53,36,38,84,46,34,26,31,54,15,33,36,25,50
202110100015,50,31,38,79,42,29,22,23,51,14,32,27,20,42,48,33,37,79,44,30,25,26,49,14,31,31,20,43
202110100030,46,29,35,83,36,25,19,22,48,13,29,20,18,41,44,31,35,83,38,27,22,25,46,13,28,24,18,42
202110100045,44,26,31,76,32,23,17,16,47,10,25,22,18,34,42,28,30,76,34,25,20,19,44,10,25,25,18,35
202110100100,45,27,27,67,32,22,16,15,49,8,24,23,17,33,43,29,27,68,34,24,19,18,46,8,24,26,17,33
202110100115,39,28,31,57,34,23,16,14,44,5,22,20,16,32,37,29,30,58,36,25,19,17,42,6,22,23,16,33
202110100130,35,25,29,56,32,23,14,12,40,4,20,18,13,32,33,26,29,57,34,24,17,15,38,5,20,21,13,33
202110100145,32,23,28,51,28,22,13,13,44,4,16,17,11,29,30,24,27,52,30,24,16,16,41,5,16,20,11,30
202110100200,26,21,24,54,23,24,10,14,44,4,18,13,13,26,24,22,24,55,25,25,14,16,41,4,18,16,13,26
202110100215,26,18,24,47,19,20,6,13,41,4,15,13,10,24,24,19,23,48,21,22,10,15,38,4,15,16,10,24
202110100230,25,23,24,50,21,18,6,12,40,4,16,11,12,24,23,24,23,50,23,20,10,14,37,4,16,14,12,25
202110100245,27,25,24,47,18,18,6,11,36,4,16,10,10,26,25,26,23,47,20,20,9,13,34,4,16,13,10,26
202110100300,26,23,26,49,20,18,7,13,35,7,16,12,8,27,24,24,25,49,22,19,10,15,33,7,15,15,8,27
202110100315,18,23,17,48,19,16,6,11,33,8,14,13,2,28,17,23,17,48,21,17,9,13,31,8,13,16,3,28
202110100330,20,20,17,48,19,16,6,8,32,8,14,13,2,27,19,20,17,48,21,17,9,11,30,8,13,16,3,27
202110100345,19,18,15,44,16,17,6,7,32,9,15,12,2,29,17,18,15,44,18,18,9,10,30,9,14,15,3,28
202110100400,16,20,17,48,16,16,5,8,32,10,16,12,4,31,14,20,17,48,18,17,8,11,30,10,15,16,5,30
202110100415,9,17,15,48,18,20,0,8,31,10,13,8,4,29,8,17,16,47,19,21,4,11,29,9,12,12,4,28
202110100430,10,18,14,50,16,17,0,10,30,9,13,10,5,29,9,18,15,49,17,18,3,13,28,8,12,13,5,28
202110100445,9,16,14,49,14,17,0,11,31,10,14,9,4,30,8,16,15,49,15,18,3,14,29,9,13,13,4,29
202110100500,22,15,16,44,13,14,7,10,29,9,11,11,8,24,20,16,16,45,15,15,9,12,28,9,11,14,8,24
202110100515,20,16,14,44,15,17,9,9,28,8,12,10,9,25,18,17,14,44,17,18,11,11,27,8,12,13,9,25
202110100530,22,17,15,43,13,18,9,11,28,8,14,10,11,22,20,18,15,43,15,19,11,13,27,8,14,13,11,22
202110100545,25,15,18,42,13,17,12,11,32,11,15,10,11,22,23,16,18,43,15,18,14,13,31,11,15,13,11,22
202110100600,25,18,20,45,14,18,13,13,31,13,20,11,13,27,23,19,20,46,16,19,15,15,30,13,20,14,13,27
202110100615,25,19,19,49,15,17,13,16,33,9,24,11,17,26,23,20,19,50,17,18,15,18,31,9,24,14,16,26
202110100630,27,21,19,55,16,18,13,19,32,10,25,19,18,29,25,22,19,55,18,19,15,21,31,10,25,22,18,29
202110100645,30,20,22,57,15,22,10,24,40,11,26,19,18,28,28,21,22,57,18,23,13,26,38,11,25,22,18,28
202110100700,32,23,22,59,20,23,15,27,43,13,28,28,21,28,30,24,22,60,22,24,18,29,41,13,28,30,21,28
202110100715,31,23,25,66,21,24,19,29,43,18,27,29,21,35,29,24,25,66,23,25,21,31,41,18,27,32,21,35
202110100730,37,29,25,66,27,26,18,29,49,16,31,31,24,40,35,30,26,66,29,28,21,32,46,16,31,34,24,39
202110100745,36,28,27,73,31,27,19,34,51,17,32,28,24,48,35,29,28,73,33,29,22,37,48,17,32,32,24,47
202110100800,39,35,34,83,37,33,21,42,57,23,32,30,25,51,38,36,34,83,39,35,25,45,54,23,32,35,25,51
202110100815,47,43,39,83,41,38,19,46,54,24,37,31,28,50,45,43,39,83,43,39,23,48,51,24,37,35,28,50
202110100830,46,43,39,76,44,34,20,41,53,22,36,36,25,46,44,43,39,77,46,35,23,43,50,22,35,40,25,47
202110100845,47,44,36,73,44,34,19,42,52,25,33,42,26,47,46,44,36,74,46,35,22,44,49,24,33,45,27,47
202110100900,50,39,40,69,51,34,19,41,48,25,35,39,26,47,49,40,40,70,53,34,22,43,46,25,35,42,27,48
202110100915,53,38,40,70,56,31,20,49,53,23,39,41,32,40,52,39,39,71,57,32,23,51,50,23,39,44,32,41
202110100930,51,35,33,76,53,35,25,52,51,24,42,44,32,43,50,36,33,77,54,36,28,54,49,24,42,47,32,43
202110100945,58,39,36,78,64,35,23,52,49,24,47,48,33,47,57,41,36,79,65,36,26,54,47,24,46,51,34,47
202110101000,59,42,42,85,69,32,26,51,47,26,42,44,31,49,58,43,42,86,70,33,28,53,45,26,41,47,32,50
202110101015,67,41,45,84,70,36,23,55,54,30,44,39,31,46,66,43,44,85,71,37,26,57,51,29,43,42,31,47
202110101030,69,45,41,83,72,42,23,53,48,26,44,41,33,41,68,47,40,85,73,41,26,55,46,26,43,44,33,42
202110101045,70,48,43,72,72,37,22,56,41,25,44,36,35,43,69,50,42,74,73,36,24,58,40,25,44,39,34,44
202110101100,76,52,48,75,67,41,19,57,42,22,48,38,33,43,74,54,47,78,69,40,21,59,40,22,47,41,33,45
202110101115,85,56,44,79,71,44,20,56,46,23,45,33,33,47,83,58,43,82,73,43,23,58,44,23,44,37,32,48
202110101130,80,64,49,80,71,47,22,54,52,24,42,32,36,43,78,65,48,83,73,46,25,56,49,24,42,35,35,45
202110101145,83,70,44,75,69,46,24,56,55,25,35,37,33,41,81,71,43,78,71,46,27,58,52,25,35,40,33,42
202110101200,90,61,45,89,74,44,22,53,60,27,40,35,41,46,88,63,44,92,77,44,26,55,57,27,41,39,40,47
202110101215,97,66,48,88,78,49,26,50,59,24,46,39,41,46,95,68,47,91,81,48,29,52,56,24,46,42,40,47
202110101230,98,66,45,89,77,47,25,50,57,22,49,37,41,47,96,69,44,92,80,47,28,52,54,22,49,41,40,48
202110101245,88,62,44,87,75,48,21,45,61,26,46,29,39,51,86,64,44,90,77,48,25,48,58,26,46,34,37,52
202110101300,92,65,42,84,70,48,24,42,66,26,44,33,41,53,89,67,42,87,73,48,28,45,62,26,44,38,40,53
202110101315,91,59,41,85,67,53,22,48,62,23,37,34,32,45,88,62,41,88,70,52,26,50,58,23,37,38,32,46
202110101330,88,55,40,91,66,46,21,46,54,28,37,34,36,46,86,58,40,93,69,46,25,48,51,27,37,38,35,47
202110101345,87,56,41,86,68,47,20,49,51,35,39,33,38,45,85,58,40,89,71,46,23,51,48,34,40,37,37,46
202110101400,91,52,41,85,70,47,24,51,53,34,40,32,41,47,89,55,41,88,73,46,27,53,50,33,41,36,39,48
202110101415,84,55,41,86,71,43,24,52,57,33,38,36,37,44,82,58,40,89,73,43,27,54,54,32,39,39,36,45
202110101430,82,57,41,89,65,47,23,54,55,31,35,36,34,47,80,59,41,91,68,46,26,56,52,30,35,40,34,48
202110101445,85,53,43,93,68,46,18,54,53,32,34,31,25,45,83,56,42,95,71,45,22,56,50,31,33,35,25,46
202110101500,85,53,48,88,67,44,19,51,54,30,31,35,30,49,83,56,47,90,70,44,23,53,51,29,31,39,30,50
202110101515,89,59,45,82,66,44,21,53,57,33,34,40,30,45,87,61,44,85,69,44,25,55,54,32,34,43,30,46
202110101530,80,51,41,76,67,46,23,47,57,33,35,43,31,48,78,54,41,79,69,46,26,49,54,32,35,46,31,49
202110101545,84,55,41,81,70,48,22,52,56,32,40,41,31,45,82,57,40,84,72,48,25,54,53,31,40,44,31,46
202110101600,84,53,43,84,69,50,23,54,60,32,32,41,33,40,82,55,42,87,71,50,27,56,57,31,33,44,33,41
202110101615,92,54,50,83,65,42,22,49,58,33,34,44,32,42,89,57,48,86,68,43,26,51,55,32,34,47,32,44
202110101630,91,58,45,83,70,43,21,53,56,37,33,40,38,44,88,61,44,86,73,43,25,55,53,36,34,43,37,45
202110101645,82,55,44,82,73,44,22,50,58,34,37,38,38,43,80,57,43,85,75,44,26,52,55,33,38,41,37,44
202110101700,95,57,48,85,72,50,22,54,52,40,38,40,36,49,92,60,47,88,75,49,25,56,50,39,38,44,36,50
202110101715,99,60,41,85,76,50,21,69,44,38,37,42,37,44,96,63,40,89,79,48,23,70,42,37,38,45,37,45
202110101730,103,60,39,85,74,54,25,57,56,29,35,45,36,44,100,64,39,89,77,53,28,59,53,29,36,48,36,45
202110101745,110,63,46,79,82,54,24,54,62,32,36,44,32,43,107,67,45,84,85,53,28,56,59,31,36,47,33,44
202110101800,114,73,48,91,83,58,21,57,67,32,38,44,35,42,111,76,47,95,87,57,26,59,63,31,38,47,35,44
202110101815,118,76,48,103,87,57,24,60,62,34,42,43,34,48,115,79,47,107,91,56,28,62,58,33,42,46,34,49
202110101830,124,76,50,97,86,57,25,53,61,32,45,46,38,49,121,80,49,102,90,56,29,55,58,31,45,49,38,50
202110101845,120,75,51,105,95,57,25,53,64,27,47,42,37,58,117,79,51,109,98,56,29,56,61,27,47,47,37,59
202110101900,133,85,56,103,89,60,28,48,65,27,46,31,38,56,130,89,55,108,93,59,32,51,62,27,46,36,37,58
202110101915,134,86,58,97,86,55,26,42,66,24,45,30,41,51,130,90,56,102,91,54,30,45,63,24,45,35,39,53
202110101930,127,76,59,97,82,50,27,49,65,22,45,33,41,53,124,80,58,102,87,50,31,51,62,22,45,38,40,55
202110101945,124,68,54,98,78,48,23,44,63,22,47,36,43,55,120,73,53,103,83,48,27,47,59,22,47,41,42,56
202110102000,124,61,50,100,73,52,24,46,64,21,48,40,37,52,120,66,49,105,78,52,28,49,61,21,48,44,37,53
202110102015,113,62,51,93,72,56,25,45,63,24,49,41,35,51,109,66,50,97,76,55,29,48,60,24,48,45,35,53
202110102030,102,57,47,90,66,52,25,47,59,22,51,38,36,59,99,61,47,94,70,51,28,50,56,22,50,43,36,59
202110102045,95,56,45,92,58,51,27,47,60,22,51,37,38,52,92,59,45,95,62,51,30,50,57,22,50,41,37,53
202110102100,90,54,43,92,57,50,29,49,68,20,46,38,37,51,87,57,43,95,61,50,33,51,65,21,46,42,37,52
202110102115,95,54,41,97,56,50,31,50,72,20,45,36,38,55,92,58,41,100,60,51,35,53,68,21,45,41,37,55
202110102130,93,52,43,95,62,51,28,52,63,19,44,35,36,56,90,56,43,98,66,51,31,55,60,20,44,40,35,56
202110102145,85,46,43,95,61,52,28,49,60,21,48,33,34,57,82,50,43,97,64,51,31,52,57,21,47,38,33,57
202110102200,81,46,44,101,63,50,29,47,60,23,44,32,30,58,79,49,44,102,66,50,32,50,57,23,43,37,30,58
202110102215,68,43,40,101,57,47,28,43,62,20,47,30,31,62,66,45,41,101,59,47,31,46,59,20,46,36,30,61
202110102230,63,38,43,103,50,44,27,42,57,19,42,29,31,61,61,40,44,103,52,44,30,45,54,19,41,35,30,61
202110102245,68,39,40,93,45,45,28,36,59,15,41,29,28,59,66,42,41,94,48,45,31,39,56,16,40,35,28,59
202110102300,62,35,39,90,47,39,25,32,60,16,41,30,27,58,60,38,40,91,50,40,28,35,57,16,40,35,27,57
202110102315,58,33,35,89,47,34,28,31,56,12,34,27,26,56,56,35,36,90,49,35,31,34,53,13,34,32,26,55
202110102330,55,37,33,86,47,32,29,33,53,13,35,25,24,52,53,39,34,87,49,33,31,36,51,14,34,30,24,52
202110102345,51,33,28,82,44,30,27,32,46,13,33,26,25,48,49,35,29,83,46,31,29,35,44,14,33,31,25,47
202110110000,48,32,30,74,40,30,22,26,43,12,30,25,22,47,46,34,31,75,42,31,24,29,41,13,30,30,22,46
202110110015,45,29,30,73,37,28,20,24,44,9,27,22,20,43,43,31,30,73,39,29,22,27,42,10,27,26,20,43
202110110030,44,27,26,62,36,28,20,17,43,9,22,20,19,40,42,29,26,63,38,29,22,20,41,10,22,24,19,39
202110110045,43,32,23,58,31,25,15,17,44,7,21,18,16,37,41,33,23,59,33,26,18,20,42,7,21,22,16,36
202110110100,36,33,25,57,27,23,13,17,42,8,21,16,17,36,34,33,25,58,29,24,16,20,40,8,21,20,17,36
202110110115,32,32,30,61,31,25,13,18,43,7,20,19,15,33,30,32,30,62,33,26,16,21,40,7,20,22,15,33
202110110130,31,28,27,54,30,20,12,18,39,6,19,17,14,28,29,29,26,55,32,22,15,20,37,6,19,20,14,28
202110110145,26,26,24,52,27,21,11,15,40,5,20,16,13,25,25,26,23,52,29,23,14,17,38,5,20,19,13,25
202110110200,26,21,26,53,25,21,10,16,42,6,20,17,13,26,24,22,25,53,27,23,13,18,39,6,20,20,13,26
202110110215,28,20,22,54,23,17,7,17,37,7,18,15,11,22,26,21,21,55,25,19,10,19,34,7,18,17,11,22
202110110230,25,20,23,54,25,15,6,14,38,4,16,13,13,23,23,21,22,54,27,17,9,16,35,4,16,15,13,23
202110110245,25,20,23,53,25,14,5,14,39,6,16,12,12,25,23,21,23,53,27,17,9,16,36,6,16,15,12,25
202110110300,27,21,24,49,22,14,7,13,38,8,18,14,16,26,25,22,24,50,24,16,10,15,36,8,18,17,16,26
202110110315,14,19,21,52,23,13,5,12,40,8,15,15,7,26,13,19,21,52,24,16,9,14,37,8,14,18,8,26
202110110330,15,19,18,51,22,12,7,12,39,8,16,14,6,25,14,19,18,51,23,15,10,14,36,8,15,17,7,25
202110110345,15,19,18,46,20,11,8,11,38,10,14,11,6,25,14,19,18,46,21,14,11,13,36,10,13,14,6,25
202110110400,13,24,17,48,20,12,5,11,36,9,16,13,9,25,12,23,17,48,21,14,8,13,34,9,16,16,9,25
202110110415,9,17,16,48,19,12,0,9,31,10,17,10,8,22,8,17,16,47,20,14,3,11,28,9,16,13,8,22
202110110430,9,19,15,48,20,16,0,9,32,9,15,10,7,24,8,18,15,47,21,17,3,11,29,8,14,13,7,24
202110110445,9,19,15,45,19,15,0,11,35,7,14,11,7,24,8,18,15,44,20,17,4,13,32,6,13,14,7,24
202110110500,15,16,17,41,16,15,8,12,28,9,13,13,11,23,13,16,17,41,18,16,10,14,27,9,13,15,11,23
202110110515,16,17,18,39,18,15,12,13,30,9,14,14,10,24,14,17,18,40,19,16,14,15,29,9,14,17,10,24
202110110530,15,19,17,39,16,19,11,10,31,7,14,13,11,25,13,19,17,39,18,20,13,12,30,7,14,16,11,25
202110110545,17,19,19,43,17,18,13,15,32,8,16,15,12,24,16,19,19,43,19,19,15,17,31,8,16,18,12,24
202110110600,23,18,21,47,19,20,13,19,35,10,16,20,14,26,21,19,21,48,21,21,15,21,33,10,16,22,14,26
202110110615,25,22,24,47,20,24,17,23,35,9,18,20,16,28,23,23,24,48,22,25,19,25,34,9,18,23,16,28
202110110630,26,23,29,48,24,24,19,29,41,12,18,23,19,34,24,24,29,49,26,25,21,31,39,12,18,26,19,34
202110110645,28,26,28,53,19,25,17,40,42,16,15,26,22,35,26,26,28,53,21,26,20,42,40,16,16,29,22,35
202110110700,28,30,27,55,22,27,16,40,51,25,18,30,23,38,26,30,27,55,24,29,20,42,48,24,19,33,23,38
202110110715,33,30,32,60,29,35,17,41,47,25,18,36,21,44,32,30,32,60,31,35,20,43,45,24,19,39,22,44
202110110730,37,34,34,56,30,37,16,49,48,24,24,40,23,48,35,34,34,57,32,37,19,51,45,23,24,43,24,48
202110110745,39,34,33,60,36,35,19,45,48,26,30,41,25,43,38,35,33,61,38,35,22,47,46,25,30,44,26,43
202110110800,39,37,34,62,43,41,22,49,50,28,30,38,27,41,38,37,34,63,44,41,25,51,48,27,30,41,28,41
202110110815,37,35,30,61,37,35,15,41,46,29,28,29,23,36,35,35,30,62,39,35,18,43,43,28,28,32,23,36
202110110830,39,36,26,65,32,30,13,38,41,26,27,26,17,36,37,37,26,65,34,30,16,40,39,25,26,29,18,36
202110110845,32,33,25,56,30,31,15,32,39,24,25,28,20,31,30,33,25,56,32,31,17,34,37,23,25,30,20,31
202110110900,40,34,29,59,29,30,11,29,33,27,28,27,26,32,38,34,29,60,31,30,13,31,31,26,28,30,26,32
202110110915,37,30,27,0,25,28,11,34,36,25,29,25,23,27,35,31,26,4,27,28,14,36,34,24,29,27,23,28
202110110930,35,27,24,0,29,28,11,33,35,28,25,23,26,25,33,28,23,4,31,28,13,34,33,27,26,25,25,25
202110110945,41,24,23,0,31,31,13,34,29,31,24,24,28,25,39,26,23,5,33,30,14,35,28,30,25,26,27,25
202110111000,48,28,20,0,37,26,14,34,31,28,22,30,26,26,46,30,20,5,39,26,16,35,30,27,23,32,26,26
202110111015,50,30,23,0,35,24,15,39,31,26,23,22,26,24,48,32,22,5,38,24,16,40,30,25,24,24,25,24
202110111030,42,30,23,56,36,23,13,34,31,32,18,25,26,23,40,31,22,57,38,23,15,35,30,31,19,27,25,23
202110111045,40,31,24,60,37,23,15,29,31,23,21,21,25,26,38,32,24,61,39,23,17,31,30,22,22,23,24,26
202110111100,39,30,29,59,38,26,13,38,34,22,23,22,29,27,37,31,28,60,40,26,15,39,32,21,24,24,28,28
202110111115,36,31,25,58,35,30,12,36,33,27,20,25,27,34,34,32,25,59,37,29,14,38,32,26,21,28,26,34
202110111130,43,37,24,71,35,27,16,35,38,25,23,26,26,31,41,37,24,71,37,28,18,37,36,24,24,29,26,31
202110111145,49,45,24,69,38,32,19,40,43,26,24,24,28,29,47,45,24,70,40,32,21,41,41,25,25,26,27,29
202110111200,49,52,25,73,34,36,17,38,42,30,26,20,30,31,46,52,25,74,37,36,20,40,40,29,27,23,28,31
202110111215,63,58,28,79,36,37,16,36,44,27,25,19,29,29,60,58,27,81,39,37,19,38,42,26,26,22,28,30
202110111230,66,56,28,79,43,37,17,31,38,28,27,19,33,29,63,57,27,81,46,36,19,33,36,27,28,22,31,30
202110111245,51,52,27,71,46,39,18,33,41,29,24,20,23,28,49,52,26,72,48,38,20,35,39,28,24,23,22,29
202110111300,52,38,25,68,42,37,16,36,43,28,28,21,27,25,50,39,24,69,44,37,19,37,41,27,28,23,26,26
202110111315,51,42,28,65,39,34,17,35,37,29,20,19,27,24,49,43,27,66,42,33,19,36,35,28,21,21,26,25
202110111330,51,36,25,62,44,27,16,37,35,29,18,20,28,27,49,38,24,64,46,27,18,39,34,28,20,23,27,27
202110111345,51,38,23,59,41,27,17,37,30,39,19,23,25,26,49,39,23,61,43,27,18,38,29,37,20,25,24,26
202110111400,41,39,23,63,40,25,15,35,25,35,22,24,26,22,39,39,22,64,42,24,16,36,25,34,23,26,25,23
202110111415,42,38,25,66,42,23,14,35,24,34,20,21,26,21,40,38,24,67,44,23,15,36,24,33,21,23,25,22
202110111430,42,35,23,63,36,25,13,37,22,33,21,20,24,21,40,36,22,64,38,24,14,38,22,32,22,22,23,21
202110111445,48,37,18,65,38,24,15,37,27,30,23,17,22,18,46,38,17,66,40,24,16,38,26,29,23,19,21,18
202110111500,51,34,18,72,36,24,15,37,30,29,22,22,27,21,49,36,18,73,39,24,16,38,29,28,23,24,26,21
202110111515,48,34,20,67,38,23,14,36,32,26,23,23,29,22,46,36,19,68,40,23,16,37,31,25,24,25,28,22
202110111530,51,31,17,71,41,25,18,37,28,29,23,22,27,22,49,33,17,72,43,25,19,38,27,28,24,24,26,22
202110111545,49,30,17,70,43,25,18,41,32,26,23,22,28,22,47,32,17,71,45,25,19,42,31,25,24,24,27,22
202110111600,54,30,18,76,46,23,17,45,36,27,23,25,25,20,52,32,18,77,48,24,19,46,34,26,24,26,24,20
202110111615,50,35,23,74,50,27,16,38,35,25,21,25,22,25,49,36,22,75,51,27,18,39,33,24,22,27,22,25
202110111630,50,32,30,79,54,25,17,45,38,30,27,30,30,27,49,34,29,79,55,26,19,46,36,29,28,32,29,28
202110111645,54,31,32,81,62,25,17,56,40,32,23,41,28,32,53,33,31,82,63,26,19,57,38,31,24,42,29,33
202110111700,71,28,29,72,60,28,19,54,40,28,25,39,30,32,69,32,28,74,62,28,21,55,38,27,26,41,30,32
202110111715,71,32,30,72,64,37,22,62,53,32,27,38,31,37,69,35,30,74,66,38,25,63,51,31,28,40,31,37
202110111730,79,36,37,76,70,38,25,67,50,34,29,41,30,39,77,40,36,79,72,38,27,68,48,33,30,43,30,39
202110111745,78,36,39,80,75,45,26,69,61,32,31,45,27,41,77,40,38,82,77,45,29,70,58,31,31,47,28,42
202110111800,88,49,38,82,82,50,27,66,60,33,38,38,32,39,86,52,37,85,84,50,30,67,57,32,38,41,32,40
202110111815,99,54,41,92,85,61,27,65,59,30,43,42,40,31,97,58,39,95,87,59,30,66,56,30,43,43,39,33
202110111830,112,62,42,96,83,64,31,64,65,31,52,37,38,36,109,66,41,100,86,62,34,65,62,31,51,39,37,38
202110111845,116,71,40,99,74,56,31,61,63,31,53,39,43,42,113,75,39,103,78,55,34,62,60,31,53,42,42,43
202110111900,122,72,40,112,84,61,30,63,67,30,49,40,46,44,119,76,39,116,88,60,34,64,64,30,49,43,45,45
202110111915,123,70,42,110,81,64,31,58,60,28,55,43,48,43,119,74,41,114,85,62,34,60,57,28,55,46,47,44
202110111930,126,66,44,110,79,57,27,56,62,29,48,46,45,47,122,71,43,114,84,56,30,58,59,29,49,49,44,48
202110111945,112,68,45,112,75,62,22,62,68,29,55,51,42,49,109,72,44,115,79,61,27,64,64,28,54,54,42,50
202110112000,112,73,46,113,72,59,27,54,65,27,55,44,43,54,109,76,46,116,76,58,31,56,62,27,55,48,42,55
202110112015,109,65,47,101,64,55,27,49,60,25,50,44,43,55,105,69,47,104,69,54,30,52,57,25,50,48,42,56
202110112030,106,66,44,106,69,58,25,51,65,21,56,48,39,55,103,69,44,109,73,57,29,54,61,21,55,52,39,55
202110112045,89,65,42,98,69,58,29,48,63,19,49,48,41,52,87,67,42,100,72,57,32,51,60,20,49,51,41,52
202110112100,83,61,45,98,63,56,26,40,65,21,52,49,34,56,81,63,45,100,66,55,30,43,61,21,51,53,35,56
202110112115,93,56,44,106,67,58,30,48,65,22,46,43,36,57,90,59,44,108,70,57,33,51,62,23,46,47,36,57
202110112130,92,56,42,107,65,58,29,42,66,21,48,41,35,57,89,59,42,109,68,57,33,45,63,21,47,45,35,57
202110112145,89,60,43,102,53,60,24,40,62,18,52,38,39,62,86,62,43,104,57,58,28,43,59,18,51,43,38,62
202110112200,86,49,48,107,52,56,20,42,70,19,48,34,39,59,83,52,48,108,56,56,25,45,65,19,48,39,38,59
202110112215,75,54,42,104,51,52,20,40,70,18,47,35,38,56,72,56,42,105,54,52,25,43,65,18,47,40,37,56
202110112230,75,53,40,102,54,43,23,44,71,19,49,35,38,57,73,55,41,103,57,45,28,47,67,19,48,40,37,57
202110112245,79,50,42,104,52,45,22,37,70,15,46,34,42,56,76,53,42,105,55,46,27,40,66,15,46,39,41,56
202110112300,73,42,39,99,49,44,22,33,66,15,42,29,36,52,70,45,39,100,52,45,27,36,62,15,42,34,35,52
202110112315,64,39,38,97,46,42,23,31,65,15,41,29,35,47,62,41,38,98,49,43,27,34,61,15,41,33,34,47
202110112330,56,36,35,98,42,36,20,30,65,14,36,31,34,42,54,38,35,98,45,38,25,33,61,14,36,34,33,42
202110112345,52,37,29,90,43,36,22,24,56,12,38,26,31,41,50,38,29,90,45,37,26,27,53,13,38,30,30,41
202110120000,50,33,29,78,38,30,21,23,55,12,34,23,29,39,48,35,29,78,40,32,25,26,52,12,34,27,28,39
202110120015,44,32,24,73,33,26,18,21,55,13,33,23,24,38,42,33,24,73,35,28,22,24,52,13,33,27,23,38
202110120030,40,31,24,67,32,29,16,19,48,10,31,18,21,39,38,32,24,68,34,30,19,22,45,10,30,22,20,39
202110120045,36,27,19,63,27,26,15,19,45,8,26,17,20,36,34,28,20,64,29,27,18,22,43,8,26,21,19,35
202110120100,36,26,17,55,26,25,15,18,42,8,23,17,17,32,34,27,18,56,28,26,18,21,40,8,23,20,17,31
202110120115,34,27,16,55,26,27,13,17,40,5,24,16,18,27,32,28,16,56,28,28,16,19,38,5,24,19,17,27
202110120130,30,27,15,56,27,24,13,16,40,4,22,15,16,26,28,27,15,57,29,25,16,18,38,5,22,18,16,26
202110120145,29,25,16,55,25,24,11,15,37,5,21,15,14,23,27,26,16,56,27,25,14,17,35,5,21,17,14,23
202110120200,29,22,16,58,25,26,12,15,35,6,20,13,14,24,27,23,16,58,27,26,14,17,33,6,20,15,14,24
202110120215,27,23,16,54,22,22,8,16,34,4,19,14,12,23,25,24,16,54,24,23,11,18,32,4,19,16,12,23
202110120230,26,20,17,53,21,21,8,15,34,5,22,16,13,25,24,21,17,53,23,22,11,17,32,5,21,18,13,25
202110120245,25,20,16,50,20,20,9,18,34,4,18,14,14,23,23,21,16,50,22,21,11,20,32,4,18,16,14,23
202110120300,25,23,18,50,20,20,8,17,33,5,21,17,12,23,23,23,18,50,22,21,11,19,31,5,20,19,12,23
202110120315,20,21,13,49,20,18,9,12,32,4,17,20,4,22,18,21,13,49,22,19,11,14,30,4,16,22,5,22
202110120330,19,19,14,46,19,18,9,11,31,4,16,16,6,25,17,19,14,46,21,19,11,13,29,4,15,19,7,24
202110120345,20,22,12,45,18,17,9,11,30,5,15,17,6,26,18,22,13,45,20,18,11,14,28,5,14,20,7,25
202110120400,18,26,11,50,18,20,8,11,33,5,16,16,5,24,16,25,11,50,20,21,11,13,31,5,15,19,6,23
202110120415,9,23,12,48,19,19,0,13,32,6,16,12,4,23,8,22,12,47,20,20,4,15,29,6,15,15,5,22
202110120430,8,25,12,52,17,19,0,13,31,5,18,12,4,23,7,24,12,51,18,20,3,15,29,5,17,15,5,22
202110120445,7,26,12,49,16,19,0,13,29,4,16,13,5,20,6,24,12,48,17,20,3,15,27,4,15,15,6,20
202110120500,21,20,11,43,15,19,10,16,30,4,18,13,11,18,19,21,11,44,17,20,12,18,29,4,18,15,11,17
202110120515,21,18,10,47,16,18,11,15,30,5,18,13,9,20,19,19,10,47,18,19,13,17,29,5,17,15,9,19
202110120530,23,22,14,46,17,19,11,14,29,5,18,13,12,23,21,22,14,47,19,20,13,16,28,5,18,15,12,23
202110120545,24,24,16,53,14,20,10,18,33,8,18,16,13,23,22,24,16,53,16,21,12,20,31,8,18,18,13,23
202110120600,27,21,16,54,15,21,14,22,35,8,23,17,14,27,25,22,16,54,17,22,16,24,33,8,22,20,14,26
202110120615,32,23,19,51,14,23,15,22,39,9,27,21,17,27,29,24,19,52,17,24,17,24,37,9,26,23,17,27
202110120630,35,26,21,57,20,24,14,27,42,15,30,25,16,31,33,27,21,58,23,25,17,29,40,15,29,28,17,31
202110120645,38,27,25,58,23,27,14,34,40,17,27,28,21,34,36,28,25,59,26,28,17,36,38,17,27,31,21,34
202110120700,35,31,28,63,27,32,20,42,47,27,31,27,21,34,33,32,28,63,29,33,23,44,45,27,30,30,21,34
202110120715,41,34,32,63,32,31,19,41,44,31,38,31,21,41,39,35,32,64,34,31,21,43,42,30,37,34,22,41
202110120730,44,34,36,69,36,41,19,48,48,28,40,35,20,41,42,35,36,70,38,40,22,50,46,27,38,38,21,41
202110120745,46,35,31,68,42,40,21,48,42,27,36,39,22,37,44,36,31,69,44,39,23,50,40,26,35,41,23,37
202110120800,50,37,33,62,45,42,17,47,42,34,36,35,18,39,48,38,33,64,47,41,20,49,40,33,34,38,19,39
202110120815,46,36,28,57,40,35,14,38,37,30,33,27,21,34,44,37,28,59,42,34,16,40,35,29,32,30,21,34
202110120830,44,34,25,56,37,35,13,36,39,28,25,23,20,30,42,35,25,57,39,34,16,38,37,27,25,26,20,30
202110120845,35,28,22,51,42,30,11,35,36,23,25,21,21,32,34,29,22,52,43,30,14,37,34,22,25,24,21,32
202110120900,36,23,24,57,34,30,9,27,32,23,22,21,20,31,34,25,24,58,36,29,11,29,30,22,22,24,20,31
202110120915,33,27,25,60,32,24,11,30,33,24,23,27,22,29,32,28,25,60,34,24,13,32,31,23,23,29,22,29
202110120930,39,28,26,56,35,26,14,35,31,28,22,24,19,27,37,29,26,57,37,26,16,37,30,27,22,26,19,28
202110120945,43,26,22,59,38,25,16,34,30,33,23,21,23,25,41,28,22,60,40,25,17,36,29,32,23,23,22,25
202110121000,44,25,25,63,41,25,15,36,32,31,27,16,22,23,42,27,24,64,43,25,17,37,31,30,27,18,21,24
202110121015,39,24,26,60,38,24,16,37,30,28,25,24,23,23,38,26,25,61,40,24,17,38,29,27,25,26,23,24
202110121030,42,29,25,57,37,24,12,34,30,28,26,19,26,21,41,30,24,58,39,24,14,35,29,27,26,21,25,22
202110121045,49,28,21,63,41,28,15,36,31,32,32,17,27,22,47,30,20,64,43,28,17,37,30,31,32,19,26,22
202110121100,45,29,20,71,40,23,16,35,28,30,31,22,29,26,43,31,20,71,42,23,17,37,27,29,31,24,28,26
202110121115,51,31,22,67,42,25,16,38,34,30,25,19,28,27,49,33,22,68,44,25,18,40,33,29,26,22,27,27
202110121130,52,35,24,67,41,28,17,39,39,32,25,25,26,27,50,37,24,68,43,28,19,40,37,31,26,27,25,27
202110121145,59,43,24,78,38,31,18,37,40,30,25,28,32,33,57,44,24,79,41,31,20,39,38,29,26,31,31,33
202110121200,68,50,26,85,45,31,16,45,46,33,27,27,30,33,66,52,26,86,48,32,19,47,44,32,28,30,29,33
202110121215,71,45,23,92,44,34,16,44,42,27,27,28,28,28,68,47,23,93,47,34,19,45,40,26,28,30,27,28
202110121230,69,47,30,81,48,34,13,45,37,25,28,28,24,25,67,49,29,83,51,33,15,46,35,24,28,30,24,26
202110121245,67,45,28,74,42,34,15,40,33,27,27,29,22,25,64,47,27,76,45,33,17,41,32,26,27,31,22,26
202110121300,60,47,30,76,48,35,11,36,36,28,25,21,23,22,58,48,29,77,50,34,13,37,34,27,25,23,22,23
202110121315,57,39,23,67,42,28,11,38,34,30,24,25,24,24,55,41,22,69,45,28,13,39,32,29,24,27,24,24
202110121330,50,38,21,67,43,24,10,36,32,29,29,26,25,24,48,39,21,68,45,24,12,37,30,28,29,28,25,24
202110121345,52,35,20,69,43,25,10,37,31,27,31,21,28,22,50,37,19,70,45,25,12,38,29,26,31,23,27,22
202110121400,48,34,24,64,41,30,11,38,27,30,30,17,26,22,46,35,23,65,43,29,13,39,26,28,30,19,25,23
202110121415,47,33,27,66,41,27,9,35,29,32,24,17,24,22,45,34,26,67,43,27,11,36,28,30,24,19,23,23
202110121430,46,30,26,61,35,26,13,34,29,31,24,17,24,23,44,32,25,62,37,26,15,35,28,30,24,19,23,24
202110121445,42,27,23,65,38,26,12,37,29,31,25,18,22,23,40,29,22,66,40,26,14,38,28,30,25,20,21,23
202110121500,39,27,26,67,42,25,13,37,35,33,23,18,23,23,38,28,25,67,43,26,15,38,33,32,23,20,22,24
202110121515,43,32,24,70,44,24,13,42,32,37,30,18,26,20,42,33,23,71,45,24,15,43,31,35,30,20,25,21
202110121530,47,29,22,78,41,24,13,42,29,36,27,16,22,21,45,31,21,78,43,24,15,43,28,34,27,18,21,21
202110121545,53,29,22,76,45,22,13,40,31,39,23,19,20,21,51,31,21,77,47,23,15,41,30,37,23,21,20,21
202110121600,57,27,24,77,51,25,12,40,32,35,27,20,21,27,55,30,24,78,53,25,14,41,30,33,27,23,21,27
202110121615,56,31,21,70,53,24,16,33,32,33,26,18,23,25,55,33,21,71,55,24,18,35,31,32,26,20,22,25
202110121630,52,38,26,67,54,22,14,40,35,35,28,25,26,19,51,39,25,69,55,23,16,41,33,34,28,26,25,20
202110121645,59,31,30,67,56,26,15,55,38,36,30,39,29,25,57,34,29,69,58,27,17,56,36,35,30,40,29,26
202110121700,68,36,33,70,59,30,15,61,40,40,34,38,26,24,66,39,32,72,61,30,18,61,38,38,34,39,27,25
202110121715,66,43,34,71,59,34,15,69,50,39,32,43,28,33,64,45,33,73,61,35,19,70,47,37,32,44,29,34
202110121730,73,46,34,73,57,39,14,69,52,32,33,40,32,32,70,48,33,75,60,39,18,70,49,31,34,41,32,33
202110121745,74,57,42,80,74,48,15,69,56,38,38,42,28,37,72,58,41,82,76,48,19,70,52,36,38,44,29,38
202110121800,89,65,39,85,84,47,19,66,53,31,44,41,35,38,87,67,38,88,86,46,22,67,50,30,44,43,35,39
202110121815,95,70,42,82,77,57,20,67,61,32,54,46,32,42,93,72,41,86,80,56,24,68,57,31,52,48,33,43
202110121830,103,74,41,97,71,62,24,58,62,28,53,38,36,44,100,76,41,100,75,60,28,60,59,27,52,41,35,45
202110121845,108,78,47,92,81,61,25,54,63,28,54,42,37,49,105,80,46,96,84,59,29,56,60,28,53,45,37,50
202110121900,114,79,49,92,82,57,22,56,62,25,52,47,37,50,111,82,48,96,86,56,26,58,58,25,51,50,37,51
202110121915,118,81,44,96,75,61,23,51,63,26,52,46,36,48,115,84,43,101,79,60,27,53,60,26,51,49,36,49
202110121930,124,84,44,96,75,65,26,48,62,27,49,43,33,43,120,87,43,101,80,63,30,50,59,27,48,46,33,44
202110121945,118,81,48,97,72,66,26,50,61,24,54,44,28,58,114,84,48,102,77,64,30,53,58,24,52,49,29,59
202110122000,119,81,43,91,69,60,31,48,70,24,52,43,25,56,115,84,43,96,74,59,35,51,67,24,50,47,26,56
202110122015,116,69,47,93,68,53,33,46,65,25,48,45,26,54,112,73,47,97,73,53,36,49,62,25,46,49,27,55
202110122030,106,70,51,91,62,61,31,48,69,24,44,39,25,52,102,73,50,95,66,60,35,50,66,24,43,43,26,53
202110122045,100,68,45,89,63,61,27,46,69,23,44,42,27,51,96,71,45,92,67,60,31,48,65,23,43,46,28,52
202110122100,94,67,49,93,59,58,28,45,69,25,47,38,27,50,91,69,48,96,63,57,32,47,65,25,45,42,27,51
202110122115,97,60,46,91,62,51,27,44,73,25,49,35,29,52,94,63,46,94,66,52,32,47,69,25,47,39,29,53
202110122130,93,56,46,91,53,46,26,49,68,22,50,39,29,52,90,59,46,94,57,47,30,51,64,22,48,43,29,53
202110122145,88,58,45,94,59,41,30,46,69,23,49,37,30,51,85,60,45,96,63,43,34,48,65,23,48,41,30,52
202110122200,84,53,50,96,53,42,35,49,66,25,46,36,35,48,81,56,49,98,57,43,38,51,63,26,46,40,34,49
202110122215,76,48,48,94,53,40,33,50,69,25,50,35,30,48,73,51,47,96,56,42,37,52,66,25,48,39,30,49
202110122230,73,54,43,97,52,35,35,43,63,22,49,31,31,49,70,56,43,98,55,37,38,46,61,23,48,35,30,50
202110122245,64,47,40,96,52,35,33,40,59,20,48,31,31,45,62,48,40,97,54,36,35,42,57,21,47,35,30,46
202110122300,61,41,43,91,45,33,31,35,60,22,41,27,24,46,59,43,42,92,48,35,34,38,58,23,40,31,24,47
202110122315,55,40,40,83,42,33,33,33,55,21,35,28,25,47,53,41,40,84,44,34,35,36,53,22,34,32,25,48
202110122330,55,38,39,86,40,30,33,31,50,19,39,25,24,40,53,39,38,87,43,31,35,33,49,20,38,29,24,41
202110122345,52,36,33,88,32,23,29,30,53,18,34,21,24,40,50,37,33,88,35,26,31,33,51,19,33,25,23,41
202110130000,46,33,32,80,28,23,27,27,49,16,34,21,22,40,44,34,32,80,31,25,29,30,47,17,33,25,22,40
202110130015,42,27,30,71,32,26,25,22,45,14,31,20,20,37,40,29,30,71,34,27,27,25,43,15,30,24,20,37
202110130030,40,25,25,61,29,25,21,21,45,12,24,18,18,32,38,26,25,62,31,26,23,23,43,12,24,21,18,32
202110130045,37,23,25,55,28,25,24,19,40,10,28,18,19,28,35,25,24,56,30,26,26,21,39,11,27,21,19,28
202110130100,39,25,23,53,22,24,21,19,39,7,20,18,17,29,37,27,23,54,25,25,23,21,37,8,20,21,17,29
202110130115,35,25,22,54,19,23,20,19,34,3,22,15,14,26,32,26,22,55,22,24,21,21,33,4,21,18,14,26
202110130130,36,24,24,46,16,23,18,19,32,3,23,14,16,22,33,25,23,47,19,23,19,21,31,4,22,16,15,23
202110130145,34,20,27,45,19,21,17,17,31,3,22,11,13,22,31,22,26,46,22,22,18,19,30,4,21,14,12,23
202110130200,33,19,25,44,19,21,16,17,38,3,24,10,13,22,31,21,24,45,22,22,18,19,36,4,23,13,12,23
202110130215,32,20,24,36,16,17,13,19,41,4,23,13,15,21,30,21,23,38,19,19,16,21,39,5,22,15,15,22
202110130230,31,17,22,37,16,17,12,18,39,3,22,13,12,19,29,19,21,39,19,19,15,20,37,4,21,15,12,20
202110130245,30,14,20,36,14,16,12,21,35,3,21,10,13,17,28,16,19,38,17,18,14,23,33,4,20,12,13,17
202110130300,26,15,24,39,16,18,10,18,36,5,23,11,15,19,24,17,23,40,18,19,13,20,34,5,22,13,14,20
202110130315,24,15,13,34,19,17,11,12,33,6,16,14,4,20,22,16,13,35,21,18,13,14,31,6,15,16,5,20
202110130330,24,16,12,36,20,17,11,14,34,5,16,12,5,19,22,17,12,37,22,18,13,16,32,5,15,14,5,19
202110130345,22,15,13,36,16,15,10,13,34,4,16,11,4,20,20,16,13,37,18,17,12,15,32,4,15,13,4,20
202110130400,21,19,13,37,17,19,10,14,37,3,15,10,3,22,19,19,13,38,19,20,13,16,35,3,14,13,4,21
202110130415,11,18,14,39,15,18,0,14,34,4,12,9,3,20,9,18,14,39,17,19,4,16,31,4,11,12,3,20
202110130430,12,17,13,38,16,18,0,13,32,4,13,9,4,21,10,17,13,38,17,19,4,15,29,4,12,12,4,20
202110130445,11,18,13,37,16,19,0,13,35,4,16,11,5,18,10,18,13,37,17,20,4,15,32,4,15,13,5,18
202110130500,23,15,20,34,11,18,9,18,32,6,18,13,10,17,21,16,19,35,14,19,11,20,30,6,17,15,10,17
202110130515,23,14,19,34,13,15,10,16,31,4,15,12,8,15,21,15,18,35,15,17,12,18,29,4,14,14,8,16
202110130530,22,16,19,38,13,17,10,17,28,4,15,12,9,16,20,17,18,39,15,18,12,19,27,4,15,14,9,16
202110130545,22,16,22,38,14,20,11,18,32,7,17,11,9,16,20,17,21,39,16,21,13,20,30,7,16,13,9,17
202110130600,27,19,19,42,13,22,17,19,30,11,24,11,11,20,25,20,18,43,16,22,18,21,29,11,23,13,11,20
202110130615,31,17,20,45,16,21,14,21,34,10,24,16,12,22,29,19,19,46,19,22,16,23,32,10,23,18,12,22
202110130630,30,22,24,46,17,23,17,27,33,14,27,20,14,28,28,23,24,47,20,23,19,29,32,14,26,23,14,28
202110130645,33,21,20,52,18,22,19,41,37,21,27,21,18,29,31,22,20,53,21,23,21,43,36,21,26,24,18,29
202110130700,34,25,28,56,20,25,22,40,43,26,29,23,19,31,32,26,27,57,23,26,24,42,41,26,28,26,19,32
202110130715,40,28,33,50,27,29,21,43,43,24,36,33,18,34,38,29,32,51,29,30,23,45,41,24,35,35,19,35
202110130730,41,31,31,51,31,35,20,51,45,26,38,36,21,39,39,32,31,52,33,35,22,53,43,25,37,39,22,39
202110130745,45,35,31,53,40,35,19,51,44,25,34,37,22,38,43,36,31,55,42,35,22,53,42,24,33,40,23,38
202110130800,49,47,31,60,45,34,15,54,40,32,32,37,24,37,48,47,31,62,47,34,18,55,38,31,32,39,25,37
202110130815,50,39,24,55,36,35,10,46,37,28,30,27,24,32,48,40,24,57,38,34,13,47,35,27,30,29,24,32
202110130830,41,38,26,50,36,32,16,40,33,29,32,23,24,27,39,38,25,52,38,31,18,41,32,28,32,25,23,27
202110130845,41,28,25,53,32,23,14,37,32,27,28,27,24,24,39,29,24,54,34,23,16,38,31,26,28,29,24,25
202110130900,40,34,26,55,28,28,12,36,33,29,30,25,27,22,38,35,25,56,30,28,14,37,31,28,30,26,26,23
202110130915,38,26,21,59,28,26,15,37,36,32,28,24,33,23,36,27,21,60,30,27,17,38,34,31,29,26,32,23
202110130930,36,30,23,53,29,23,15,39,31,32,28,23,32,24,34,31,22,54,31,23,17,40,30,31,29,25,31,24
202110130945,36,29,21,51,32,25,15,44,31,33,29,24,33,22,34,30,20,52,34,25,17,45,30,32,30,25,32,22
202110131000,38,31,25,56,33,27,13,40,33,30,27,28,36,21,36,32,24,57,35,27,15,41,32,29,29,29,35,22
202110131015,42,30,25,59,35,24,13,42,27,30,30,24,29,20,40,31,24,60,37,24,14,43,26,29,30,25,28,21
202110131030,40,38,28,54,36,21,10,35,29,28,28,23,33,21,38,38,27,55,38,21,12,36,28,27,29,24,32,22
202110131045,43,32,25,57,35,21,13,33,28,32,30,21,33,24,41,33,24,58,37,21,15,34,27,31,31,23,31,24
202110131100,47,35,24,62,35,25,15,34,32,28,28,29,32,23,45,36,23,63,37,25,17,35,31,27,29,30,31,23
202110131115,46,34,23,66,35,26,16,39,32,23,29,28,30,23,44,35,22,67,37,26,18,40,31,22,30,29,29,23
202110131130,47,39,23,62,34,33,17,39,35,25,29,30,28,23,45,40,22,63,36,32,19,40,34,24,29,31,28,24
202110131145,58,51,25,66,38,36,15,39,39,28,29,28,30,23,55,51,24,68,41,35,17,40,37,27,30,29,29,24
202110131200,64,57,25,77,36,43,17,38,39,31,33,27,36,24,61,57,24,79,39,42,19,39,37,30,34,29,35,25
202110131215,66,54,24,74,39,47,15,39,43,31,31,29,33,25,63,55,23,76,42,45,18,40,41,30,32,31,32,25
202110131230,74,48,25,77,43,38,13,38,42,29,31,25,26,33,71,50,25,79,47,37,16,40,40,28,31,28,25,33
202110131245,65,39,23,73,38,36,15,33,33,26,29,25,28,35,62,41,23,75,41,35,17,35,32,25,29,28,27,35
202110131300,62,43,21,71,44,29,13,38,35,27,31,22,27,27,60,45,21,73,47,29,15,39,33,26,31,24,26,27
202110131315,57,43,22,67,42,28,14,39,32,31,30,27,29,28,54,44,22,69,45,28,16,40,30,30,30,29,28,28
202110131330,54,40,19,65,39,27,13,36,27,29,32,28,29,21,52,41,19,67,42,26,14,37,26,28,32,29,28,21
202110131345,53,43,19,68,38,29,15,35,29,31,30,26,29,23,51,44,19,69,41,28,16,36,28,30,30,28,28,23
202110131400,49,39,19,66,38,34,14,38,35,38,40,31,31,25,47,40,19,67,40,33,16,39,33,36,40,32,30,25
202110131415,47,35,22,60,36,26,13,35,32,36,35,29,32,23,45,36,21,61,38,26,15,36,30,34,35,30,31,23
202110131430,47,34,25,60,31,25,12,34,27,33,33,25,29,22,45,35,24,61,34,25,13,35,26,32,33,26,28,23
202110131445,53,31,24,53,35,31,14,33,31,30,24,26,27,22,51,33,23,55,38,30,16,34,30,29,25,27,26,23
202110131500,49,30,24,55,40,28,15,32,33,31,30,31,28,21,47,32,23,57,42,28,17,33,32,30,30,32,28,22
202110131515,53,29,21,56,45,24,13,26,32,33,31,25,30,22,51,31,20,58,47,24,15,28,31,32,31,26,29,22
202110131530,53,31,22,56,46,26,14,28,37,28,31,27,34,21,51,33,21,58,48,26,16,29,35,27,32,28,33,22
202110131545,47,30,18,54,41,26,14,30,37,27,29,25,32,23,45,32,18,56,43,26,16,32,35,26,30,27,31,23
202110131600,51,31,20,54,42,30,15,34,38,30,35,28,27,26,49,33,20,56,44,30,17,35,36,29,35,30,26,26
202110131615,53,35,22,56,44,27,16,40,36,30,33,30,27,25,51,37,22,58,46,27,18,41,35,29,33,32,27,25
202110131630,53,34,26,57,52,28,17,47,40,30,33,29,33,27,51,36,25,59,54,29,19,48,38,29,34,31,32,28
202110131645,54,37,27,55,51,34,16,56,42,29,35,40,29,29,52,39,26,57,53,34,19,57,40,28,35,41,29,30
202110131700,62,40,27,62,53,36,15,52,40,29,39,37,30,34,60,42,27,64,55,35,17,53,38,28,39,39,30,34
202110131715,64,41,30,61,51,32,19,63,45,33,39,39,32,35,62,43,30,64,53,32,22,64,43,32,39,41,32,35
202110131730,72,47,35,62,54,40,21,71,48,30,40,38,33,35,70,49,34,65,57,40,24,72,46,29,40,40,33,36
202110131745,88,55,39,67,70,46,21,64,53,28,39,36,33,46,86,58,39,71,73,46,24,65,50,27,39,40,33,47
202110131800,95,65,41,71,78,47,20,66,57,34,45,43,35,47,93,67,41,75,81,47,24,67,54,33,45,46,35,47
202110131815,103,70,38,77,83,47,20,66,58,32,45,41,38,47,101,72,38,81,86,47,24,67,55,31,45,44,38,47
202110131830,121,68,40,82,73,55,23,57,61,33,46,37,36,47,117,72,40,87,78,54,27,59,58,32,46,41,35,48
202110131845,123,80,45,88,88,55,25,55,63,33,47,36,39,48,120,83,44,93,92,54,29,57,60,32,47,40,38,49
202110131900,124,81,43,97,84,57,28,62,60,31,53,36,43,54,121,84,43,102,88,56,31,64,57,31,53,40,42,55
202110131915,125,73,48,101,77,55,29,51,61,30,56,35,40,55,121,77,48,106,82,54,32,53,58,30,55,40,39,56
202110131930,117,78,49,95,78,53,29,56,67,29,58,39,41,52,114,81,48,100,82,53,33,58,64,29,57,43,40,53
202110131945,109,68,51,90,76,56,27,57,71,27,58,36,43,52,106,71,50,94,80,56,32,59,67,27,57,40,42,53
202110132000,109,67,55,98,70,55,27,56,70,26,70,38,38,57,106,70,54,102,74,55,31,58,66,26,67,43,37,59
202110132015,105,60,46,90,60,61,27,53,66,28,67,41,37,56,101,64,46,94,65,60,31,55,63,28,64,46,37,57
202110132030,97,64,49,94,60,55,27,47,64,26,68,45,37,55,94,67,49,97,64,54,31,50,61,26,65,49,37,56
202110132045,102,59,49,95,56,50,28,44,68,30,65,42,42,60,98,63,49,98,61,50,32,47,65,30,63,47,41,61
202110132100,97,56,44,97,55,51,31,43,65,29,57,38,42,59,94,60,44,100,59,51,34,46,62,29,56,43,41,59
202110132115,93,50,47,104,55,50,33,41,69,26,58,36,46,59,89,54,47,106,59,51,36,44,66,26,58,41,44,60
202110132130,89,50,46,95,53,48,29,43,71,22,61,39,46,70,86,54,47,97,57,49,33,47,67,22,60,45,45,69
202110132145,84,54,51,92,51,52,26,43,70,19,63,37,36,63,81,57,51,94,55,52,31,46,66,19,61,43,36,63
202110132200,85,52,50,83,48,46,28,41,69,23,52,38,41,61,82,55,50,86,52,47,32,44,65,23,52,43,40,62
202110132215,77,45,50,90,48,47,31,36,63,24,51,38,46,57,74,48,50,92,51,47,34,39,60,24,51,43,44,58
202110132230,78,36,46,90,46,43,30,35,65,22,55,35,45,60,75,40,46,92,50,44,33,38,62,22,55,40,43,60
202110132245,77,35,43,89,41,44,28,34,57,22,49,38,39,60,74,39,43,91,45,44,31,37,54,22,49,43,38,60
202110132300,69,34,40,91,38,35,25,28,58,17,44,33,30,54,66,37,40,92,42,37,28,31,55,17,43,38,30,54
202110132315,61,38,36,87,37,34,28,29,61,14,43,31,28,50,58,40,36,88,40,36,31,32,58,15,42,35,28,50
202110132330,57,38,36,82,35,33,24,25,52,18,39,30,26,51,54,40,36,83,38,34,27,28,50,18,38,35,26,51
202110132345,49,37,33,67,38,29,21,23,50,15,39,28,22,49,47,38,33,68,40,31,24,26,48,15,38,33,22,49
202110140000,49,36,26,67,34,26,18,23,52,12,37,21,22,47,47,37,27,68,37,28,22,26,49,12,36,26,21,46
202110140015,49,32,28,62,30,24,16,21,47,12,35,17,22,40,46,34,28,63,33,26,19,24,44,12,34,21,21,40
202110140030,48,29,25,61,24,23,13,21,44,11,31,15,20,37,45,31,25,62,27,25,16,24,41,11,30,19,19,37
202110140045,46,27,23,55,24,20,14,20,45,11,29,14,17,31,44,29,23,57,27,22,17,22,43,11,28,17,16,31
202110140100,45,26,21,51,21,18,12,16,49,11,27,15,15,33,42,28,21,53,24,21,16,19,46,11,26,19,15,32
202110140115,40,29,22,50,20,20,11,16,49,9,26,14,14,28,37,30,22,52,23,22,15,18,46,9,25,17,14,28
202110140130,36,24,22,48,20,18,11,17,46,8,25,12,12,28,33,25,22,49,23,20,15,19,43,8,24,15,12,28
202110140145,33,25,18,45,19,19,11,17,40,8,23,14,13,25,31,26,18,46,22,21,14,19,38,8,22,17,13,25
202110140200,32,23,21,45,16,17,12,14,40,7,20,14,12,24,29,24,21,46,19,19,15,16,38,7,19,16,12,24
202110140215,28,21,17,45,17,15,9,15,38,4,19,14,12,24,26,22,17,46,19,17,12,17,36,4,19,16,12,24
202110140230,28,23,17,45,16,15,9,17,37,4,22,14,13,21,26,24,17,46,18,17,12,19,35,4,21,16,13,21
202110140245,27,25,17,45,17,15,10,16,36,4,19,14,11,23,25,25,17,46,19,17,13,18,34,4,18,17,11,23
202110140300,27,22,17,45,17,17,11,18,37,4,21,13,10,25,25,23,17,46,19,19,14,20,35,5,20,16,10,25
202110140315,27,21,17,44,18,10,8,17,35,3,20,12,10,23,25,22,17,45,20,12,11,19,33,3,19,15,10,23
202110140330,26,21,15,42,18,9,8,18,40,3,17,11,8,22,24,22,15,43,20,12,11,20,37,3,16,14,8,22
202110140345,24,24,16,41,14,11,8,16,36,3,18,12,10,21,22,24,16,42,16,14,11,18,34,3,17,14,10,21
202110140400,26,25,17,43,14,9,9,15,34,3,18,13,12,21,24,25,17,44,16,11,12,17,32,3,18,15,12,21
202110140415,25,22,14,40,14,9,8,15,33,2,14,9,10,23,23,22,14,41,16,11,10,17,31,2,14,12,10,23
202110140430,26,22,14,44,13,12,8,15,31,3,16,8,9,24,24,23,14,45,15,14,10,17,29,3,15,11,9,23
202110140445,28,22,14,45,13,11,7,15,33,3,15,10,9,25,26,23,14,46,16,13,10,17,31,3,15,13,9,24
202110140500,28,22,16,41,14,11,11,14,34,6,15,11,10,23,26,23,16,42,17,13,13,16,32,6,15,14,10,23
202110140515,28,19,15,43,13,11,10,14,34,5,13,11,12,18,26,20,15,44,16,13,13,16,32,5,13,13,12,18
202110140530,27,19,17,44,13,12,11,15,32,6,14,8,13,20,25,20,17,45,16,14,13,17,30,6,14,11,12,20
202110140545,31,22,17,42,12,14,13,14,33,9,18,9,14,21,28,23,17,43,15,16,15,16,32,9,18,12,13,21
202110140600,31,23,17,43,12,15,11,18,39,12,21,17,14,23,29,24,17,44,15,17,14,20,37,12,21,19,14,23
202110140615,32,24,18,47,12,16,12,21,42,14,23,15,15,24,29,25,18,48,15,18,15,23,39,14,22,17,15,24
202110140630,36,29,22,50,16,19,16,25,44,13,23,19,19,29,34,30,22,51,19,21,19,27,42,13,23,22,19,29
202110140645,35,30,23,49,18,19,19,33,45,21,29,24,20,34,33,31,23,50,21,21,22,35,43,21,28,27,20,34
202110140700,37,31,27,50,19,25,18,39,55,29,27,26,25,34,34,32,27,51,22,27,22,41,52,28,27,29,25,34
202110140715,41,31,28,56,24,29,18,44,52,25,28,33,27,37,38,32,28,57,27,31,22,46,49,24,28,36,27,37
202110140730,48,35,30,54,28,33,16,50,50,30,28,36,27,41,45,36,30,56,31,34,20,52,47,29,28,39,27,41
202110140745,44,39,29,58,37,37,20,52,53,26,32,40,27,47,42,40,30,59,39,38,23,54,50,26,32,43,28,47
202110140800,43,41,31,68,43,34,17,50,48,28,35,39,23,49,42,41,32,69,45,34,20,52,45,27,34,43,24,49
202110140815,48,37,28,63,32,30,14,43,43,31,34,33,23,39,46,38,28,64,35,31,17,45,41,30,33,36,24,39
202110140830,45,32,27,62,35,27,14,39,38,29,30,32,23,35,43,33,27,63,37,27,16,41,36,28,30,35,23,35
202110140845,44,28,21,64,34,25,12,34,38,26,28,30,25,24,42,30,21,65,36,26,15,36,36,25,28,31,25,24
202110140900,50,27,21,61,32,22,10,35,33,25,21,34,24,22,47,29,20,63,35,23,12,36,31,24,22,35,25,22
202110140915,46,28,25,64,31,21,9,39,30,25,25,33,26,25,44,30,24,65,34,21,11,40,28,24,26,34,26,25
202110140930,44,28,22,64,32,22,11,40,34,24,23,31,25,26,42,30,22,65,35,23,13,41,32,23,24,33,25,26
202110140945,43,24,22,59,38,22,13,38,26,28,24,31,26,25,41,26,22,60,40,22,14,39,25,27,25,32,26,25
202110141000,46,22,21,61,40,21,14,35,26,29,27,30,28,23,44,24,21,62,42,21,15,36,25,28,28,31,28,23
202110141015,44,27,19,68,43,22,14,39,27,27,28,27,27,20,43,29,18,69,45,22,15,40,26,26,28,28,27,20
202110141030,41,27,24,65,39,21,12,40,26,32,23,26,22,23,39,28,23,66,41,21,13,41,25,31,23,28,22,24
202110141045,40,25,26,60,40,21,12,32,25,31,24,26,24,24,38,27,25,61,42,21,13,34,24,30,24,28,24,25
202110141100,49,31,23,63,47,20,13,34,29,30,24,29,29,22,48,33,22,64,49,20,15,35,28,29,25,30,29,22
202110141115,56,36,24,65,44,23,11,37,27,29,19,28,33,21,54,38,23,67,46,23,13,38,26,28,21,29,32,22
202110141130,62,35,21,71,44,26,14,37,33,28,23,31,27,24,60,38,21,73,47,26,16,38,32,27,24,32,27,24
202110141145,70,42,21,73,41,33,18,33,34,31,25,34,32,25,67,45,21,75,45,32,20,35,33,30,26,35,32,25
202110141200,80,44,23,78,49,36,15,43,33,29,29,30,29,24,77,47,23,81,53,35,17,44,32,28,29,31,28,24
202110141215,74,54,25,88,39,39,15,44,37,22,26,30,28,29,71,55,25,90,43,38,17,45,35,22,27,32,28,29
202110141230,73,52,26,91,41,32,14,42,41,24,28,32,30,26,70,54,25,92,45,32,17,43,39,23,29,33,30,27
202110141245,67,48,26,82,42,30,14,38,41,24,28,30,28,28,64,50,25,84,45,30,17,40,39,23,28,32,28,28
202110141300,63,43,26,76,43,33,14,36,38,27,29,26,28,27,60,45,25,78,46,33,16,38,36,26,29,28,27,27
202110141315,65,43,22,74,42,31,12,36,36,27,26,30,26,30,62,45,22,76,45,31,15,38,34,26,26,32,26,30
202110141330,58,38,19,74,40,28,10,39,28,27,24,33,26,23,55,40,19,75,43,27,12,40,27,26,25,34,26,23
202110141345,46,30,16,71,40,30,14,34,29,25,25,29,22,19,44,32,16,72,42,29,15,35,28,24,25,30,22,19
202110141400,47,30,20,70,46,34,12,33,30,31,27,28,26,19,46,32,19,71,48,33,14,34,29,30,27,29,26,19
202110141415,53,27,19,66,42,33,11,34,33,30,27,31,24,19,51,30,19,67,44,32,13,35,31,29,27,32,24,19
202110141430,49,25,20,68,42,25,12,34,30,28,29,30,19,21,47,27,20,69,44,25,14,35,29,27,28,31,20,21
202110141445,51,30,22,67,45,26,16,35,31,26,28,29,22,23,49,32,21,68,47,26,17,36,30,25,28,30,22,23
202110141500,47,32,24,74,48,25,15,34,32,24,32,26,25,23,46,33,23,75,49,25,17,35,31,23,32,28,25,23
202110141515,41,32,20,75,50,26,19,34,32,25,32,30,26,22,40,33,20,75,51,26,20,35,31,25,32,31,26,22
202110141530,50,33,24,68,44,23,19,36,34,25,32,34,23,20,48,35,23,69,46,24,20,37,33,25,31,35,24,21
202110141545,53,28,24,70,46,19,16,35,31,24,34,33,19,19,51,30,23,71,48,20,17,36,30,23,33,33,20,20
202110141600,54,32,24,74,51,24,15,37,32,30,32,30,25,20,52,34,23,75,53,24,17,38,31,29,32,31,25,21
202110141615,53,32,22,73,47,21,17,38,34,28,34,29,27,21,51,34,21,74,49,22,19,39,33,27,34,30,27,21
202110141630,58,34,29,72,52,25,19,45,34,28,31,25,24,23,56,36,28,74,54,25,20,46,33,27,31,27,24,24
202110141645,57,36,30,67,54,27,17,55,30,27,31,31,23,31,56,38,29,69,56,27,18,56,29,26,31,33,23,32
202110141700,58,39,34,78,59,33,15,54,36,30,33,39,19,27,57,41,33,79,60,33,17,55,34,29,32,40,20,28
202110141715,64,40,28,78,67,35,15,64,43,33,31,38,27,31,63,42,28,80,68,35,18,65,41,32,31,40,27,31
202110141730,73,41,31,75,63,37,21,73,44,31,28,36,28,35,71,44,31,77,65,37,23,74,42,30,29,38,28,35
202110141745,77,48,39,87,73,40,24,72,44,28,32,39,27,34,75,51,38,89,75,39,26,73,42,28,32,41,28,35
202110141800,87,54,43,97,80,42,20,63,43,32,37,40,31,37,85,57,42,99,82,41,22,64,41,31,37,42,31,39
202110141815,91,59,39,95,73,49,25,68,51,31,41,42,33,44,89,62,39,97,76,48,28,69,49,31,41,45,33,45
202110141830,96,59,41,96,71,53,27,68,51,30,44,41,35,45,93,62,40,99,74,51,29,69,49,30,44,44,35,46
202110141845,107,61,49,99,71,61,25,60,53,28,53,39,36,47,104,65,48,102,75,59,28,62,51,28,52,42,36,49
202110141900,110,57,52,102,80,58,27,63,60,29,53,38,37,48,107,61,51,105,83,57,30,65,57,29,52,42,36,50
202110141915,109,58,55,103,75,55,27,58,53,25,52,38,38,54,106,62,54,106,79,53,29,60,51,25,51,43,37,56
202110141930,121,62,57,106,72,52,27,54,50,21,53,36,35,55,117,67,56,110,77,50,29,56,48,21,52,41,34,57
202110141945,126,61,55,106,69,57,23,51,66,20,48,36,35,51,122,67,54,111,74,56,27,53,62,20,47,40,34,53
202110142000,121,58,53,112,69,54,26,51,75,21,47,37,32,55,117,63,52,116,74,54,31,53,71,21,46,42,32,57
202110142015,107,56,51,110,68,53,29,50,68,23,51,39,32,56,104,60,50,113,72,53,33,53,65,23,50,44,32,57
202110142030,115,55,49,106,64,55,30,52,67,26,52,35,27,58,111,60,49,110,69,54,34,55,64,26,50,40,27,59
202110142045,109,49,46,97,58,52,29,48,67,27,48,35,32,53,105,54,46,101,63,52,33,51,64,27,47,39,32,54
202110142100,96,45,44,97,51,48,26,44,65,27,53,33,33,53,92,50,44,100,56,49,30,47,62,27,52,38,32,53
202110142115,87,49,42,97,53,48,29,46,67,23,51,33,34,50,84,52,42,99,57,49,33,48,64,23,50,37,33,50
202110142130,82,50,49,94,52,46,31,43,66,21,54,31,33,53,79,53,48,96,56,47,35,46,63,21,52,36,32,54
202110142145,82,54,48,95,50,45,34,42,64,22,48,28,36,52,79,56,47,97,54,46,37,45,61,23,47,33,35,53
202110142200,84,53,53,102,48,49,29,37,66,22,49,28,37,59,80,55,53,104,52,49,33,40,63,22,48,34,36,60
202110142215,74,49,47,100,46,45,28,35,67,23,50,30,34,54,71,51,47,101,50,46,32,38,64,23,49,35,33,55
202110142230,78,46,44,99,47,40,32,32,65,24,42,29,35,51,75,49,44,100,51,41,35,35,62,24,42,34,34,52
202110142245,79,47,44,99,48,39,34,33,63,26,41,25,32,50,76,50,44,100,52,40,37,36,60,26,41,30,31,51
202110142300,76,45,40,105,44,37,28,30,63,22,40,21,28,51,73,48,40,106,48,39,32,33,60,22,39,26,27,51
202110142315,75,40,33,99,39,34,27,28,63,20,40,21,25,53,72,43,34,100,43,36,31,31,60,20,39,27,24,52
202110142330,71,36,31,94,33,33,22,24,57,18,37,22,26,49,68,39,32,95,37,35,26,27,54,18,36,27,25,49
202110142345,61,30,29,87,27,31,22,19,56,15,36,23,27,42,58,33,29,88,31,33,26,22,53,15,36,27,26,42
202110150000,54,31,27,80,29,29,24,15,53,16,29,21,21,38,51,33,27,81,32,31,27,18,51,16,29,25,21,38
202110150015,48,30,22,80,28,23,18,12,55,14,28,20,20,33,46,32,22,80,31,26,22,15,52,14,28,23,20,33
202110150030,43,27,25,73,22,25,15,11,53,13,22,21,18,31,40,29,25,73,25,27,19,14,50,13,22,24,18,31
202110150045,36,26,21,65,22,20,17,10,49,12,22,15,19,34,34,27,21,65,25,22,20,13,46,12,22,19,18,34
202110150100,33,28,20,61,19,21,15,13,52,10,20,14,17,33,31,29,20,61,22,24,19,16,49,10,20,18,16,32
202110150115,37,24,18,58,16,18,15,13,49,9,18,14,19,26,34,26,18,59,19,21,18,15,46,9,18,17,18,26
202110150130,34,21,18,51,17,20,15,13,44,10,15,13,16,24,31,23,18,52,20,22,18,15,42,10,15,16,15,24
202110150145,32,16,19,49,19,17,14,15,39,9,16,11,16,24,30,18,19,50,22,19,17,17,37,9,16,14,15,24
202110150200,30,18,19,45,18,16,13,12,42,5,14,11,15,26,28,20,19,46,20,18,16,15,40,5,14,14,14,26
202110150215,29,17,17,45,19,17,14,12,42,5,17,12,14,25,27,18,17,46,21,19,17,14,40,6,17,15,14,25
202110150230,28,18,17,45,18,17,14,12,40,4,19,11,13,26,26,19,17,46,20,19,17,14,38,5,19,14,13,26
202110150245,27,16,17,43,18,17,12,12,36,4,17,12,12,23,25,17,17,44,20,19,14,14,34,4,17,15,12,23
202110150300,29,14,18,42,16,16,13,13,38,3,19,10,12,25,27,16,18,43,19,18,15,15,36,4,19,13,12,25
202110150315,28,14,16,40,16,14,12,13,35,3,17,11,13,20,26,16,16,41,18,16,14,15,33,4,17,13,12,20
202110150330,27,13,18,41,14,16,12,12,36,3,16,11,12,19,25,15,17,42,16,18,15,14,34,3,16,13,12,19
202110150345,28,11,17,36,13,13,11,14,35,3,15,10,10,19,25,13,17,37,16,15,14,16,33,3,15,12,10,19
202110150400,27,9,17,38,15,14,10,14,34,3,15,9,11,19,25,11,17,39,17,16,13,16,32,3,15,11,11,19
202110150415,26,11,13,41,19,11,11,13,33,2,13,9,9,17,24,13,13,42,21,13,13,15,31,2,13,11,9,17
202110150430,27,10,13,41,15,12,9,15,38,3,13,9,9,18,25,12,13,42,18,14,12,17,36,3,13,11,9,18
202110150445,27,11,11,35,17,13,9,14,39,3,13,9,10,19,25,13,11,36,19,15,12,16,37,3,13,11,10,18
202110150500,26,13,16,31,15,16,13,12,35,5,17,9,9,19,24,15,16,33,17,18,15,14,33,5,16,11,9,19
202110150515,27,15,17,28,13,12,15,11,36,6,19,10,11,19,25,17,17,30,16,14,17,13,34,7,18,12,11,19
202110150530,28,14,18,35,13,13,15,12,36,7,22,10,12,19,26,16,18,37,16,15,17,14,34,8,21,12,12,19
202110150545,30,14,18,38,13,15,18,14,33,10,21,12,13,19,27,16,17,39,16,17,20,16,32,10,20,14,13,19
202110150600,33,18,16,42,14,18,21,15,36,11,24,13,13,23,30,20,16,43,17,19,22,17,35,11,23,15,13,23
202110150615,32,20,18,44,16,19,19,17,36,13,26,15,14,27,30,22,18,45,19,20,21,19,35,13,25,18,14,27
202110150630,33,24,21,42,20,24,22,25,42,12,29,18,12,31,31,25,21,43,23,25,24,27,40,13,28,21,12,31
202110150645,35,21,24,44,22,22,20,37,42,17,29,23,16,31,33,23,24,45,25,23,22,39,40,17,28,26,16,31
202110150700,39,26,27,51,24,28,18,39,43,24,35,23,22,33,37,27,27,52,27,29,20,41,41,23,34,26,22,33
202110150715,39,27,28,53,28,31,21,39,46,23,37,30,20,35,37,28,28,54,30,32,23,41,44,23,36,33,20,35
202110150730,40,30,31,61,33,35,23,49,51,26,38,29,21,35,38,31,31,62,35,36,26,50,49,26,37,32,21,35
202110150745,45,33,30,59,33,40,21,52,47,25,36,34,19,34,43,34,30,60,35,40,24,53,45,25,35,36,20,34
202110150800,48,35,34,64,45,34,22,47,49,34,38,31,24,32,46,36,33,65,47,35,25,48,47,33,37,33,24,33
202110150815,47,31,23,63,38,37,19,43,42,33,32,27,21,29,45,33,23,64,40,36,21,44,40,32,31,29,21,29
202110150830,49,30,23,60,33,31,15,38,38,29,34,23,21,23,47,32,22,62,36,31,17,39,36,28,33,25,21,23
202110150845,41,27,20,63,34,27,17,36,29,31,31,24,21,19,39,29,19,64,36,27,18,37,28,30,30,25,21,19
202110150900,39,32,20,61,34,21,14,34,30,30,29,26,23,17,37,33,19,62,36,22,16,35,29,29,29,27,23,18
202110150915,38,24,16,63,34,22,13,36,32,29,31,30,23,18,36,26,16,64,36,23,15,37,31,28,31,31,23,18
202110150930,43,26,20,64,36,24,9,35,30,29,27,26,24,21,41,28,19,65,38,24,11,36,29,28,27,27,24,21
202110150945,44,29,19,63,35,23,8,34,27,29,26,24,24,20,42,30,19,64,37,23,10,35,26,28,26,25,23,20
202110151000,50,30,19,65,32,24,10,34,30,32,27,30,23,21,48,32,19,66,35,24,12,35,29,30,27,31,23,21
202110151015,51,30,18,62,36,26,11,34,27,30,29,25,25,21,49,32,18,64,39,25,13,35,26,29,29,26,25,21
202110151030,49,30,18,59,40,22,13,38,28,30,26,30,24,22,47,32,18,61,42,22,15,39,27,29,26,31,24,22
202110151045,46,27,18,62,37,19,12,35,26,26,27,33,19,25,44,29,18,63,39,19,13,37,25,25,27,34,20,25
202110151100,47,30,20,70,36,21,12,31,26,22,33,31,28,25,45,32,20,71,38,21,13,33,25,21,33,32,28,25
202110151115,49,32,18,70,39,22,14,33,35,25,31,32,25,25,47,34,18,71,41,23,16,35,33,24,31,33,25,25
202110151130,51,32,20,68,45,24,16,36,38,28,29,28,23,21,49,34,19,69,47,25,18,37,36,27,29,29,23,21
202110151145,53,43,21,71,41,30,12,36,34,22,29,29,32,21,51,44,20,72,43,30,14,37,32,21,30,30,31,21
202110151200,58,54,21,83,48,33,14,35,42,22,29,29,35,26,56,54,21,84,50,33,17,37,40,21,30,31,34,26
202110151215,58,53,22,91,48,37,11,32,44,26,35,26,33,30,56,53,22,92,50,37,14,34,41,25,35,28,32,30
202110151230,64,54,25,82,48,35,9,33,38,27,35,26,25,28,62,55,25,83,51,35,12,35,36,26,34,28,25,28
202110151245,68,46,21,80,45,33,8,30,35,25,36,25,27,27,65,48,21,82,48,32,11,32,33,24,36,27,26,27
202110151300,57,37,21,69,46,30,9,32,28,26,33,21,25,28,55,39,21,71,48,29,11,34,27,25,33,23,24,28
202110151315,50,43,21,76,44,31,11,40,29,26,33,22,25,26,48,44,21,77,46,30,13,41,28,25,33,24,24,26
202110151330,55,41,18,79,41,25,13,35,31,26,32,22,26,28,53,42,18,80,43,25,15,37,30,25,32,24,25,28
202110151345,52,35,19,73,39,25,15,35,27,28,32,21,21,28,50,37,19,74,41,25,16,37,26,27,31,23,21,28
202110151400,55,31,21,67,44,31,13,33,31,26,30,23,18,30,53,33,21,69,46,30,15,35,30,25,29,26,18,30
202110151415,51,33,20,63,43,32,15,30,30,28,28,23,18,28,49,35,20,65,45,31,16,32,29,27,27,25,18,28
202110151430,48,29,20,60,44,30,16,30,28,26,23,23,24,23,47,31,20,61,46,29,17,32,27,25,24,25,23,23
202110151445,46,32,20,62,44,31,16,29,29,29,24,25,26,29,45,33,20,63,46,30,17,31,28,28,25,27,25,29
202110151500,51,31,18,66,41,30,15,29,27,30,24,22,24,28,49,33,18,67,43,29,16,31,26,29,25,24,23,28
202110151515,58,32,19,68,43,27,13,29,28,32,27,24,25,24,56,35,19,70,46,26,15,31,27,31,27,26,24,24
202110151530,63,30,21,67,48,27,18,32,28,32,27,25,24,27,61,33,21,69,51,26,19,34,27,31,27,27,24,27
202110151545,54,33,23,74,49,25,14,33,28,32,29,23,27,25,53,35,23,75,51,25,15,35,27,31,29,25,26,25
202110151600,60,41,20,69,50,31,15,37,31,29,35,24,24,22,58,43,20,71,52,30,17,38,30,28,34,26,24,22
202110151615,66,39,17,66,54,37,13,40,31,28,33,26,25,23,64,41,17,68,56,35,15,41,30,27,33,28,25,23
202110151630,68,47,24,68,58,35,13,44,41,29,35,28,33,26,66,49,23,71,60,35,16,45,39,28,35,30,32,26
202110151645,68,46,28,72,62,36,15,51,33,29,35,41,31,31,66,48,27,74,64,35,17,52,32,28,35,42,31,32
202110151700,64,44,31,78,64,45,16,57,35,29,33,41,29,32,63,46,30,80,65,43,18,58,34,28,33,42,29,33
202110151715,72,44,29,78,62,46,18,66,41,31,32,53,28,40,70,46,29,80,64,44,20,67,39,30,32,54,30,40
202110151730,77,47,32,77,76,50,20,66,41,32,36,52,31,39,76,49,32,80,78,48,22,67,40,31,36,53,32,39
202110151745,83,59,42,75,88,51,21,68,42,33,42,45,31,41,82,61,41,78,89,49,23,69,41,32,41,47,32,42
202110151800,91,55,44,76,88,55,21,68,44,35,49,42,36,42,90,58,43,79,90,52,23,69,42,34,48,45,36,43
202110151815,99,71,44,89,96,61,25,71,44,30,49,43,36,45,98,73,43,92,98,57,27,72,43,29,48,46,36,46
202110151830,112,82,47,107,90,59,31,68,52,31,46,40,42,47,110,84,46,110,93,56,33,69,50,31,46,43,41,48
202110151845,117,86,50,102,96,64,27,71,51,26,53,38,40,48,115,88,49,106,99,61,29,72,49,26,52,42,39,49
202110151900,128,84,56,109,102,63,29,67,52,29,55,44,40,46,126,88,54,113,105,60,31,69,50,29,54,47,40,48
202110151915,130,80,52,109,97,62,30,67,52,28,55,44,43,53,127,84,51,113,101,59,32,69,50,28,54,48,42,54
202110151930,135,73,50,120,98,59,29,68,50,25,53,40,47,51,132,78,49,124,102,56,31,70,48,25,53,44,46,52
202110151945,140,74,54,114,87,56,29,64,56,24,48,43,43,58,136,79,53,119,92,54,32,66,54,24,48,47,42,59
202110152000,135,72,52,117,88,66,28,58,63,27,48,45,47,58,131,77,52,121,93,64,32,60,60,27,49,49,46,59
202110152015,137,68,48,123,87,59,25,54,57,27,56,47,45,53,133,74,47,127,92,57,28,56,54,27,56,51,44,54
202110152030,129,71,46,121,79,62,29,52,51,23,52,43,48,53,125,76,46,125,84,59,31,54,49,23,52,47,47,54
202110152045,124,69,50,114,80,62,29,50,63,22,57,47,47,58,121,73,50,118,84,60,32,53,60,22,57,51,46,59
202110152100,110,69,52,112,76,57,29,49,59,23,55,42,49,53,107,72,51,115,80,55,32,51,56,23,55,46,47,54
202110152115,102,64,49,115,73,59,26,53,55,22,58,45,42,54,99,67,48,117,77,57,29,55,53,22,57,49,41,55
202110152130,101,64,45,112,74,60,29,46,62,25,57,42,43,54,98,67,45,114,77,58,32,49,59,25,56,46,42,55
202110152145,89,56,51,118,68,55,29,41,65,23,66,44,38,56,87,59,50,119,71,55,33,44,62,23,64,48,38,57
202110152200,92,54,47,111,66,54,29,41,65,21,60,38,39,59,89,57,47,113,69,54,33,44,62,21,59,43,38,59
202110152215,81,55,49,106,58,57,32,43,69,20,60,35,37,60,78,57,49,107,61,56,36,46,66,21,58,40,36,61
202110152230,78,53,46,100,59,56,27,40,63,19,52,32,36,53,76,55,46,101,62,55,31,43,60,20,51,37,35,54
202110152245,69,48,47,90,63,49,26,43,60,21,52,33,36,57,67,50,47,91,65,49,29,46,57,21,51,38,35,57
202110152300,66,47,40,90,63,44,28,42,69,19,49,32,33,56,64,49,40,91,65,45,32,45,65,20,48,37,32,56
202110152315,66,45,37,89,60,42,29,41,66,19,43,33,28,53,64,47,37,90,62,43,33,44,63,19,42,38,28,53
202110152330,61,43,32,98,58,38,27,32,61,17,37,32,31,49,59,45,33,98,60,39,30,35,58,18,37,36,30,49
202110152345,56,41,29,95,49,33,29,29,66,18,34,29,31,42,54,42,29,95,51,35,33,32,63,19,34,33,30,42
202110160000,57,39,30,91,52,26,27,28,63,20,36,23,28,43,55,41,30,92,54,29,31,31,60,20,36,27,27,43
202110160015,52,34,35,83,49,24,24,29,61,21,34,18,21,40,50,36,35,84,51,27,28,31,58,21,33,22,20,41
202110160030,44,35,33,73,46,27,26,28,57,19,35,15,21,40,43,36,33,74,47,29,29,31,54,19,34,19,20,40
202110160045,43,34,35,69,41,27,20,24,56,17,40,16,19,39,41,35,35,70,43,29,24,27,53,17,38,20,18,40
202110160100,41,34,35,65,30,27,19,22,55,12,34,15,17,34,39,35,34,66,32,29,23,24,52,12,33,19,16,35
202110160115,39,30,32,66,32,28,15,23,54,11,31,16,18,31,37,31,31,67,34,30,19,25,51,11,30,19,17,32
202110160130,35,31,30,58,30,26,17,23,46,12,29,14,16,32,33,32,29,59,32,27,20,25,44,12,28,17,15,32
202110160145,30,27,28,60,26,21,16,25,44,15,30,11,18,27,28,28,27,60,28,23,19,27,42,15,29,14,17,28
202110160200,29,24,24,57,24,19,18,25,41,11,28,11,13,23,27,25,23,57,26,21,20,27,39,11,27,14,13,24
202110160215,29,22,23,53,22,19,15,22,43,7,26,10,14,19,27,23,22,54,24,21,18,24,41,7,25,12,13,20
202110160230,27,23,22,51,21,17,12,22,41,6,24,10,12,22,25,24,21,52,23,19,15,24,38,6,23,13,12,22
202110160245,28,22,21,49,21,17,12,20,40,5,23,11,13,20,26,23,20,50,23,19,15,22,38,5,22,13,13,21
202110160300,26,18,20,46,21,15,15,19,45,5,22,11,15,21,24,19,19,47,23,18,18,21,42,6,22,13,14,21
202110160315,25,19,18,41,20,15,13,19,46,4,24,10,14,18,23,20,17,42,22,18,16,21,43,4,23,12,13,18
202110160330,25,17,18,42,17,13,13,20,43,4,24,10,13,16,23,18,17,43,19,16,16,22,41,4,23,12,12,17
202110160345,25,16,19,42,19,14,12,20,40,4,24,13,11,18,24,17,18,43,21,16,15,22,38,4,23,15,11,19
202110160400,24,16,17,44,19,14,8,21,41,3,25,11,13,19,22,17,17,45,21,17,11,23,38,3,24,13,13,19
202110160415,26,16,13,41,19,15,7,21,41,4,17,9,10,18,24,17,13,42,21,17,11,23,38,4,16,11,10,18
202110160430,26,14,14,38,19,13,8,20,39,5,17,6,7,18,24,16,14,39,21,15,11,22,36,5,16,8,7,18
202110160445,28,13,14,44,19,13,8,20,39,6,16,8,7,19,26,15,14,45,21,15,11,22,36,6,15,10,7,19
202110160500,27,15,16,40,16,13,13,21,36,9,20,8,9,20,25,16,16,41,18,15,15,23,34,9,19,10,9,20
202110160515,27,16,15,39,16,14,15,22,34,9,20,6,10,21,25,17,15,40,18,16,17,24,33,9,19,9,9,21
202110160530,21,14,19,35,15,15,15,21,36,9,22,7,11,23,19,15,19,36,17,17,17,23,35,9,21,10,10,23
202110160545,23,14,17,39,15,16,15,23,39,10,24,8,10,23,21,15,17,40,17,18,17,25,37,10,23,11,10,23
202110160600,23,16,18,39,19,19,13,26,40,10,27,11,11,27,21,17,18,40,21,21,16,28,38,10,26,14,11,27
202110160615,26,17,22,39,16,21,14,28,43,14,27,13,15,28,24,18,22,40,18,23,17,30,41,14,26,16,14,28
202110160630,32,19,20,50,18,24,19,29,43,16,30,15,17,30,30,20,20,51,21,25,21,31,41,16,29,18,16,29
202110160645,36,23,22,53,23,24,18,42,47,20,29,15,15,30,34,24,22,54,25,26,21,43,45,20,28,18,15,30
202110160700,40,27,26,62,24,28,22,44,48,23,31,20,17,29,38,28,26,63,27,29,25,45,46,23,30,23,17,29
202110160715,38,30,23,61,23,25,25,37,46,25,30,23,19,36,36,31,23,62,26,27,27,39,44,25,29,26,19,36
202110160730,43,31,24,68,27,24,25,33,45,23,31,27,17,36,41,32,24,68,30,26,27,35,43,23,30,30,18,36
202110160745,43,29,25,64,30,27,28,37,47,25,34,26,18,39,41,31,25,65,32,28,30,39,45,25,33,29,18,38
202110160800,41,29,33,67,42,37,27,40,56,28,38,33,20,45,40,30,33,67,44,38,30,42,53,28,36,37,21,45
202110160815,43,27,31,70,42,38,26,44,49,28,37,37,24,40,42,29,31,70,44,38,28,46,47,28,36,40,25,40
202110160830,46,31,32,70,45,38,26,43,46,28,36,34,26,38,44,32,32,71,47,38,28,45,44,28,35,37,26,38
202110160845,45,34,31,74,52,38,25,42,47,27,36,42,23,38,44,35,31,74,53,38,27,44,45,27,35,44,24,38
202110160900,49,36,34,79,52,40,23,43,47,32,35,43,22,45,48,37,34,79,53,39,25,45,45,31,34,46,23,45
202110160915,45,38,33,73,44,45,20,37,49,29,35,37,25,41,43,39,33,73,46,44,23,39,47,28,34,40,25,41
202110160930,52,37,32,76,52,42,21,42,46,29,39,39,28,34,51,38,31,77,54,41,23,44,44,28,38,41,28,35
202110160945,59,39,34,73,52,42,19,46,50,32,35,40,29,32,57,41,33,74,54,42,22,47,47,31,35,42,29,33
202110161000,64,46,32,84,60,44,23,42,52,32,41,37,25,35,62,48,31,85,62,44,26,44,50,31,40,39,26,36
202110161015,66,49,30,82,64,44,21,41,50,32,41,39,30,37,64,50,30,83,66,43,24,43,48,31,40,41,30,37
202110161030,71,45,33,88,64,40,23,47,49,28,41,37,32,37,69,47,33,90,66,40,25,49,47,28,41,39,32,38
202110161045,69,48,24,93,61,42,20,45,46,25,40,41,30,39,67,50,24,94,63,41,23,47,44,25,40,43,31,38
202110161100,69,51,30,84,59,38,20,49,46,24,37,42,33,41,67,52,30,86,61,38,23,51,44,24,37,44,33,41
202110161115,68,53,32,82,58,41,22,49,46,24,36,40,36,48,66,54,33,84,60,40,24,51,44,24,37,43,36,48
202110161130,76,59,28,84,58,46,18,57,49,26,36,38,37,43,74,60,28,86,61,45,21,59,46,25,37,41,36,43
202110161145,85,61,30,92,63,45,22,51,53,28,43,35,40,42,83,63,30,94,66,44,25,53,50,28,43,38,39,42
202110161200,97,64,35,104,64,45,22,53,53,26,41,28,44,37,94,67,34,106,68,45,25,54,50,26,42,31,42,38
202110161215,107,62,31,100,70,42,20,50,55,25,40,30,41,40,104,66,31,104,74,42,24,52,52,25,41,33,39,40
202110161230,105,68,34,95,76,39,17,46,54,24,37,33,38,39,102,71,34,99,79,39,21,48,51,24,38,36,37,39
202110161245,106,69,35,95,74,40,19,49,59,26,37,30,36,43,103,72,35,99,78,41,23,51,56,25,38,34,35,43
202110161300,111,71,33,93,73,38,21,49,54,30,36,32,35,49,108,74,33,97,77,39,24,51,51,29,37,36,34,49
202110161315,104,69,33,90,70,40,22,45,49,28,39,31,38,45,101,72,33,94,74,40,25,47,47,27,40,35,37,45
202110161330,104,65,31,87,59,34,21,42,47,30,36,34,40,46,100,68,31,91,64,34,24,44,45,29,37,38,39,46
202110161345,100,58,30,86,62,35,17,43,43,30,38,34,41,46,97,62,30,90,66,35,20,45,41,29,39,38,40,45
202110161400,98,59,27,82,65,32,19,50,40,29,39,37,38,47,95,62,28,86,69,32,21,52,38,28,39,41,37,46
202110161415,92,63,28,91,62,34,20,46,42,28,41,40,38,43,89,65,28,94,65,34,22,48,40,27,41,43,37,42
202110161430,100,58,27,94,63,36,18,43,47,28,48,42,41,39,97,62,27,97,67,36,21,45,44,27,48,44,40,39
202110161445,100,57,26,87,65,31,17,43,47,24,43,36,41,38,97,61,26,91,69,32,20,45,44,23,44,39,40,38
202110161500,96,58,28,85,62,31,17,43,44,28,49,39,44,37,93,61,28,88,66,32,20,45,42,27,49,41,43,37
202110161515,99,62,30,89,60,29,17,43,40,24,45,37,45,39,96,65,30,92,64,29,19,45,38,23,46,40,43,39
202110161530,99,59,34,80,59,30,14,46,45,27,44,35,43,41,96,62,34,84,63,31,17,48,42,26,45,38,42,41
202110161545,96,60,30,80,64,29,14,48,48,32,43,37,40,39,93,63,30,84,68,30,18,50,45,31,43,40,39,39
202110161600,97,60,25,80,66,33,18,54,44,32,45,41,42,42,94,63,26,84,70,33,21,56,42,31,46,44,41,41
202110161615,89,70,26,85,60,34,17,52,42,24,50,39,46,38,86,71,26,88,63,34,19,53,40,23,50,41,45,38
202110161630,103,65,29,83,62,34,18,55,46,26,51,40,42,39,100,68,29,87,66,34,21,56,44,25,51,42,41,39
202110161645,107,63,32,82,62,34,20,58,44,29,50,43,43,41,103,67,32,86,67,34,22,60,42,28,50,45,42,41
202110161700,101,66,34,86,65,37,24,63,45,26,44,42,46,41,98,69,34,90,69,37,26,64,43,26,45,44,45,41
202110161715,107,73,29,84,63,37,23,58,47,28,48,39,47,47,104,76,30,88,68,37,25,60,45,28,49,43,45,46
202110161730,113,83,31,85,73,40,18,53,51,29,51,41,44,45,110,85,31,90,77,40,21,55,48,28,51,44,43,45
202110161745,114,82,37,98,72,42,22,59,56,28,53,36,42,44,111,84,37,102,76,42,26,61,53,27,53,39,41,45
202110161800,129,90,37,93,88,44,25,57,56,27,54,41,39,49,126,93,37,99,92,44,28,59,53,27,53,44,38,49
202110161815,135,91,38,105,82,50,26,53,54,26,56,47,43,51,131,94,38,110,87,49,29,55,52,26,55,50,43,51
202110161830,141,88,39,114,87,56,25,59,50,29,54,42,46,55,137,92,39,119,92,54,27,61,48,29,54,46,45,55
202110161845,147,96,40,115,91,56,20,54,47,27,61,44,48,56,143,100,40,120,96,54,23,56,45,26,61,48,47,56
202110161900,156,100,43,125,89,57,24,51,52,29,65,46,48,61,151,104,44,130,95,55,27,54,50,28,64,51,47,61
202110161915,162,95,46,129,89,59,21,47,63,31,58,49,48,60,157,100,46,135,95,58,25,50,59,30,58,53,47,60
202110161930,155,101,41,120,86,62,20,48,59,27,56,44,44,64,150,105,42,126,92,60,24,51,56,26,56,49,43,63
202110161945,146,94,43,123,84,62,24,48,61,25,66,43,49,59,141,98,43,128,90,60,28,51,58,25,65,48,48,59
202110162000,141,104,48,118,84,59,28,45,68,27,60,39,49,60,137,106,48,123,89,58,32,48,64,27,60,44,47,60
202110162015,135,92,44,115,84,60,29,41,66,28,57,41,39,60,131,95,44,120,89,59,33,44,63,28,56,46,38,60
202110162030,139,92,43,114,77,61,26,46,61,31,59,40,34,60,135,95,43,119,83,59,30,49,58,31,57,45,34,60
202110162045,129,87,45,106,80,56,26,47,58,30,53,38,33,57,125,90,45,111,85,54,29,50,55,30,52,43,33,57
202110162100,122,80,46,105,79,57,31,46,61,26,55,39,38,58,119,83,46,109,83,56,34,49,58,26,54,44,37,58
202110162115,121,71,45,102,76,55,31,48,62,24,55,41,37,57,117,75,45,106,80,54,34,51,59,24,54,45,37,57
202110162130,127,72,47,98,64,58,32,52,64,23,57,37,38,62,123,76,47,103,70,57,35,55,61,23,56,42,37,62
202110162145,113,68,44,105,60,56,30,45,66,22,61,38,44,59,109,72,44,108,65,55,34,48,63,22,60,43,43,59
202110162200,123,62,43,106,58,52,31,44,67,22,54,38,36,55,118,67,43,110,64,52,35,47,64,22,53,43,36,55
202110162215,111,57,40,108,60,48,32,40,63,20,58,36,36,54,107,62,40,111,65,48,35,43,60,21,56,41,35,54
202110162230,91,59,35,99,57,49,32,43,65,23,61,38,37,50,88,62,35,101,61,49,35,46,62,23,59,42,36,50
202110162245,84,48,35,97,60,43,31,38,67,24,55,36,32,48,81,51,35,99,63,44,35,41,64,24,53,40,32,48
202110162300,83,45,34,87,57,43,32,38,65,22,50,38,27,43,80,48,34,89,60,44,35,40,62,22,48,41,27,43
202110162315,76,42,35,93,57,47,29,35,60,19,45,35,24,42,73,45,35,95,60,47,32,37,57,19,43,38,24,42
202110162330,69,43,33,87,50,40,29,32,57,15,42,34,22,39,67,45,33,88,53,41,32,34,55,16,40,37,23,39
202110162345,66,37,31,88,50,35,27,31,59,15,43,30,25,40,64,40,31,89,53,37,30,33,56,16,42,33,25,40
202110170000,63,36,36,77,41,29,25,28,59,13,38,27,23,37,60,38,35,79,44,31,28,30,56,14,37,30,23,38
202110170015,59,31,30,75,40,29,22,22,58,15,35,28,20,33,56,34,29,76,43,31,26,24,55,15,34,31,20,33
202110170030,53,28,27,77,36,26,20,20,55,12,29,24,15,28,51,30,26,78,39,28,24,22,52,12,28,26,15,28
202110170045,50,26,29,72,33,25,21,19,51,14,24,21,17,31,47,28,28,73,36,27,24,21,49,14,24,24,17,31
202110170100,44,29,25,64,30,23,19,20,49,18,23,19,17,31,42,31,25,65,33,25,22,22,46,18,23,22,17,31
202110170115,43,28,25,64,31,21,18,19,46,13,25,17,16,28,41,29,25,65,33,23,21,21,44,13,24,20,16,28
202110170130,46,24,25,60,30,19,15,16,43,14,26,16,13,25,44,26,24,61,33,21,18,18,41,14,25,19,13,26
202110170145,45,23,25,51,27,16,12,15,41,12,24,16,12,26,43,25,24,53,30,18,15,17,39,12,23,19,12,26
202110170200,41,24,25,50,25,17,13,15,42,9,24,16,13,29,39,26,25,52,28,19,16,17,40,9,23,19,13,29
202110170215,40,23,25,51,27,17,12,16,38,5,25,17,14,23,38,25,24,52,29,19,15,18,36,5,24,19,14,24
202110170230,39,23,21,54,23,17,10,14,40,4,26,15,11,21,37,25,20,55,26,19,13,16,38,4,25,17,11,21
202110170245,34,24,17,51,19,15,9,13,35,3,26,17,14,20,32,25,17,52,22,17,12,15,33,3,25,19,14,20
202110170300,36,21,18,52,17,19,12,16,33,4,26,16,11,20,33,23,18,53,20,20,14,18,31,4,25,18,11,20
202110170315,35,19,18,52,17,17,8,15,33,5,27,15,9,18,33,21,17,53,20,18,11,17,31,5,25,17,9,18
202110170330,33,18,16,50,16,15,9,12,30,3,27,15,9,16,30,20,15,51,19,16,11,14,28,3,25,16,9,16
202110170345,31,18,15,46,15,16,9,11,28,3,24,15,9,18,28,20,15,47,18,17,11,13,27,3,23,17,9,18
202110170400,31,18,13,48,15,16,6,11,29,3,28,13,11,21,29,20,13,49,18,17,8,13,27,3,27,15,11,21
202110170415,30,19,14,45,14,15,7,11,28,3,21,9,9,20,28,20,14,46,17,16,9,13,26,3,20,11,9,20
202110170430,32,19,11,45,15,16,8,13,26,2,21,11,11,21,30,21,11,46,18,17,10,15,25,2,20,13,11,21
202110170445,31,15,11,46,13,15,7,17,26,2,20,10,11,22,28,17,11,47,16,16,9,19,25,2,19,13,11,21
202110170500,31,16,13,46,13,12,9,13,24,6,26,14,9,20,28,18,13,47,16,13,10,15,23,6,24,16,9,20
202110170515,28,16,13,45,13,14,10,12,25,6,23,15,9,16,26,17,13,46,16,15,12,14,24,6,22,17,9,16
202110170530,31,16,14,44,15,13,11,13,23,7,24,15,9,17,29,18,14,45,18,14,12,15,22,7,23,17,9,17
202110170545,31,18,14,48,15,13,8,14,25,9,25,14,8,18,29,20,14,49,18,14,10,16,24,9,23,16,8,18
202110170600,30,19,15,46,17,16,11,16,27,12,21,17,10,21,28,20,15,47,19,17,13,18,26,12,20,19,10,21
202110170615,32,20,16,51,16,16,12,18,28,10,25,17,12,22,30,21,16,52,19,17,14,20,27,10,24,19,12,22
202110170630,37,28,17,50,15,18,13,19,26,12,24,19,11,26,34,29,17,51,18,18,14,21,25,12,23,21,11,26
202110170645,38,26,19,48,16,16,15,21,32,14,28,22,12,27,35,27,19,49,19,17,17,23,31,14,27,24,13,27
202110170700,43,32,21,54,19,20,16,26,35,17,33,27,17,28,40,33,21,55,22,21,18,28,34,17,32,29,18,28
202110170715,44,33,24,64,19,22,17,24,41,19,38,28,21,29,41,34,24,65,22,24,20,26,39,19,37,30,21,29
202110170730,48,32,26,65,23,25,20,29,40,18,38,35,22,30,45,34,26,66,26,26,22,31,39,18,37,37,23,30
202110170745,47,33,26,64,27,27,23,32,42,21,45,37,24,33,44,34,26,65,30,28,25,34,41,21,43,39,25,33
202110170800,52,32,25,65,32,32,26,34,44,23,51,39,24,36,50,34,25,66,35,32,28,36,43,23,49,41,25,36
202110170815,48,34,27,56,39,35,22,33,46,25,49,35,29,37,46,35,27,58,41,35,24,35,44,25,47,37,29,37
202110170830,54,32,33,62,41,34,22,41,46,21,47,39,29,39,52,34,33,64,43,34,24,43,44,21,46,42,29,39
202110170845,55,31,35,64,46,36,18,36,43,26,47,41,27,40,53,33,35,66,48,36,21,38,41,25,46,44,28,40
202110170900,59,36,34,60,53,36,22,42,44,27,51,42,34,42,57,38,34,62,55,36,24,44,42,27,50,45,34,42
202110170915,55,43,32,65,47,40,23,42,44,25,45,42,34,40,53,44,32,67,49,39,25,44,42,25,44,44,34,40
202110170930,53,40,33,67,56,38,21,45,45,26,48,41,31,40,52,41,33,68,57,38,23,47,43,26,47,43,31,40
202110170945,60,41,35,68,56,42,24,51,49,27,48,43,33,38,58,43,34,70,58,42,26,53,47,27,47,45,33,39
202110171000,62,46,40,73,60,41,25,52,50,31,46,44,35,39,61,47,39,75,62,41,27,54,48,30,46,46,35,40
202110171015,63,48,37,68,61,41,26,51,54,30,47,49,38,38,62,49,36,70,63,41,29,53,52,29,47,51,38,39
202110171030,69,49,36,67,56,40,23,48,56,36,44,46,40,44,67,51,36,70,58,41,26,50,53,35,44,49,40,44
202110171045,73,47,37,75,57,38,24,47,50,34,44,43,35,39,71,49,36,77,60,38,27,49,48,33,44,45,35,40
202110171100,76,52,42,71,57,42,23,48,57,29,41,47,32,43,74,54,41,74,60,42,26,50,54,29,41,49,33,44
202110171115,79,57,42,80,60,43,26,52,61,26,45,43,36,41,77,59,41,83,63,44,30,54,58,26,45,45,36,42
202110171130,82,63,37,76,55,47,25,49,66,26,44,39,38,45,79,64,37,79,58,48,29,51,62,26,44,42,37,45
202110171145,99,69,34,76,59,51,22,51,60,27,44,43,42,42,96,71,34,80,63,50,26,53,57,27,44,45,41,42
202110171200,101,73,42,79,60,53,24,52,62,31,40,44,40,46,98,75,41,83,64,52,28,54,59,30,41,47,40,47
202110171215,111,82,41,79,69,49,25,42,63,29,42,41,38,47,108,84,41,84,73,49,29,44,60,29,42,44,38,48
202110171230,103,83,43,87,60,53,24,46,61,29,39,40,36,46,100,84,42,91,64,52,28,48,58,29,39,43,36,47
202110171245,99,82,39,84,59,52,23,50,55,31,39,37,38,48,96,83,39,88,63,51,26,52,52,30,40,41,37,48
202110171300,104,73,36,85,54,48,21,48,58,32,37,36,38,47,100,75,36,89,59,48,25,50,55,31,38,40,37,47
202110171315,115,64,35,81,55,47,18,50,56,31,42,44,37,44,111,68,35,86,61,46,22,52,53,30,42,47,37,44
202110171330,104,73,35,84,56,45,19,53,55,32,40,39,41,44,100,75,35,88,61,45,23,55,52,31,41,42,40,44
202110171345,99,67,38,82,64,47,19,48,51,29,39,43,34,44,96,70,38,86,68,46,22,50,48,28,39,46,34,45
202110171400,107,62,38,81,62,45,21,51,54,31,43,44,31,46,103,66,38,85,67,45,24,53,51,30,42,47,32,46
202110171415,100,64,41,86,61,43,21,55,51,34,46,43,31,49,97,67,41,89,65,43,24,57,49,33,45,46,32,50
202110171430,102,67,41,86,57,45,26,53,58,37,42,32,31,50,98,70,41,90,62,45,29,55,55,36,41,36,31,50
202110171445,98,71,39,77,64,42,29,55,54,33,43,42,31,46,95,73,39,81,68,42,31,57,52,33,42,45,31,46
202110171500,84,65,37,79,66,46,25,58,56,31,45,42,30,43,82,66,37,82,69,46,28,60,53,31,44,45,31,43
202110171515,92,59,38,84,67,46,23,59,51,35,43,47,30,48,89,62,38,87,70,45,26,61,49,34,42,50,31,48
202110171530,97,64,41,91,69,45,23,57,53,35,40,41,32,47,94,67,41,94,72,45,26,59,50,34,40,44,32,48
202110171545,95,62,36,89,64,44,23,56,52,34,44,48,35,49,92,65,36,92,68,44,26,58,49,33,44,51,35,49
202110171600,97,60,37,87,69,49,25,60,51,35,47,45,41,48,94,63,37,91,72,48,28,62,49,34,47,48,41,48
202110171615,107,63,38,94,65,48,24,55,51,35,42,49,38,51,103,67,38,98,69,47,27,57,49,34,42,52,38,51
202110171630,101,61,37,89,60,49,26,60,50,31,49,47,43,48,98,64,37,93,64,48,28,62,48,31,49,50,43,48
202110171645,104,66,40,80,71,50,26,55,55,31,49,41,39,47,101,69,40,84,75,49,29,57,52,31,49,44,38,48
202110171700,108,71,37,97,73,45,27,61,48,36,47,41,40,45,105,74,37,101,77,44,29,63,46,35,47,44,39,45
202110171715,110,71,38,98,74,45,29,59,48,34,42,39,38,46,107,74,38,101,78,44,31,61,46,34,42,42,37,47
202110171730,117,74,41,95,80,52,25,56,56,28,40,50,43,54,114,77,41,99,84,51,28,58,53,28,41,54,43,54
202110171745,115,76,44,98,83,50,28,58,55,27,46,52,39,51,112,79,44,102,87,49,31,60,53,27,46,55,39,52
202110171800,133,82,42,101,91,49,24,67,55,29,46,44,39,48,130,86,42,106,95,48,27,69,52,29,46,47,39,49
202110171815,138,85,45,111,85,51,25,59,53,29,50,45,41,46,134,89,44,116,90,50,28,61,51,29,50,48,40,47
202110171830,135,87,50,108,82,53,28,65,53,30,51,46,39,47,131,91,49,113,87,51,30,66,51,30,50,49,39,49
202110171845,149,83,42,117,79,56,28,59,50,26,58,38,44,51,144,88,42,122,85,54,30,61,48,26,57,42,43,52
202110171900,155,87,49,121,85,57,28,52,55,25,52,40,40,53,150,92,48,126,91,55,31,54,53,25,51,44,39,54
202110171915,151,78,49,109,78,57,27,48,60,20,54,43,41,55,146,84,48,115,84,56,30,51,57,20,53,47,40,56
202110171930,152,76,46,112,80,54,26,49,59,25,58,46,43,61,147,82,46,118,86,53,29,52,56,25,57,51,43,61
202110171945,134,77,45,109,78,55,25,50,56,28,54,41,40,63,130,81,45,114,83,53,28,53,53,28,53,46,39,63
202110172000,134,77,48,111,74,49,25,45,63,26,58,48,43,62,129,81,48,115,80,49,29,48,60,26,57,53,43,62
202110172015,131,75,45,106,70,51,24,50,61,25,58,48,44,59,126,79,45,111,76,51,28,53,58,25,57,52,44,59
202110172030,120,72,49,106,65,54,25,50,58,25,55,50,46,50,116,76,48,110,70,53,28,52,55,25,55,53,46,51
202110172045,113,72,49,99,65,48,30,50,55,24,57,49,47,57,109,75,49,103,70,47,32,53,53,24,57,53,46,58
202110172100,102,73,51,100,64,55,29,52,49,24,54,52,42,63,98,75,51,103,68,53,31,55,47,24,53,56,42,64
202110172115,96,70,46,99,63,51,24,49,56,26,55,47,39,62,93,72,46,102,67,50,27,52,53,26,54,52,39,62
202110172130,93,66,44,102,59,46,23,49,62,26,49,42,39,65,90,68,45,104,63,46,27,52,59,26,49,47,39,64
202110172145,84,60,41,92,59,48,25,45,63,23,50,40,38,64,81,62,42,94,62,48,29,48,60,23,49,45,37,63
202110172200,90,58,45,95,58,44,27,47,68,25,50,38,36,64,87,61,46,97,62,45,31,50,64,25,49,43,35,64
202110172215,86,55,46,98,53,42,26,43,75,20,49,36,34,64,83,58,46,100,57,44,31,46,71,20,48,42,34,64
202110172230,86,58,45,95,54,40,23,50,80,20,51,40,35,57,83,60,45,97,58,43,29,53,75,20,50,45,35,57
202110172245,79,52,42,92,51,40,25,49,78,22,49,37,38,52,76,54,42,94,55,43,31,51,73,22,48,41,37,52
202110172300,68,49,42,87,43,35,23,40,73,18,49,28,30,51,65,51,42,88,46,38,28,43,69,18,47,33,29,51
202110172315,63,48,35,79,42,34,23,34,65,16,51,25,29,47,61,49,35,80,45,36,27,37,61,16,49,29,28,47
202110172330,61,47,28,82,42,34,23,30,60,15,46,22,24,46,59,48,29,83,45,36,27,33,57,15,44,26,23,45
202110172345,55,43,27,76,40,31,18,27,53,16,38,26,25,43,53,44,28,77,43,32,22,30,50,16,37,30,25,42
202110180000,59,35,26,73,36,31,20,19,50,18,35,22,22,38,56,37,26,75,39,32,23,22,47,18,34,26,22,38
202110180015,53,33,25,71,32,30,23,20,46,14,37,21,23,34,50,35,25,72,35,31,25,22,44,15,36,24,22,34
202110180030,51,30,23,63,28,28,19,18,39,11,36,20,23,35,48,32,23,64,31,28,21,21,37,12,35,23,22,34
202110180045,45,28,23,58,24,23,17,22,35,11,28,21,21,29,42,30,23,59,27,24,19,24,34,11,28,24,21,29
202110180100,40,27,25,54,21,23,16,20,33,10,28,19,17,25,38,28,24,55,24,24,18,22,32,10,27,21,17,26
202110180115,44,28,24,50,19,17,15,21,30,13,28,18,17,25,42,30,23,52,22,18,16,23,29,13,27,20,17,25
202110180130,46,26,21,56,17,15,17,21,30,12,29,18,13,27,43,28,21,58,21,16,18,23,29,12,28,21,13,27
202110180145,40,27,17,53,15,14,18,20,30,14,32,16,12,23,37,28,17,55,18,15,19,22,29,14,30,18,12,23
202110180200,39,26,19,52,15,11,15,22,33,13,30,17,13,21,36,27,19,54,18,13,17,24,32,13,29,19,13,21
202110180215,38,21,16,53,15,12,15,21,30,6,28,16,13,22,35,23,16,54,18,14,16,23,29,7,27,18,13,22
202110180230,36,19,17,45,15,10,14,18,29,5,28,16,13,22,33,21,17,47,18,12,16,20,28,6,27,18,13,22
202110180245,37,19,17,43,15,10,15,18,30,4,27,17,11,20,34,21,17,45,18,12,17,20,29,5,26,19,11,20
202110180300,34,21,17,46,15,10,16,16,32,2,29,17,11,23,31,23,17,47,18,12,18,18,31,3,27,19,11,23
202110180315,39,18,13,48,13,8,10,19,34,2,21,18,10,19,36,20,13,49,16,11,12,21,32,2,20,20,10,19
202110180330,37,18,13,45,11,10,9,17,34,4,23,17,12,21,34,20,13,47,14,12,12,19,32,4,22,19,12,21
202110180345,37,17,13,43,12,9,9,17,33,4,20,18,13,21,34,19,13,44,15,11,12,19,31,4,20,20,13,21
202110180400,37,19,15,42,13,8,8,20,34,3,23,16,10,20,34,21,15,44,16,10,11,22,32,3,22,18,10,20
202110180415,37,21,12,39,11,8,7,17,35,5,21,12,8,20,34,23,12,41,14,11,10,19,33,5,20,14,8,20
202110180430,35,22,11,39,11,9,8,19,40,4,21,13,8,21,32,23,11,41,14,12,12,21,37,4,20,15,8,20
202110180445,37,20,13,39,10,10,9,20,37,3,22,12,9,22,34,22,13,41,14,13,12,22,35,3,21,14,9,21
202110180500,35,19,13,39,11,11,13,18,29,10,20,15,14,22,32,21,13,41,14,13,15,20,28,10,20,17,14,22
202110180515,35,16,14,38,12,15,12,21,29,8,22,17,13,21,32,18,14,40,15,16,14,23,28,8,21,19,13,21
202110180530,36,20,15,36,13,17,12,17,29,8,20,19,11,25,33,22,15,38,16,18,14,19,28,8,19,21,12,24
202110180545,36,22,18,42,14,16,13,19,31,9,20,19,11,28,33,24,18,44,17,17,15,21,30,9,19,22,12,28
202110180600,36,23,17,46,17,17,18,21,29,12,21,24,13,31,33,24,17,47,20,18,19,23,28,12,20,27,14,30
202110180615,37,25,21,46,14,22,16,21,29,11,23,25,15,32,34,26,21,47,17,23,17,23,28,11,22,28,16,32
202110180630,38,26,22,50,21,22,17,27,36,15,28,31,17,32,36,27,22,51,24,23,19,29,35,15,27,33,18,32
202110180645,42,29,22,55,20,22,18,36,41,19,27,29,15,31,39,30,22,56,23,23,20,38,39,19,26,31,16,31
202110180700,41,33,26,56,23,23,22,36,41,27,26,30,17,34,38,34,26,57,26,24,24,38,39,27,25,33,18,34
202110180715,45,34,27,54,30,28,21,45,43,30,31,31,22,39,43,35,27,55,33,29,23,47,41,29,31,34,22,39
202110180730,46,38,30,64,31,36,18,56,42,28,30,37,24,42,44,39,30,65,34,36,20,58,40,27,30,40,25,42
202110180745,45,43,32,62,37,33,21,55,46,27,33,37,23,37,43,43,32,63,39,34,24,56,44,27,32,39,24,38
202110180800,48,46,35,60,41,37,19,49,52,31,37,36,23,38,46,46,34,61,43,38,22,51,49,30,36,39,24,39
202110180815,43,40,28,56,37,29,17,45,43,28,32,29,24,36,41,41,28,57,39,30,20,47,41,27,32,32,24,36
202110180830,44,42,24,61,35,28,15,42,39,24,30,26,21,29,42,42,24,62,37,28,18,43,37,23,29,28,21,29
202110180845,37,40,23,60,35,27,15,42,34,25,31,22,22,28,36,40,23,61,37,27,17,43,33,24,31,24,22,28
202110180900,35,31,21,62,29,21,14,37,35,28,31,23,27,25,33,32,21,62,31,22,16,38,33,27,31,25,26,25
202110180915,36,29,21,54,30,22,15,34,35,26,32,18,28,24,34,30,21,55,32,23,17,35,33,25,32,20,27,24
202110180930,39,26,21,64,29,27,14,38,34,27,31,19,29,25,37,27,21,65,31,27,16,39,32,26,31,21,28,25
202110180945,38,29,20,61,33,25,14,36,30,35,33,18,34,23,36,30,20,62,35,25,16,37,29,33,34,20,32,23
202110181000,42,33,19,66,34,27,16,37,35,35,34,23,34,22,40,34,18,67,36,27,18,38,34,34,35,25,32,22
202110181015,37,38,15,60,33,25,17,37,33,31,33,21,31,23,35,38,15,61,35,25,19,38,32,30,33,23,30,23
202110181030,40,33,18,66,33,23,18,39,33,32,33,18,27,23,38,34,18,67,35,23,20,40,32,31,33,20,26,23
202110181045,40,32,21,63,35,26,18,37,33,36,34,21,27,23,38,33,21,64,37,26,19,38,32,35,34,23,26,23
202110181100,46,33,20,73,32,22,19,39,31,36,32,23,27,23,44,34,20,74,35,22,20,40,30,35,32,25,26,23
202110181115,47,35,20,68,36,25,19,33,32,31,25,26,27,22,45,36,20,69,38,25,20,34,31,30,26,27,26,22
202110181130,52,38,21,67,35,27,20,33,37,32,27,24,26,25,50,39,21,68,38,27,22,35,36,31,27,26,25,25
202110181145,55,42,23,75,40,31,20,36,42,40,29,22,29,28,53,43,23,76,43,31,22,38,40,39,30,24,28,28
202110181200,52,52,20,85,40,33,19,44,40,37,29,21,34,27,50,52,20,85,42,33,21,45,38,36,30,23,32,27
202110181215,54,64,21,87,46,38,15,41,42,30,30,22,34,26,52,63,21,87,48,38,18,42,40,29,31,24,32,26
202110181230,62,62,24,88,41,39,14,43,40,27,29,21,31,27,59,62,24,89,44,38,17,44,38,26,30,23,30,27
202110181245,57,52,25,82,43,34,19,43,38,26,28,20,29,29,55,52,25,83,45,34,21,44,37,25,29,23,28,29
202110181300,60,46,22,79,39,32,18,43,38,28,22,18,32,23,58,47,22,80,42,32,20,44,37,27,24,20,30,23
202110181315,56,44,20,76,39,32,20,39,37,33,22,20,33,22,53,45,20,77,42,32,22,40,36,32,24,22,31,22
202110181330,51,43,22,77,41,31,18,41,41,35,25,19,31,20,49,44,21,78,43,31,20,42,39,34,26,21,29,21
202110181345,47,39,17,70,41,34,15,34,40,33,26,20,30,21,45,40,17,71,43,34,18,35,38,32,27,22,29,21
202110181400,49,37,20,65,43,32,14,35,39,37,29,22,27,22,47,38,19,66,45,32,16,36,37,35,29,24,26,22
202110181415,45,41,20,63,45,24,12,32,35,35,25,19,28,17,44,41,19,64,47,24,14,33,33,33,26,20,27,17
202110181430,49,41,15,66,39,23,10,33,31,34,23,22,22,18,47,42,15,67,41,23,12,34,30,32,23,23,22,18
202110181445,46,42,18,61,38,26,11,28,32,33,26,19,24,19,44,42,17,62,40,26,13,29,30,31,26,21,23,19
202110181500,50,42,22,65,37,28,14,30,28,32,33,21,22,23,48,43,21,66,40,27,15,32,27,31,32,23,21,24
202110181515,48,40,23,65,40,29,16,34,27,28,33,24,27,24,46,41,23,66,42,28,17,36,26,27,33,26,26,24
202110181530,51,40,21,71,41,30,14,38,29,28,29,27,25,23,49,41,21,72,43,29,15,39,28,27,29,29,25,23
202110181545,52,38,20,75,44,28,13,38,31,27,32,26,21,24,50,39,20,76,46,28,15,39,30,26,31,28,21,24
202110181600,56,45,20,76,43,27,13,36,30,31,33,24,20,22,54,46,20,77,45,27,15,37,29,30,32,26,20,22
202110181615,58,40,19,71,45,28,13,38,30,32,33,22,28,25,56,42,19,73,47,28,15,39,29,31,33,24,27,25
202110181630,59,39,25,78,52,31,13,44,31,31,35,29,28,24,57,41,24,79,54,30,15,45,30,30,35,30,28,25
202110181645,64,42,33,81,57,35,16,59,32,32,34,38,24,31,62,44,32,83,59,34,18,60,31,31,33,40,25,32
202110181700,71,47,31,78,57,40,18,64,44,32,34,36,27,34,69,49,30,80,60,39,21,65,42,31,34,38,27,34
202110181715,74,47,32,85,62,41,16,75,46,40,36,39,25,35,72,49,31,87,64,41,19,75,44,38,35,41,26,36
202110181730,80,50,34,79,62,44,18,80,46,34,35,40,28,44,78,53,34,82,65,43,21,81,44,33,35,43,29,44
202110181745,89,61,42,86,72,47,19,78,47,33,41,39,30,38,87,63,41,89,75,46,22,78,45,32,40,41,30,39
202110181800,103,72,43,87,77,46,21,74,49,34,47,44,35,40,100,74,42,91,80,45,24,75,47,33,46,46,35,41
202110181815,109,73,40,93,79,50,22,69,55,38,45,42,38,51,106,76,40,97,83,49,25,71,52,37,45,46,38,51
202110181830,121,76,43,86,85,61,27,68,61,40,53,37,34,50,118,80,43,91,89,59,30,70,58,39,52,41,34,51
202110181845,120,76,40,98,96,59,25,60,62,32,55,42,36,54,117,80,40,102,99,57,29,62,59,31,54,46,36,54
202110181900,120,84,39,110,86,61,28,59,62,30,55,47,39,56,117,86,40,114,90,59,31,61,59,30,54,51,39,56
202110181915,127,80,48,112,85,69,26,58,60,27,50,45,42,50,123,84,47,116,89,66,29,60,57,27,50,48,42,51
202110181930,133,76,51,116,82,63,25,63,59,26,53,43,41,51,129,81,50,120,87,61,28,65,56,26,53,47,40,53
202110181945,136,78,47,117,77,69,26,53,68,26,59,40,42,57,132,83,47,121,82,67,30,56,64,26,58,45,41,58
202110182000,141,77,51,111,78,61,27,53,73,26,46,44,40,70,137,82,52,116,84,60,32,56,69,26,46,50,40,70
202110182015,129,74,49,102,77,59,26,49,68,34,46,38,41,64,125,79,49,107,82,58,30,52,64,33,46,44,40,64
202110182030,128,66,45,103,80,55,29,50,69,35,49,44,42,63,124,71,45,107,85,55,33,53,65,35,49,49,41,63
202110182045,121,64,46,106,72,54,28,51,67,33,44,40,36,63,117,69,46,110,77,54,32,54,64,33,44,45,36,63
202110182100,121,56,47,105,67,48,30,51,69,31,49,40,40,63,117,62,47,109,72,49,34,54,66,31,49,45,39,63
202110182115,108,56,48,103,66,49,35,51,73,27,50,38,41,71,104,60,49,106,70,50,39,54,70,27,50,44,40,71
202110182130,103,60,49,101,64,57,39,48,74,25,51,37,36,68,99,64,50,104,68,57,42,51,71,26,50,43,35,68
202110182145,92,57,50,103,61,51,40,40,71,26,49,37,34,72,89,60,51,105,65,52,43,44,68,27,48,44,34,72
202110182200,86,56,50,103,64,53,30,40,71,28,45,37,35,67,84,58,50,105,67,53,34,44,67,28,45,43,35,67
202110182215,81,51,44,103,57,50,30,37,70,31,46,39,34,65,78,54,45,105,60,51,34,41,66,31,45,45,34,65
202110182230,84,47,42,98,54,44,30,37,70,29,44,39,34,61,81,50,43,100,58,46,34,40,67,29,44,44,34,61
202110182245,76,41,40,101,56,39,33,35,64,25,42,36,29,58,74,44,41,102,59,40,36,38,61,25,41,41,29,58
202110182300,67,37,39,104,50,38,34,34,63,21,37,33,27,51,65,40,39,104,53,39,37,37,60,22,36,37,27,51
202110182315,59,35,35,99,46,37,32,36,62,20,35,30,27,48,57,37,35,99,48,39,35,39,60,21,35,34,27,48
202110182330,57,34,39,94,41,37,32,30,64,20,35,30,25,48,55,36,39,94,44,39,35,33,61,21,34,34,25,48
202110182345,59,33,38,87,38,36,30,26,64,20,32,27,25,44,56,35,38,88,41,38,33,29,61,21,32,31,25,45
202110190000,55,31,40,81,39,29,27,19,60,18,30,27,21,40,53,33,39,82,42,31,30,22,57,18,30,30,21,41
202110190015,53,28,34,73,35,24,25,23,57,13,31,23,19,35,50,31,33,74,38,27,28,26,54,14,30,26,19,36
202110190030,42,27,28,68,35,27,20,20,52,10,27,18,18,34,40,29,28,69,37,29,23,23,49,11,27,21,18,34
202110190045,44,24,28,64,31,20,21,23,48,11,25,16,17,33,42,26,28,65,34,22,24,25,46,12,25,19,16,33
202110190100,44,26,25,59,27,21,21,24,45,8,25,16,14,31,42,28,25,60,30,23,23,26,43,9,24,19,14,31
202110190115,43,26,27,59,22,22,17,20,44,8,21,15,17,30,41,28,26,60,25,24,20,22,42,8,21,18,16,31
202110190130,38,26,26,54,20,17,17,18,38,9,21,16,15,26,36,27,25,55,23,19,19,20,36,9,21,19,15,27
202110190145,36,27,21,51,21,18,17,15,34,6,20,15,14,24,34,28,21,52,24,19,19,17,33,7,20,18,14,24
202110190200,34,20,22,52,17,16,20,12,35,6,18,13,14,25,31,22,22,53,20,18,21,14,34,7,18,16,14,25
202110190215,36,17,22,51,19,15,17,13,34,2,16,13,14,22,33,19,21,52,22,17,19,15,33,3,16,15,14,22
202110190230,36,17,22,48,18,18,17,11,36,3,17,15,13,22,34,19,21,49,21,20,19,13,35,4,17,17,13,22
202110190245,32,17,20,46,17,16,17,12,34,3,18,13,12,20,30,19,19,47,20,17,19,14,33,4,18,15,12,20
202110190300,28,15,20,43,16,17,17,12,36,4,19,12,13,21,26,17,19,44,19,18,19,14,35,5,19,14,13,21
202110190315,28,14,19,43,15,17,11,10,35,3,21,12,10,19,26,16,19,44,17,18,13,12,33,3,20,14,10,19
202110190330,26,16,18,42,14,18,12,12,34,4,21,12,10,20,24,17,18,43,16,19,14,14,32,4,20,14,10,20
202110190345,26,15,18,42,16,17,12,12,33,4,23,12,12,19,24,16,17,43,18,18,14,14,32,4,22,14,12,19
202110190400,28,14,17,40,16,16,9,11,34,3,19,13,14,21,26,16,17,41,19,17,12,13,32,3,19,15,14,21
202110190415,30,18,16,42,16,17,9,10,34,2,15,9,11,21,28,19,16,43,19,18,12,12,32,2,15,12,10,21
202110190430,28,13,16,44,15,16,10,10,34,3,17,10,10,24,26,15,16,45,18,17,13,12,32,3,17,13,10,24
202110190445,27,12,15,43,14,19,10,12,34,4,15,11,9,22,25,14,15,44,17,20,12,14,32,4,15,13,9,22
202110190500,28,14,18,42,15,17,16,11,32,7,20,14,11,20,26,16,18,43,17,18,18,13,31,8,19,16,11,20
202110190515,29,17,15,42,15,17,14,10,32,7,16,12,11,21,27,18,15,43,18,18,16,12,31,7,16,14,11,21
202110190530,28,22,16,43,14,16,15,15,36,7,18,13,11,23,26,23,16,44,17,18,17,17,34,7,17,16,11,23
202110190545,31,21,17,41,14,16,16,14,35,9,18,13,10,25,29,22,17,42,17,18,18,16,34,9,17,16,10,25
202110190600,32,23,17,40,18,18,19,17,31,12,23,12,12,28,30,24,17,41,20,19,20,19,30,12,22,15,12,28
202110190615,34,21,21,41,16,21,19,19,35,12,23,15,15,32,31,23,21,42,19,22,20,21,34,12,22,19,15,32
202110190630,33,22,22,52,19,24,23,25,38,17,26,19,15,38,30,23,23,53,21,25,24,28,37,17,25,23,15,37
202110190645,37,25,22,54,19,23,27,35,42,22,27,19,18,36,34,26,22,55,22,24,28,37,41,22,26,22,18,35
202110190700,41,30,26,59,22,26,28,39,50,29,31,22,24,38,38,31,26,60,25,28,30,41,48,29,31,26,23,38
202110190715,43,35,32,62,30,31,26,47,54,31,34,35,22,40,41,36,32,63,32,33,29,49,52,31,33,38,23,40
202110190730,47,35,34,65,37,42,25,57,54,29,35,41,20,43,45,36,34,66,39,42,28,59,52,29,34,44,21,43
202110190745,43,38,31,61,37,38,23,54,51,33,32,47,25,43,41,39,31,62,39,38,26,56,49,32,32,49,27,43
202110190800,44,42,35,65,48,42,23,53,57,40,36,43,28,42,43,42,35,66,49,42,26,55,54,39,36,46,29,43
202110190815,42,39,28,58,40,35,17,46,49,36,34,31,26,38,40,39,28,59,42,35,20,48,46,35,34,34,26,38
202110190830,40,42,23,57,36,29,13,43,44,34,36,30,20,32,38,42,23,58,38,30,16,45,41,32,35,32,20,32
202110190845,37,33,22,57,37,25,14,37,37,29,31,26,18,27,36,33,22,58,39,26,16,39,35,28,30,28,18,27
202110190900,33,33,17,53,29,21,13,33,32,29,23,24,24,27,31,33,17,54,31,22,15,35,30,28,24,26,24,26
202110190915,33,31,16,58,29,20,14,34,31,29,26,20,22,22,31,31,16,59,31,21,16,35,30,28,26,22,21,22
202110190930,34,31,19,64,34,22,12,36,35,34,30,21,21,23,33,31,19,64,36,23,14,37,33,32,29,23,21,23
202110190945,34,30,18,66,34,22,17,37,36,34,29,22,26,26,32,31,18,66,36,23,19,38,35,33,29,24,25,26
202110191000,32,33,21,67,31,24,17,36,34,34,29,21,24,25,31,33,21,67,33,24,19,37,33,33,29,23,23,25
202110191015,31,27,16,66,30,20,14,34,35,35,30,25,20,18,29,28,16,66,32,21,16,35,33,33,29,26,20,18
202110191030,37,32,16,66,36,24,14,37,35,36,29,25,25,16,35,33,15,66,38,25,16,38,33,34,29,26,25,16
202110191045,38,33,15,64,38,24,15,37,33,31,29,25,27,20,37,34,15,64,39,24,17,38,32,30,29,26,26,20
202110191100,43,34,17,69,45,20,15,39,32,31,33,26,29,18,42,35,17,70,46,21,17,40,31,30,33,27,28,18
202110191115,42,36,16,73,41,23,14,37,33,31,31,24,29,20,41,37,16,73,43,23,16,38,32,30,31,25,28,20
202110191130,46,47,20,68,39,24,13,40,39,25,32,22,28,22,44,47,20,69,41,25,16,41,37,24,32,24,27,22
202110191145,59,50,24,77,47,26,16,41,45,30,35,24,30,21,57,51,23,78,49,27,19,42,43,29,35,25,29,22
202110191200,60,58,24,96,50,31,15,37,53,30,31,25,30,26,58,58,23,96,52,32,19,38,50,29,31,27,29,26
202110191215,67,63,24,100,52,35,19,35,53,26,25,26,35,26,65,63,23,100,55,36,23,37,50,25,27,28,34,26
202110191230,74,63,26,90,57,33,17,34,47,27,28,24,28,25,72,64,25,91,60,33,20,36,44,26,29,26,27,26
202110191245,74,54,27,85,51,30,19,36,44,27,30,27,29,23,71,56,26,87,54,31,22,37,42,26,30,29,28,24
202110191300,67,40,22,78,43,30,17,36,41,27,29,25,29,24,64,43,22,80,46,30,19,37,39,26,30,27,28,24
202110191315,64,41,23,65,42,27,18,36,36,32,29,24,25,23,61,43,22,67,45,27,20,37,35,31,29,26,24,23
202110191330,59,39,21,61,51,26,16,34,34,30,28,24,28,21,57,41,20,63,53,26,18,35,33,29,28,25,27,21
202110191345,56,41,20,60,55,24,14,34,33,31,31,26,29,25,55,43,20,62,57,24,16,36,32,30,31,28,28,25
202110191400,53,45,19,60,53,28,15,35,29,32,32,26,26,26,51,46,19,62,55,27,16,37,28,31,32,28,26,26
202110191415,53,42,20,69,56,30,16,36,34,27,32,25,24,21,52,43,19,70,57,30,18,37,33,26,32,26,24,21
202110191430,55,42,22,67,58,31,14,35,36,26,35,23,24,19,54,43,21,68,59,31,16,36,34,25,34,24,23,20
202110191445,57,38,24,62,51,25,15,33,34,25,29,22,25,21,55,40,23,64,53,25,17,34,33,24,29,24,24,22
202110191500,53,38,25,67,49,22,14,37,34,29,35,21,27,19,51,39,24,68,51,23,16,38,33,28,35,22,26,20
202110191515,52,38,22,67,56,25,14,36,38,28,38,21,21,20,51,39,21,68,57,26,17,37,36,27,37,23,21,21
202110191530,55,34,22,64,56,28,16,40,36,27,41,23,25,20,53,36,21,66,57,28,18,41,35,26,40,24,24,20
202110191545,54,35,22,64,51,28,17,43,35,32,40,25,28,21,52,37,21,66,53,28,19,44,34,31,39,26,27,21
202110191600,53,36,23,64,54,30,17,41,37,29,38,25,26,20,52,38,22,66,55,30,19,42,35,28,37,26,25,21
202110191615,61,32,24,63,56,27,18,41,37,28,36,23,26,23,59,35,23,65,58,27,20,42,36,27,35,25,25,24
202110191630,55,36,28,64,61,30,16,43,33,28,43,26,26,23,54,38,27,66,62,29,18,44,32,27,42,28,25,24
202110191645,65,37,30,69,68,31,15,58,34,28,42,36,24,31,64,40,29,71,69,31,17,59,32,27,41,38,25,32
202110191700,69,34,29,74,64,33,14,63,41,32,41,42,24,31,67,37,28,76,66,33,17,64,39,31,40,44,25,32
202110191715,70,41,32,73,71,36,17,74,44,34,41,45,27,32,69,44,31,75,72,36,20,74,42,33,40,46,28,33
202110191730,76,44,33,72,74,40,19,69,43,30,44,45,31,36,74,47,32,75,76,39,21,70,41,29,43,47,32,37
202110191745,86,50,41,69,87,44,20,75,53,29,43,42,30,36,85,53,40,73,88,44,23,76,50,28,42,44,30,37
202110191800,108,55,45,76,82,52,22,68,59,36,49,45,32,36,105,60,43,81,85,51,26,69,56,35,48,47,33,38
202110191815,110,62,37,88,83,53,25,63,50,34,51,44,33,38,107,66,36,92,86,51,28,64,48,33,50,46,33,39
202110191830,115,71,44,90,76,56,25,67,57,38,55,39,34,38,112,74,43,94,80,54,28,68,54,37,53,41,34,40
202110191845,116,70,44,101,89,53,27,58,60,36,57,37,33,43,114,74,43,105,92,52,30,60,57,35,55,40,33,44
202110191900,119,68,39,109,82,55,27,60,68,36,55,42,30,45,116,72,39,113,86,55,31,62,64,35,53,45,30,46
202110191915,124,71,44,110,81,53,29,59,64,32,53,43,31,49,121,75,44,114,85,53,33,61,61,32,51,46,31,50
202110191930,124,67,45,103,79,61,29,53,63,35,54,44,28,47,120,72,44,107,84,60,32,55,60,34,52,47,29,48
202110191945,115,65,47,107,80,67,27,51,63,37,56,42,31,47,112,69,46,110,84,65,31,53,60,36,54,45,31,48
202110192000,116,70,49,106,82,63,26,47,66,30,59,41,28,50,113,74,48,110,86,62,30,49,62,30,56,45,29,51
202110192015,116,70,46,108,70,64,24,46,57,33,51,36,36,51,112,74,45,112,75,61,27,48,54,32,50,40,35,52
202110192030,121,67,44,102,75,62,24,46,57,30,59,36,40,49,117,72,43,106,80,60,27,48,54,29,58,40,39,50
202110192045,114,63,43,101,81,55,31,43,55,33,57,34,32,50,111,67,43,105,85,53,33,45,53,33,55,38,32,51
202110192100,109,61,43,107,85,59,31,41,58,27,59,39,30,55,107,65,43,110,88,57,34,44,56,27,56,43,30,55
202110192115,98,58,45,105,83,56,31,35,61,26,57,40,30,56,96,61,45,107,86,55,34,38,58,26,55,44,30,57
202110192130,89,51,48,100,68,56,32,41,63,22,54,39,27,57,87,54,48,102,71,55,35,44,60,23,52,44,28,58
202110192145,80,49,43,94,67,57,31,49,64,21,56,37,27,59,78,52,43,96,69,56,34,52,61,21,54,42,27,59
202110192200,82,46,43,103,66,51,36,45,67,25,53,43,28,61,80,49,43,105,69,51,39,48,64,26,51,48,29,61
202110192215,78,46,46,103,62,47,35,40,67,21,47,34,26,63,76,49,46,104,65,48,38,43,64,22,45,40,26,63
202110192230,80,46,43,102,63,44,33,40,68,21,43,36,31,60,78,49,43,103,66,45,36,43,65,22,42,41,31,60
202110192245,80,43,39,99,64,42,34,35,63,22,47,37,30,58,78,46,40,101,67,43,37,38,60,23,46,42,30,58
202110192300,74,40,39,91,49,41,34,34,64,17,48,32,32,55,71,43,39,92,52,42,37,37,61,18,47,37,31,55
202110192315,68,37,32,83,49,34,35,32,64,19,47,25,28,54,65,40,33,84,52,36,38,35,62,20,46,30,27,53
202110192330,69,35,32,80,43,31,31,29,60,16,41,27,25,49,66,38,33,82,46,33,34,32,58,17,40,32,25,48
202110192345,63,33,30,74,39,30,28,28,55,17,35,25,24,45,60,36,30,76,42,32,31,31,53,17,34,29,24,45
202110200000,62,34,30,72,39,24,25,25,54,15,29,24,22,42,59,37,30,74,42,27,28,28,52,15,29,28,22,42
202110200015,60,35,27,68,38,18,23,24,50,16,24,23,21,39,58,37,27,70,41,21,26,27,48,16,24,27,21,39
202110200030,50,31,24,67,38,20,22,24,50,13,26,19,22,31,48,33,24,68,40,23,25,26,48,13,26,22,21,31
202110200045,44,25,22,60,31,17,19,23,48,12,28,19,21,32,42,27,22,61,33,20,22,25,46,12,28,22,20,32
202110200100,41,26,19,60,28,14,18,19,42,10,26,17,18,29,39,27,19,61,30,17,20,21,40,10,25,20,18,29
202110200115,41,22,21,57,28,12,18,19,39,10,23,17,19,26,39,24,21,58,30,15,20,21,37,10,23,19,18,26
202110200130,35,21,20,54,22,12,15,20,38,10,21,18,19,25,33,23,20,55,24,14,17,22,36,10,21,20,19,25
202110200145,34,23,16,52,23,13,17,20,36,7,24,18,16,26,32,24,16,53,25,15,19,22,34,8,24,21,16,25
202110200200,31,20,16,50,22,13,17,20,37,7,21,17,17,22,29,21,16,51,24,15,19,22,36,8,21,19,17,22
202110200215,31,18,17,47,21,11,17,18,40,4,19,15,16,22,29,19,17,48,23,14,19,20,38,5,19,17,16,22
202110200230,30,18,19,42,19,11,16,21,38,3,21,15,15,22,28,19,19,43,21,14,18,23,36,4,21,17,15,22
202110200245,28,19,17,44,19,13,16,19,39,3,20,13,15,18,26,20,17,45,21,16,18,21,37,4,20,15,14,18
202110200300,28,20,17,44,21,13,20,15,41,2,21,16,12,19,26,21,17,45,23,16,22,17,39,3,20,18,12,19
202110200315,28,18,18,42,19,11,14,18,42,3,19,16,15,18,26,19,17,43,21,14,17,20,40,4,19,18,15,18
202110200330,27,15,18,37,16,11,13,16,38,2,20,13,15,17,25,16,17,38,18,14,16,18,36,3,20,15,14,17
202110200345,25,18,16,38,18,11,13,16,36,3,21,15,15,17,23,19,15,39,20,14,15,18,34,4,21,17,15,17
202110200400,24,16,16,41,17,8,10,16,35,3,19,12,15,20,22,17,16,42,19,11,13,18,33,3,19,14,14,20
202110200415,21,16,13,45,15,9,9,19,35,3,15,8,16,21,19,17,13,45,17,12,12,21,33,3,15,11,15,21
202110200430,22,17,13,44,15,10,7,19,36,3,16,9,16,21,20,18,13,45,17,13,10,21,34,3,16,11,15,21
202110200445,25,18,12,42,13,13,8,20,37,3,16,8,16,23,23,19,12,43,15,15,11,22,35,3,16,11,15,22
202110200500,23,19,17,39,11,10,13,18,32,5,18,13,16,21,21,20,17,40,13,12,15,20,31,5,18,15,15,21
202110200515,23,19,17,42,11,11,15,18,31,7,18,11,16,20,21,20,17,43,13,13,17,20,30,7,18,13,15,20
202110200530,25,20,19,47,12,12,17,17,31,8,20,11,17,19,23,21,18,47,14,14,18,19,30,9,20,13,16,19
202110200545,28,19,17,45,11,10,17,21,32,11,22,12,18,21,26,20,17,46,14,12,19,23,31,11,22,14,17,21
202110200600,31,22,17,47,12,11,16,22,34,10,24,13,18,27,28,23,17,48,15,13,18,24,33,10,24,16,17,27
202110200615,33,21,22,50,16,17,16,25,36,11,27,16,17,29,30,23,22,51,19,19,18,27,35,11,26,19,17,29
202110200630,33,24,26,53,19,19,18,31,40,14,29,21,19,31,31,25,26,54,22,21,20,33,38,14,28,24,19,31
202110200645,31,24,24,53,18,19,21,41,40,20,30,22,22,33,29,25,24,54,20,21,23,43,39,20,30,25,22,33
202110200700,39,28,34,64,25,22,24,46,45,27,34,27,23,34,37,29,33,65,27,24,26,48,43,27,33,30,23,35
202110200715,42,31,35,66,33,28,25,47,48,30,35,34,28,40,40,32,35,67,35,29,27,49,46,29,35,37,28,40
202110200730,45,31,33,62,40,37,26,50,44,31,33,34,27,41,43,32,33,63,42,37,28,52,42,31,33,37,27,41
202110200745,47,33,37,63,43,38,22,55,46,31,33,35,29,41,45,34,37,64,45,38,24,57,44,30,33,38,29,42
202110200800,48,37,33,64,47,39,21,56,50,36,30,38,36,37,46,38,33,65,49,39,24,57,48,35,31,40,36,37
202110200815,49,36,32,56,44,32,21,47,46,32,33,31,35,31,47,37,31,58,46,32,24,48,44,31,34,33,34,32
202110200830,43,34,25,53,42,33,20,41,41,32,31,22,30,25,41,35,24,55,44,33,22,42,39,31,31,24,29,26
202110200845,40,27,24,50,41,27,18,38,35,31,29,18,26,22,39,29,23,51,42,27,20,39,34,30,29,20,25,23
202110200900,38,29,23,58,41,25,18,36,30,30,32,21,26,20,37,30,22,59,42,25,19,37,29,29,32,23,25,21
202110200915,37,27,24,56,38,28,18,31,30,36,30,20,20,19,36,28,23,57,40,28,19,32,29,35,29,21,20,20
202110200930,35,29,23,61,38,24,18,31,30,37,32,19,22,23,34,30,22,61,39,24,19,33,29,36,31,21,21,24
202110200945,35,26,22,57,38,26,14,32,29,39,26,19,26,21,34,27,21,58,39,26,16,33,28,37,26,21,25,22
202110201000,35,32,22,57,38,26,14,37,27,41,34,22,28,21,34,32,21,58,39,25,15,38,26,39,34,24,27,21
202110201015,32,31,22,57,44,25,17,39,31,41,32,19,30,25,31,31,22,58,45,25,18,40,30,39,32,21,28,25
202110201030,35,41,20,55,47,26,15,38,29,35,29,21,28,23,34,40,20,56,48,26,16,39,28,34,29,23,27,23
202110201045,38,38,23,62,42,23,14,42,28,29,28,23,29,23,37,38,22,63,43,23,15,43,27,28,29,25,28,24
202110201100,42,40,23,68,43,25,17,37,29,28,27,20,32,20,40,40,22,69,45,25,18,38,28,27,28,22,30,21
202110201115,48,46,20,69,37,27,14,39,30,26,26,20,30,24,46,46,20,70,39,27,16,40,29,25,27,22,29,24
202110201130,60,49,20,72,38,29,17,40,39,23,26,21,30,26,57,50,20,74,41,29,19,41,37,22,27,23,29,26
202110201145,61,49,22,75,40,36,16,41,41,26,27,19,29,28,58,50,22,76,43,36,19,42,39,25,28,22,28,28
202110201200,61,57,28,91,43,37,16,38,43,25,23,22,34,22,59,57,27,92,46,37,19,39,41,24,25,24,32,23
202110201215,72,61,26,88,43,40,19,35,43,25,25,24,29,27,69,62,25,90,47,39,21,37,41,24,26,26,28,28
202110201230,66,68,26,84,43,37,21,33,42,25,28,23,26,30,63,68,26,86,46,37,23,35,40,25,28,26,25,30
202110201245,61,57,24,77,45,37,21,37,36,24,24,26,26,27,59,57,24,79,48,36,22,38,35,24,25,28,25,27
202110201300,62,52,20,74,42,32,19,36,33,28,26,21,29,25,60,53,20,76,45,31,20,37,32,27,27,23,28,25
202110201315,60,50,21,67,40,27,17,38,31,33,25,20,26,26,58,51,21,69,43,27,18,39,30,32,26,22,25,26
202110201330,62,46,17,66,37,29,17,35,32,28,25,21,24,27,59,47,17,68,40,29,18,37,31,27,25,23,23,26
202110201345,56,39,15,66,37,27,16,32,29,28,25,22,23,23,54,41,15,68,40,27,17,34,28,27,25,24,22,23
202110201400,65,36,18,66,42,28,16,30,30,39,28,18,27,24,62,39,18,68,45,28,17,32,29,37,28,20,26,24
202110201415,72,41,17,68,44,27,16,30,29,35,25,18,22,20,69,44,17,71,48,27,17,31,28,33,25,20,21,20
202110201430,62,37,22,67,48,27,14,30,31,40,23,25,22,25,60,39,22,69,51,27,16,32,30,38,23,27,22,25
202110201445,58,41,25,67,46,27,14,30,35,41,21,25,27,23,56,42,24,69,48,27,16,31,33,39,22,27,26,24
202110201500,59,40,22,72,50,31,17,32,30,33,20,27,24,23,57,42,21,73,52,30,18,33,29,32,21,29,24,23
202110201515,59,36,23,71,49,26,15,30,31,35,22,24,23,20,57,38,22,72,51,26,17,31,30,34,23,25,23,21
202110201530,61,41,19,63,51,24,17,34,31,37,24,21,25,18,59,43,18,65,53,24,18,35,30,36,25,22,24,18
202110201545,55,41,24,64,51,23,18,39,31,30,20,22,23,22,53,42,23,66,53,23,19,40,30,29,21,24,22,22
202110201600,57,40,23,64,49,28,15,42,32,32,22,27,28,24,55,42,22,66,51,28,17,43,31,31,23,29,27,24
202110201615,58,39,21,68,53,27,15,45,33,30,22,29,26,21,56,41,20,70,55,27,17,46,31,29,23,30,26,21
202110201630,60,40,22,75,58,30,18,41,36,32,20,26,24,22,58,42,21,76,60,30,20,42,35,31,21,27,24,22
202110201645,65,35,28,75,59,33,19,53,34,31,22,36,21,27,63,38,27,77,61,32,20,54,33,30,22,37,22,28
202110201700,71,34,28,76,62,39,18,59,40,35,22,41,28,28,69,37,27,78,64,38,20,60,38,34,23,42,29,29
202110201715,77,40,27,78,68,40,18,68,41,32,29,46,24,37,75,43,27,80,70,39,20,69,39,31,29,48,26,37
202110201730,82,48,34,72,79,42,19,62,43,32,30,49,28,37,81,51,33,75,81,41,21,63,41,31,30,51,29,38
202110201745,93,61,39,71,84,43,21,68,51,34,33,48,29,44,91,64,38,75,86,43,24,69,48,33,33,50,30,45
202110201800,112,66,42,74,86,50,26,68,57,34,36,42,41,44,109,70,41,79,89,49,29,69,54,33,37,45,40,45
202110201815,123,68,45,83,89,58,30,71,56,31,38,42,40,45,120,72,44,89,93,56,33,72,54,31,39,45,39,46
202110201830,121,68,46,92,81,63,31,78,60,29,43,42,34,43,118,72,45,97,85,61,34,79,58,29,43,45,34,44
202110201845,126,65,49,98,89,74,30,74,66,26,44,42,40,50,123,70,48,103,93,71,34,75,63,26,44,46,39,51
202110201900,132,73,44,98,88,75,32,76,70,30,47,50,40,53,129,78,44,103,93,72,36,78,67,30,47,53,40,54
202110201915,130,70,46,112,86,65,29,66,68,28,44,44,41,49,127,75,45,116,90,63,33,68,65,28,44,47,41,50
202110201930,125,69,54,107,87,64,30,62,68,31,41,41,45,49,122,74,53,111,91,62,34,64,65,31,42,44,44,51
202110201945,126,72,48,107,85,57,29,63,69,36,35,44,45,50,123,76,47,111,89,56,33,65,66,35,37,47,44,51
202110202000,120,68,48,109,80,56,28,56,67,34,39,46,44,53,117,72,47,113,84,56,32,58,64,33,40,50,43,54
202110202015,122,58,47,118,81,58,31,57,66,28,45,38,38,53,119,64,46,121,85,57,35,59,63,28,45,42,37,54
202110202030,121,59,48,110,78,58,33,54,68,26,41,34,37,60,118,64,48,114,82,57,37,57,65,26,41,39,36,60
202110202045,111,53,48,104,71,57,31,55,70,28,43,35,40,64,108,58,48,108,75,57,35,58,67,28,43,41,39,64
202110202100,98,54,49,97,69,47,32,56,69,26,47,35,36,63,95,58,49,100,72,48,36,59,66,26,46,41,35,63
202110202115,96,53,45,104,67,46,31,56,68,26,45,40,36,63,93,57,45,106,70,47,35,59,65,26,45,45,36,63
202110202130,88,53,50,99,67,44,33,50,70,27,48,38,34,64,85,56,50,101,70,45,37,53,67,27,47,44,34,64
202110202145,88,48,48,102,62,49,31,46,69,23,51,39,36,68,85,52,49,104,65,50,35,49,66,23,50,45,36,68
202110202200,87,53,47,99,60,54,28,43,73,24,50,38,36,71,84,56,48,101,63,54,33,47,69,24,49,44,36,71
202110202215,85,51,48,101,55,50,28,40,72,24,57,37,30,65,82,54,48,103,59,51,33,44,68,24,55,43,30,65
202110202230,83,52,47,98,53,46,28,36,71,23,53,39,33,64,80,55,47,100,57,47,32,40,67,23,52,44,33,64
202110202245,84,52,45,95,53,43,27,39,65,19,53,37,34,61,81,55,45,97,57,44,31,42,62,20,52,42,34,61
202110202300,73,51,44,92,52,38,28,38,62,18,50,36,33,57,71,53,44,93,55,39,31,41,59,19,49,41,33,57
202110202315,67,49,40,86,46,36,24,33,65,16,43,30,31,62,65,51,41,87,49,38,28,37,61,16,42,36,30,61
202110202330,63,45,33,83,43,34,19,26,58,17,44,27,27,56,61,47,34,84,46,35,23,30,55,17,43,32,27,55
202110202345,59,41,29,79,41,32,19,24,60,16,38,30,21,54,57,43,30,80,44,34,23,27,56,16,37,35,21,53
202110210000,55,36,29,69,36,30,20,24,59,13,41,23,17,52,52,38,30,71,39,32,24,27,56,13,39,28,17,51
202110210015,48,32,26,62,32,28,17,23,51,13,33,20,19,43,46,34,27,64,35,30,21,26,48,13,32,24,19,42
202110210030,46,33,23,53,28,25,13,21,49,13,31,19,17,39,44,34,24,55,31,27,17,24,46,13,30,23,17,38
202110210045,45,34,22,54,23,23,13,17,44,13,27,17,17,36,43,35,23,56,26,25,16,20,41,13,26,21,17,35
202110210100,44,30,24,51,21,19,16,15,43,9,24,15,15,33,41,31,24,53,24,21,19,18,41,9,23,19,15,33
202110210115,38,27,24,52,24,15,16,16,37,9,27,16,16,32,36,28,24,53,27,17,18,19,35,9,26,19,16,32
202110210130,40,26,21,52,22,14,15,14,39,7,29,17,12,30,38,27,21,53,25,16,18,17,37,7,28,20,12,30
202110210145,36,26,19,48,22,14,15,16,39,6,26,16,10,31,34,27,19,49,25,16,17,19,37,7,25,19,10,30
202110210200,32,25,21,45,21,13,14,16,42,6,26,13,11,28,30,26,21,46,23,16,17,18,40,7,25,16,11,28
202110210215,29,22,20,43,19,15,11,14,39,4,28,13,9,28,27,23,20,44,21,17,14,16,37,4,26,16,9,28
202110210230,31,18,19,38,17,14,12,15,39,3,27,14,10,26,28,20,19,39,20,16,15,17,37,4,25,17,10,26
202110210245,32,16,18,41,14,14,12,13,37,3,22,15,9,23,29,18,18,42,17,16,15,15,35,4,21,17,9,23
202110210300,29,13,20,38,14,17,13,13,36,3,22,14,9,22,26,15,19,39,17,19,15,15,34,4,21,16,9,22
202110210315,29,14,18,41,17,12,8,15,36,3,20,13,9,19,26,16,17,42,19,14,11,17,34,3,19,15,9,19
202110210330,27,16,18,39,13,12,9,14,35,2,22,12,8,17,25,18,17,40,16,14,12,16,33,2,21,14,8,17
202110210345,26,16,18,37,13,12,10,15,30,3,24,11,9,18,24,17,17,38,15,14,12,17,28,3,23,13,9,18
202110210400,25,18,18,37,14,13,9,16,30,3,23,10,8,21,23,19,18,38,16,14,11,18,28,3,22,12,8,21
202110210415,27,18,15,36,12,14,6,15,30,2,21,9,6,20,25,19,15,37,15,15,9,17,28,2,20,11,6,20
202110210430,26,16,14,35,12,13,5,14,30,2,22,9,6,20,24,17,14,36,15,14,8,16,28,2,20,11,6,20
202110210445,27,15,15,34,12,14,6,16,32,2,21,9,5,21,25,16,15,36,15,16,9,18,30,2,19,12,5,21
202110210500,25,14,17,34,12,15,10,17,29,3,22,12,9,22,23,15,17,35,15,16,12,19,28,3,21,14,9,22
202110210515,25,14,16,34,12,14,9,14,29,3,25,12,6,25,23,15,16,35,15,15,11,16,28,3,23,15,6,25
202110210530,26,15,18,33,14,13,10,15,33,4,26,11,7,27,24,16,18,35,16,15,12,17,31,4,24,14,7,27
202110210545,29,15,14,37,18,14,13,16,31,6,23,15,8,28,27,17,14,38,20,15,15,18,30,6,22,18,8,27
202110210600,31,18,15,40,17,20,14,17,34,7,26,20,11,30,29,20,16,42,20,21,16,19,32,7,25,23,12,29
202110210615,32,19,20,44,17,22,16,18,33,5,29,21,12,32,30,20,20,46,20,23,18,21,32,6,28,24,13,31
202110210630,36,19,21,49,22,20,17,23,37,9,32,24,14,34,33,21,21,50,25,21,19,25,36,9,30,27,15,33
202110210645,42,22,25,47,22,22,20,30,42,13,33,23,16,32,39,24,25,49,25,24,22,32,40,13,32,26,16,32
202110210700,45,27,29,52,30,32,20,36,46,25,33,28,20,33,43,29,28,54,33,33,23,38,44,24,32,31,20,34
202110210715,40,30,29,55,30,30,19,43,51,26,33,32,20,39,38,31,29,56,32,32,22,45,48,25,32,35,21,39
202110210730,47,35,30,59,39,34,17,57,53,30,37,37,19,41,45,36,30,61,41,35,21,59,50,29,36,40,20,41
202110210745,53,34,33,60,42,32,21,51,54,29,36,40,21,36,51,36,32,62,44,33,24,53,51,28,35,42,22,36
202110210800,59,37,34,62,46,35,23,50,52,32,39,41,24,36,57,39,33,64,48,36,26,52,49,31,38,43,25,37
202110210815,55,34,31,59,38,31,18,45,41,27,32,35,29,38,53,36,31,61,41,31,20,47,39,26,32,38,29,38
202110210830,46,37,28,61,35,32,17,41,38,25,31,28,22,29,44,38,27,62,37,32,19,42,36,24,30,30,22,30
202110210845,44,34,25,64,37,27,13,38,37,29,33,27,21,26,42,35,24,65,39,27,15,39,35,28,32,29,21,26
202110210900,44,27,26,62,33,24,13,39,33,29,29,27,20,31,42,29,26,63,36,24,15,41,31,28,28,29,20,31
202110210915,43,22,22,60,41,25,10,39,30,30,28,28,21,34,42,24,22,61,43,25,12,41,29,28,28,31,21,34
202110210930,46,26,24,68,33,28,9,36,31,31,28,28,25,29,44,28,24,69,36,28,11,38,29,29,28,30,25,29
202110210945,45,27,27,63,40,25,15,38,33,33,31,25,30,27,43,29,26,64,42,25,17,39,32,32,31,27,29,28
202110211000,48,33,23,65,46,25,12,38,35,34,31,28,26,24,46,35,22,66,48,25,14,39,33,32,31,30,26,24
202110211015,54,35,25,56,45,30,12,42,39,32,29,26,27,26,52,37,24,58,47,30,15,43,37,31,29,28,26,26
202110211030,53,38,25,61,41,28,13,41,38,31,32,29,28,24,51,39,24,63,43,28,16,42,36,30,32,30,28,24
202110211045,54,37,22,64,42,27,12,37,34,31,29,28,26,26,52,38,22,66,44,27,14,38,32,30,29,30,26,26
202110211100,61,39,21,66,44,27,14,38,34,27,29,32,25,27,59,41,21,68,47,27,16,40,33,26,29,34,25,27
202110211115,63,39,23,62,41,29,15,40,38,28,28,29,25,30,61,41,23,64,44,29,17,42,36,27,28,31,25,30
202110211130,68,37,25,69,38,33,14,37,43,34,30,31,28,31,65,40,25,71,42,33,17,39,41,33,30,33,28,31
202110211145,76,45,27,70,41,31,15,38,41,34,33,27,31,33,73,48,27,73,45,31,18,40,39,33,33,30,30,33
202110211200,84,61,27,81,55,32,13,43,45,35,32,25,32,35,81,63,27,84,58,33,16,45,42,33,33,28,31,35
202110211215,80,62,26,86,58,30,15,35,48,36,30,26,33,29,77,63,26,88,61,31,18,37,45,34,31,28,32,29
202110211230,67,63,23,82,57,32,15,36,47,32,30,31,28,32,65,63,23,83,59,33,18,38,44,31,30,33,28,32
202110211245,64,57,23,79,53,29,14,35,43,33,28,28,27,32,62,57,23,81,55,30,17,37,41,32,28,30,27,32
202110211300,64,48,21,81,52,29,13,33,33,35,27,28,33,30,62,49,21,83,54,29,15,35,32,33,28,30,32,30
202110211315,58,45,23,74,44,31,10,30,31,30,24,29,32,27,56,46,23,75,47,30,12,32,30,29,25,31,31,27
202110211330,57,42,24,64,43,28,12,31,28,31,24,37,31,24,54,44,23,66,46,27,13,33,27,30,25,38,31,24
202110211345,53,40,23,68,49,29,12,33,28,32,26,37,30,26,51,41,23,69,51,28,14,35,27,31,27,38,30,26
202110211400,51,39,23,70,52,27,13,31,31,32,24,38,28,26,50,40,23,71,53,27,15,33,30,31,25,39,28,26
202110211415,58,37,22,70,60,25,14,33,34,28,24,38,29,25,57,39,22,72,61,25,16,35,33,27,25,39,29,25
202110211430,57,38,19,72,59,31,13,34,36,30,28,34,26,25,56,40,19,73,60,31,15,36,34,29,28,35,26,25
202110211445,55,34,21,75,54,32,17,41,37,25,29,36,27,27,54,36,21,76,56,32,19,42,35,24,29,37,27,27
202110211500,55,35,20,76,52,31,20,47,39,0,25,37,30,24,53,37,20,77,54,31,22,48,37,1,26,38,30,24
202110211515,57,36,22,66,46,30,22,41,41,0,27,35,27,26,55,38,22,68,48,30,24,42,39,1,28,36,27,26
202110211530,64,39,21,64,48,27,20,46,40,0,23,32,24,27,62,41,21,66,51,28,22,47,38,1,24,34,24,27
202110211545,56,33,23,61,50,31,25,46,41,0,27,30,26,27,54,35,23,63,52,31,27,47,40,2,27,32,26,27
202110211600,53,41,23,77,48,28,29,47,50,0,27,31,24,29,51,42,23,78,50,30,31,48,48,2,27,33,24,29
202110211615,63,44,23,72,60,26,25,46,43,0,27,40,25,27,62,46,23,74,62,27,27,47,42,2,27,41,26,27
202110211630,67,46,29,67,62,26,22,47,48,0,29,41,27,29,65,48,28,69,64,28,25,48,46,1,29,42,28,30
202110211645,77,50,27,73,71,30,22,63,56,0,31,49,26,38,75,52,27,76,73,32,25,64,53,1,31,51,28,38
202110211700,74,45,31,69,68,33,25,59,57,0,34,50,31,39,72,48,31,72,70,34,28,60,54,1,34,52,32,39
202110211715,77,48,31,75,65,36,24,74,57,36,34,51,36,38,75,51,31,78,67,37,27,75,54,35,35,53,37,38
202110211730,79,54,31,77,76,35,24,79,51,35,33,51,35,35,78,56,31,80,78,36,27,79,49,34,34,52,36,36
202110211745,85,53,39,82,85,40,23,75,55,37,30,54,34,39,84,56,38,85,86,40,26,76,52,36,31,55,35,40
202110211800,102,63,38,86,86,51,25,69,62,35,34,50,36,42,100,66,37,90,89,51,29,70,59,34,35,52,37,43
202110211815,120,67,37,91,89,52,27,63,60,36,36,54,43,46,117,71,37,96,93,51,30,64,57,35,37,56,43,46
202110211830,125,76,40,92,84,54,25,63,63,33,35,50,45,48,122,80,40,97,88,53,29,65,60,32,37,53,45,48
202110211845,127,72,44,101,83,57,26,53,65,29,43,49,49,51,123,77,44,106,88,56,30,55,62,29,44,52,48,52
202110211900,138,73,39,111,81,62,26,58,60,28,40,51,48,57,134,78,40,116,86,60,30,60,57,28,42,55,47,57
202110211915,132,74,39,107,78,59,26,49,60,27,36,49,50,55,128,79,39,112,83,57,30,52,57,27,38,53,49,55
202110211930,136,70,46,115,87,56,32,48,62,29,41,54,51,59,132,76,46,119,92,55,35,51,59,29,43,58,50,59
202110211945,143,74,42,109,88,56,29,50,62,29,39,47,44,55,139,80,42,114,93,55,32,53,59,29,40,51,43,55
202110212000,136,73,50,107,88,54,30,42,64,29,44,47,47,60,133,78,50,112,93,53,33,45,61,29,45,51,46,61
202110212015,141,77,46,106,81,55,26,41,58,24,51,46,42,57,137,82,46,111,86,54,29,44,55,24,51,50,42,57
202110212030,135,76,48,100,73,60,27,40,62,23,51,46,33,63,130,81,48,105,79,58,30,43,59,23,50,51,34,63
202110212045,124,74,48,97,74,60,32,45,68,25,54,44,39,61,120,78,48,102,79,59,36,48,65,25,53,49,39,62
202110212100,117,74,49,105,75,64,33,45,66,26,45,43,40,64,114,77,49,109,79,62,36,48,63,26,45,48,40,64
202110212115,101,68,47,97,76,65,26,42,73,26,47,45,41,59,98,71,47,100,79,64,31,45,69,26,47,49,41,59
202110212130,92,59,51,103,73,61,28,38,76,22,48,41,38,59,90,62,51,105,76,61,33,41,72,22,48,46,38,60
202110212145,91,61,52,103,65,58,29,44,72,23,44,40,41,63,88,63,52,105,68,58,33,47,68,23,44,45,40,64
202110212200,87,59,48,104,62,55,30,45,74,23,51,41,40,74,84,61,49,106,65,55,35,49,70,23,51,47,39,73
202110212215,87,53,45,102,59,55,30,42,70,23,50,43,36,69,84,56,46,104,62,55,34,46,66,23,49,49,36,68
202110212230,89,52,45,103,58,49,29,39,70,20,47,40,33,60,86,55,45,105,62,50,33,42,66,20,46,45,33,60
202110212245,85,46,45,105,56,45,27,40,69,18,49,37,34,60,82,50,45,106,60,46,31,43,65,18,48,42,34,60
202110212300,71,37,44,98,54,45,30,38,70,19,47,33,31,59,69,40,44,99,57,46,34,41,66,20,46,38,31,59
202110212315,65,37,39,91,54,44,28,33,69,17,42,30,28,59,63,40,40,92,56,45,32,36,66,18,41,36,28,59
202110212330,56,36,39,78,52,42,26,31,69,17,42,28,23,54,55,38,39,79,54,44,30,34,65,17,41,33,23,54
202110212345,53,36,36,75,42,41,22,32,67,15,34,27,23,52,51,38,36,76,44,43,27,35,63,15,33,32,23,52
202110220000,45,34,33,69,43,36,21,32,60,13,32,23,22,49,43,35,33,70,45,37,25,35,57,14,31,28,22,49
202110220015,36,31,28,59,37,32,19,30,56,13,29,21,22,49,34,32,29,60,39,33,23,33,53,13,29,26,22,48
202110220030,37,30,23,63,33,28,21,28,50,13,23,22,19,46,35,31,24,64,35,29,24,31,48,13,23,27,19,45
202110220045,37,28,22,53,27,25,17,26,46,12,25,22,20,37,35,29,22,54,29,26,20,28,44,12,25,25,20,36
202110220100,38,28,21,56,27,25,15,19,44,11,24,22,22,36,36,29,21,57,29,26,18,22,42,11,24,25,22,35
202110220115,35,26,20,58,22,25,14,20,45,14,25,20,18,31,33,27,20,59,25,26,17,22,42,14,25,23,18,30
202110220130,31,25,19,54,19,25,15,22,43,13,23,18,16,29,29,26,19,54,22,26,18,24,41,13,23,21,16,29
202110220145,29,22,20,54,18,21,13,21,41,14,21,16,16,27,27,23,20,54,20,23,16,23,39,14,21,19,16,27
202110220200,24,20,19,51,18,23,15,18,40,10,24,16,16,31,22,21,19,51,20,24,18,20,38,10,24,19,16,30
202110220215,27,22,17,49,17,25,13,16,40,4,21,15,15,31,25,23,17,50,19,26,16,19,38,5,21,18,15,30
202110220230,25,21,18,47,19,24,13,19,35,4,20,15,15,30,23,22,18,48,21,25,15,21,33,5,20,18,15,29
202110220245,25,18,19,45,15,22,11,15,34,4,23,16,14,26,23,19,19,46,17,23,13,17,32,4,22,19,14,26
202110220300,22,17,18,47,17,24,12,16,34,5,23,17,13,26,20,18,18,48,19,24,14,18,32,5,22,20,13,26
202110220315,21,19,19,48,15,19,7,18,34,4,19,15,12,23,19,20,19,48,17,20,10,20,32,4,19,17,12,23
202110220330,23,14,17,50,14,18,6,19,31,5,19,17,11,22,21,15,17,50,16,19,9,21,29,5,18,19,11,22
202110220345,22,15,17,47,15,19,6,18,32,5,20,16,11,24,20,16,17,47,17,20,9,20,30,5,19,18,11,24
202110220400,20,15,17,47,14,22,5,19,31,5,22,17,9,24,18,16,17,47,16,22,8,21,29,5,21,19,10,24
202110220415,20,15,13,49,14,22,5,19,33,5,18,12,10,24,18,16,13,49,16,23,8,21,31,5,17,15,10,23
202110220430,22,15,14,49,12,20,4,18,35,5,17,12,11,24,20,16,14,49,14,21,7,20,32,5,17,15,11,23
202110220445,24,14,13,48,13,17,5,20,35,5,19,12,10,25,22,15,13,48,15,19,8,22,33,5,18,15,10,24
202110220500,25,17,15,41,13,20,11,16,35,8,17,14,11,24,23,18,15,42,15,21,14,18,33,8,17,17,11,24
202110220515,22,19,16,43,10,18,12,18,32,7,19,13,12,23,20,20,16,44,13,19,14,20,30,7,18,16,12,23
202110220530,23,20,16,46,11,17,12,18,34,10,22,13,11,23,20,21,16,47,14,18,14,20,32,10,21,16,11,23
202110220545,25,19,18,44,12,19,14,18,36,12,22,13,11,26,23,20,18,45,15,20,16,20,34,12,21,16,11,26
202110220600,23,19,20,47,17,22,16,20,39,16,27,15,13,27,21,20,20,48,19,23,18,22,37,16,26,18,13,27
202110220615,30,23,21,52,17,23,15,22,39,16,29,19,15,31,28,24,21,53,20,24,17,24,37,16,28,22,15,31
202110220630,34,25,23,58,19,25,23,25,43,18,32,19,16,35,32,26,23,58,22,26,25,27,41,18,31,23,16,35
202110220645,34,24,25,57,19,28,23,37,44,21,33,22,18,42,32,25,26,58,22,29,25,39,42,21,32,26,18,41
202110220700,36,29,30,59,26,33,21,42,45,28,39,23,24,42,34,30,30,60,28,33,23,44,43,27,38,27,23,42
202110220715,40,30,27,62,30,39,21,44,46,24,43,30,24,45,38,31,28,63,32,39,23,46,44,24,42,34,24,45
202110220730,49,31,32,63,38,43,20,51,52,28,40,36,26,48,47,33,32,65,40,43,23,53,49,27,39,40,27,48
202110220745,49,32,31,55,41,38,22,50,53,32,38,34,27,42,47,34,31,57,43,38,25,52,50,31,37,37,27,42
202110220800,55,36,33,60,47,37,21,49,54,39,46,36,28,42,53,38,33,62,49,38,24,51,51,38,45,39,28,42
202110220815,49,33,29,57,44,33,17,44,51,31,40,31,25,40,47,35,29,59,46,34,20,46,48,30,39,34,25,40
202110220830,45,33,27,62,44,35,16,41,50,31,35,25,24,34,44,34,27,63,46,36,20,43,47,30,34,28,24,34
202110220845,44,32,22,68,42,26,15,37,41,25,29,28,21,32,42,33,22,69,44,27,18,39,39,24,29,30,21,32
202110220900,47,32,21,71,38,24,14,41,42,28,30,28,26,28,45,34,21,72,40,25,17,42,40,27,30,30,26,28
202110220915,42,30,23,62,37,25,16,40,38,33,34,31,24,30,40,31,23,63,39,26,18,42,36,32,33,33,24,30
202110220930,46,28,23,66,36,33,13,39,36,30,34,30,23,30,44,30,23,67,38,32,15,41,34,29,33,32,23,30
202110220945,46,32,29,59,39,29,13,32,40,28,30,27,26,24,44,33,28,60,41,29,16,34,38,27,30,29,26,25
202110221000,49,28,23,56,38,28,14,35,39,26,31,27,29,23,47,30,22,58,40,28,17,36,37,25,31,28,28,24
202110221015,47,29,20,54,36,28,13,42,35,31,35,29,28,25,45,31,20,56,38,28,15,43,33,30,35,31,28,25
202110221030,49,31,19,61,40,29,14,39,35,33,30,31,26,22,47,33,19,63,42,29,16,40,33,31,30,32,26,22
202110221045,54,29,19,64,39,30,16,40,38,29,30,31,28,25,52,31,19,66,42,30,18,41,36,28,30,32,28,25
202110221100,57,34,23,66,40,27,15,38,37,29,28,31,31,26,55,36,22,68,43,28,17,39,35,28,29,32,30,26
202110221115,59,35,20,65,44,29,15,38,38,27,26,32,30,28,57,37,20,67,47,30,17,40,36,26,27,34,30,28
202110221130,66,38,18,69,53,32,16,36,41,27,28,29,30,26,64,40,18,71,55,32,19,37,39,26,29,31,29,26
202110221145,68,44,21,73,54,33,17,41,43,27,30,30,31,26,66,46,21,75,57,33,20,42,41,26,31,32,30,26
202110221200,74,58,22,85,57,35,17,36,50,32,33,29,28,30,72,59,22,87,60,36,20,38,47,31,33,31,28,30
202110221215,84,64,24,87,57,43,17,39,51,28,32,28,26,36,81,65,24,89,60,43,20,41,48,27,32,31,26,36
202110221230,85,53,26,84,54,39,18,40,51,28,24,31,34,39,82,56,26,87,58,39,21,42,48,27,26,34,33,39
202110221245,84,51,26,79,56,36,16,37,48,26,25,30,30,36,81,54,26,82,59,36,19,39,45,25,26,33,29,36
202110221300,76,50,23,75,52,34,18,36,42,29,27,30,32,35,73,52,23,78,55,34,20,38,40,28,28,33,31,34
202110221315,81,45,26,66,52,29,16,34,33,33,30,26,27,39,78,48,26,69,56,29,18,36,32,32,30,29,26,38
202110221330,75,42,23,70,50,31,13,36,35,35,28,26,28,35,72,45,23,73,53,31,15,38,33,33,28,29,27,35
202110221345,68,44,17,68,52,28,15,33,36,33,25,26,29,32,66,46,18,70,55,28,17,35,35,32,26,29,28,31
202110221400,70,43,16,76,43,33,14,37,39,36,26,27,30,27,67,46,16,78,46,33,16,38,37,35,27,29,29,27
202110221415,70,44,19,71,44,31,17,32,34,37,27,23,31,27,67,46,19,73,47,31,19,34,33,36,28,25,30,27
202110221430,60,41,15,72,43,34,15,36,33,31,30,22,31,31,58,43,16,74,46,33,17,38,32,30,31,25,30,30
202110221445,61,39,20,73,42,34,15,33,32,29,34,19,31,30,59,41,20,75,45,33,17,35,31,28,34,22,29,30
202110221500,64,34,19,76,41,30,14,35,32,30,33,24,32,29,61,37,19,78,44,30,16,37,31,29,34,27,31,28
202110221515,62,37,19,83,44,31,13,39,38,31,37,25,30,25,60,39,19,84,47,31,16,40,36,30,37,27,29,25
202110221530,58,34,21,71,48,31,10,35,42,35,31,26,29,24,56,36,21,73,50,31,14,36,39,33,31,28,28,24
202110221545,62,40,25,72,52,36,13,42,39,31,32,29,31,27,60,42,24,74,54,35,16,43,37,30,32,31,30,27
202110221600,59,42,25,64,56,33,14,42,43,31,31,29,35,25,57,44,24,66,58,33,17,43,41,30,32,30,34,26
202110221615,64,43,25,68,58,31,17,44,39,28,33,30,32,26,62,45,24,70,60,31,19,45,37,27,34,32,31,27
202110221630,66,41,31,67,58,36,19,53,38,34,33,34,33,26,64,43,30,69,60,35,21,54,36,33,34,35,32,27
202110221645,67,42,33,67,64,35,19,72,35,32,29,41,32,30,65,44,32,70,66,34,21,72,34,31,30,42,32,31
202110221700,69,40,31,71,66,39,16,72,39,31,33,44,29,33,67,43,30,73,68,38,18,72,37,30,33,45,30,34
202110221715,73,45,35,74,68,40,18,73,45,32,34,46,34,41,71,48,35,76,70,40,21,74,43,31,35,48,34,41
202110221730,82,54,39,77,76,49,17,77,48,35,39,47,35,43,80,56,38,80,78,48,20,78,45,34,39,49,36,44
202110221745,95,59,42,84,79,51,17,78,46,37,37,44,38,42,93,62,41,88,81,49,20,79,44,36,38,46,38,43
202110221800,108,75,45,96,82,54,29,74,49,36,34,39,41,39,105,78,44,100,85,52,31,75,47,35,35,41,40,41
202110221815,123,81,44,101,93,58,28,68,51,33,39,42,38,44,120,84,43,105,96,56,30,69,49,33,40,45,38,45
202110221830,150,79,48,108,96,58,27,67,54,32,37,43,33,45,146,85,47,114,101,56,30,68,52,32,37,46,33,47
202110221845,161,77,52,115,102,62,28,67,57,29,32,46,38,49,157,84,51,121,107,60,31,69,55,29,33,49,38,51
202110221900,160,80,48,116,97,68,32,66,66,34,38,43,42,53,156,86,48,122,103,66,35,68,63,34,39,47,41,54
202110221915,158,75,49,125,97,71,30,60,70,31,42,42,45,48,154,82,48,130,102,69,34,62,67,31,43,45,44,49
202110221930,157,82,53,121,99,68,34,62,67,29,39,43,44,51,153,88,52,127,104,66,37,64,64,29,40,47,43,53
202110221945,156,86,54,121,96,65,30,64,66,26,38,46,45,59,152,92,53,127,101,63,34,66,63,26,40,50,44,60
202110222000,159,88,54,113,89,73,28,64,69,26,51,45,46,63,154,94,54,119,95,70,32,66,65,26,51,50,45,64
202110222015,144,82,55,111,84,72,26,56,75,25,57,42,43,63,140,87,55,116,90,70,31,59,71,25,56,47,42,64
202110222030,146,69,59,114,83,74,24,56,74,24,54,41,44,65,141,76,59,119,89,72,29,59,70,24,54,46,43,66
202110222045,146,70,59,115,83,72,27,54,75,23,58,39,44,70,142,76,59,120,89,70,32,57,71,23,57,45,43,71
202110222100,139,69,61,112,84,63,28,56,72,19,60,42,43,68,135,75,60,117,89,62,33,59,68,19,59,48,42,69
202110222115,130,68,61,109,87,54,28,54,72,24,56,38,38,71,127,73,61,113,91,54,33,57,68,24,55,44,37,72
202110222130,125,76,58,113,84,57,30,53,71,24,52,46,38,69,122,80,58,117,88,57,34,56,67,24,51,52,38,70
202110222145,119,73,56,108,67,58,27,47,70,25,54,44,41,71,115,77,56,112,72,57,31,51,66,25,53,50,41,72
202110222200,113,64,55,117,63,59,29,47,70,25,48,44,46,74,109,68,55,120,68,58,33,51,66,25,49,50,45,74
202110222215,100,60,50,111,61,55,28,45,68,26,45,45,40,68,96,63,50,113,65,55,32,48,65,26,45,50,40,68
202110222230,93,51,45,109,58,51,27,41,70,20,48,39,40,66,90,55,46,111,62,51,31,44,66,20,48,45,39,66
202110222245,79,45,46,103,57,52,27,41,66,20,50,37,37,65,77,48,47,104,60,52,31,44,62,20,49,43,36,65
202110222300,73,45,39,99,55,51,28,40,61,18,49,32,33,65,71,48,40,100,58,51,31,44,58,19,48,38,32,64
202110222315,67,45,37,92,53,48,30,35,61,20,49,30,33,56,65,47,38,93,55,48,33,38,58,21,48,35,32,56
202110222330,67,45,33,91,55,49,27,32,64,17,43,27,34,56,65,47,34,92,57,49,31,35,61,18,43,32,33,55
202110222345,63,42,28,84,55,48,25,27,61,15,43,24,30,48,61,44,29,85,57,48,29,30,58,16,42,28,29,47
202110230000,56,37,29,79,51,42,22,29,59,16,37,22,30,42,54,39,29,80,53,42,26,32,56,16,37,26,29,42
202110230015,57,34,26,73,44,32,21,27,58,11,33,22,26,36,55,36,26,75,47,34,25,29,55,12,33,25,25,36
202110230030,58,31,26,73,46,25,20,22,59,10,31,20,23,34,56,34,26,75,48,28,24,25,56,11,31,23,22,34
202110230045,48,29,24,66,37,23,20,21,53,9,29,21,23,26,46,31,24,67,39,26,23,23,50,10,29,23,22,26
202110230100,44,26,24,62,38,22,20,17,61,12,27,20,17,26,42,28,23,63,40,25,24,19,57,13,26,22,17,26
202110230115,39,26,23,59,32,23,19,14,58,9,28,21,16,23,37,27,22,60,34,26,23,16,54,10,27,23,16,23
202110230130,39,21,23,60,27,20,16,12,53,10,23,21,16,22,37,23,22,61,29,23,20,14,50,10,23,23,16,22
202110230145,34,23,19,58,27,26,15,10,48,7,23,17,16,19,32,24,18,58,29,28,19,12,45,8,23,19,16,19
202110230200,30,21,18,59,27,23,12,12,49,10,24,19,18,18,28,22,17,59,29,25,16,14,46,10,24,20,18,18
202110230215,28,22,18,53,23,19,9,12,51,5,21,16,19,18,26,23,18,53,25,22,14,14,47,5,21,18,18,18
202110230230,28,19,16,45,23,21,9,12,48,5,18,18,19,19,26,20,16,46,25,23,13,14,45,5,19,20,19,19
202110230245,27,18,13,41,23,21,9,11,46,6,22,17,15,22,25,19,13,42,25,23,13,13,43,6,22,19,15,21
202110230300,25,17,16,43,24,19,10,12,49,6,20,17,12,18,23,18,16,44,26,22,14,14,46,6,19,19,12,18
202110230315,22,16,18,40,25,18,6,12,48,6,19,15,12,16,21,17,17,41,26,21,11,14,44,6,19,17,12,17
202110230330,22,19,16,40,24,18,7,11,44,7,18,15,12,15,20,20,15,41,25,20,11,13,41,7,18,16,12,15
202110230345,28,18,15,40,24,17,7,10,46,6,18,16,10,14,26,19,14,41,26,20,11,12,43,6,17,17,10,14
202110230400,25,18,14,39,26,16,6,9,47,6,19,18,9,16,24,19,13,40,28,19,10,11,44,6,18,19,10,16
202110230415,24,20,13,37,23,18,5,10,46,5,14,12,10,16,22,21,13,38,25,21,9,12,43,5,14,14,10,16
202110230430,19,20,12,38,22,17,5,11,47,4,14,9,9,16,18,20,12,39,23,20,10,13,43,4,14,11,9,16
202110230445,20,24,11,42,21,15,6,10,47,3,16,10,12,17,19,24,11,43,23,18,11,12,44,3,16,12,12,17
202110230500,20,17,14,39,20,13,10,11,43,7,17,13,13,13,19,18,13,40,22,16,14,13,40,7,17,14,13,13
202110230515,20,18,16,37,21,12,9,10,43,8,18,16,11,12,18,19,15,38,22,15,13,12,40,8,18,17,11,12
202110230530,24,19,19,36,20,15,11,11,42,7,21,15,12,16,22,20,18,37,22,18,14,13,40,7,20,16,12,16
202110230545,23,20,17,38,21,19,11,13,43,9,21,16,14,15,22,21,16,39,23,21,14,15,40,9,20,17,14,15
202110230600,24,23,18,45,22,18,15,13,42,13,21,18,16,21,23,23,18,46,24,20,18,15,40,13,21,20,16,21
202110230615,26,22,21,46,23,20,15,14,42,15,22,18,20,23,24,23,21,47,25,22,18,16,40,15,22,20,19,23
202110230630,30,26,22,49,27,22,17,19,47,17,27,22,23,25,28,27,22,50,29,24,20,21,45,17,27,24,22,25
202110230645,30,26,20,52,31,22,18,21,49,21,30,27,20,31,28,27,20,53,33,24,21,23,46,21,29,29,20,31
202110230700,34,32,24,58,30,28,22,31,59,25,33,28,22,31,32,32,24,59,32,31,26,33,56,25,32,30,22,31
202110230715,32,32,23,63,31,31,21,33,64,28,33,29,22,33,30,32,23,63,33,34,25,35,60,27,32,31,22,33
202110230730,34,35,26,61,37,34,18,34,64,33,38,30,22,39,33,35,26,61,38,36,23,36,60,32,37,33,22,39
202110230745,36,37,26,67,39,34,17,40,63,31,37,34,20,44,34,37,27,67,40,36,22,42,59,30,36,38,21,43
202110230800,43,39,28,68,40,37,17,51,64,35,43,46,25,49,41,39,29,69,42,39,22,53,60,34,42,49,26,48
202110230815,42,39,31,72,43,37,19,61,58,32,47,39,27,45,41,39,31,72,44,38,23,63,55,31,45,42,28,45
202110230830,44,38,29,75,42,39,19,68,56,30,45,43,24,43,42,39,29,75,44,40,23,69,53,29,43,46,25,42
202110230845,47,37,29,66,42,35,24,58,56,31,41,44,29,35,45,38,29,67,44,36,27,59,53,30,40,46,30,35
202110230900,49,40,29,68,39,38,20,60,52,30,36,44,32,37,47,41,29,69,41,38,23,61,49,29,36,46,32,37
202110230915,50,36,29,69,38,39,22,52,48,29,35,37,32,34,48,37,29,70,40,39,25,53,46,28,35,39,32,34
202110230930,47,37,30,71,45,36,22,53,47,30,40,39,32,37,45,38,30,72,47,36,25,54,45,29,40,41,32,37
202110230945,54,39,33,63,49,38,19,53,51,30,44,39,36,36,52,40,32,65,51,38,22,54,48,29,44,41,36,37
202110231000,59,40,33,71,58,38,23,61,53,29,40,39,31,40,57,42,33,73,60,38,26,62,51,29,40,42,31,40
202110231015,64,40,31,67,58,39,22,58,50,30,37,37,33,38,62,42,31,69,60,39,25,59,48,29,37,39,33,38
202110231030,62,48,36,67,59,35,18,61,57,31,39,38,31,36,60,49,35,69,61,36,22,62,54,30,39,40,31,37
202110231045,70,50,35,72,61,36,20,55,55,30,39,41,32,33,68,52,34,74,63,37,24,56,52,29,39,43,32,34
202110231100,74,53,36,73,66,41,17,57,54,34,39,40,38,36,72,55,35,76,68,41,21,58,51,33,40,42,38,37
202110231115,78,55,36,82,59,33,14,60,63,27,39,40,32,39,76,57,36,84,62,35,19,61,59,26,39,42,32,40
202110231130,85,60,41,83,61,37,15,63,58,26,43,43,30,39,82,62,40,86,64,38,20,64,54,25,42,45,31,40
202110231145,87,79,36,88,63,58,19,46,66,21,44,45,38,44,84,79,36,91,66,57,24,48,62,21,44,48,38,44
202110231200,107,94,37,94,67,58,18,46,71,27,42,45,43,48,103,94,37,98,71,58,24,48,66,26,43,48,42,48
202110231215,116,89,37,104,67,53,18,40,66,25,42,45,46,50,112,91,37,108,72,53,23,43,62,24,43,48,45,50
202110231230,120,85,36,97,70,52,17,50,66,26,39,42,43,48,116,87,36,101,75,52,22,52,62,25,40,45,42,48
202110231245,117,78,38,89,71,48,18,49,60,31,38,42,42,45,113,81,38,94,76,48,22,51,56,30,39,45,41,45
202110231300,120,81,36,95,66,49,19,47,56,32,39,38,41,45,116,84,36,100,71,48,23,49,53,31,40,41,40,45
202110231315,123,70,38,88,67,49,19,55,52,31,43,42,40,41,119,74,37,93,72,48,22,57,49,30,43,45,39,42
202110231330,113,74,36,85,70,47,18,54,50,34,43,43,39,36,110,77,35,90,74,46,21,55,47,33,43,45,38,37
202110231345,112,71,39,80,67,41,20,61,44,32,38,45,38,36,108,74,38,85,72,40,22,62,42,31,39,47,38,37
202110231400,105,68,39,74,64,44,20,63,46,33,36,41,38,34,101,71,38,79,68,43,23,64,44,32,37,43,38,35
202110231415,98,60,31,74,69,40,20,62,42,35,42,39,37,34,95,63,30,78,73,39,22,63,40,34,42,41,37,34
202110231430,96,61,35,75,69,40,20,64,49,32,43,42,34,36,93,64,34,79,72,40,23,65,47,31,43,44,34,37
202110231445,107,56,36,77,64,36,19,65,49,30,45,39,32,33,103,60,35,81,68,36,22,66,47,29,44,41,32,34
202110231500,103,57,31,85,66,35,15,65,44,27,39,41,34,33,100,61,30,89,70,35,18,66,42,26,39,43,34,34
202110231515,104,62,32,79,75,36,16,57,45,31,38,42,37,34,101,66,31,83,79,36,19,58,42,30,39,44,37,35
202110231530,97,52,30,78,74,39,18,61,44,34,44,41,41,33,95,56,29,82,77,39,21,62,42,33,44,43,40,34
202110231545,104,55,34,83,71,35,19,61,45,31,42,40,44,28,101,59,33,87,75,35,22,62,43,30,43,41,43,29
202110231600,96,68,33,85,68,36,20,63,48,31,37,42,39,32,93,70,32,88,71,36,23,64,46,30,38,43,39,33
202110231615,97,68,37,80,71,32,15,64,48,33,34,43,38,33,95,70,36,84,74,33,19,65,45,32,35,44,38,34
202110231630,99,71,33,71,75,29,18,65,53,29,36,41,42,33,97,73,32,75,78,31,22,66,50,28,37,43,41,34
202110231645,108,66,36,79,78,36,17,63,52,30,39,36,39,35,105,70,35,84,81,37,21,64,49,29,40,38,38,36
202110231700,118,69,40,89,78,42,22,75,50,27,42,52,39,38,115,73,39,94,82,41,25,76,48,27,42,53,39,39
202110231715,129,72,37,89,83,41,18,61,52,31,48,50,40,32,125,77,36,95,88,41,22,62,49,30,48,51,40,33
202110231730,130,72,41,94,87,41,20,61,52,34,48,51,44,37,127,77,40,99,91,41,23,62,49,33,48,52,44,38
202110231745,144,83,44,105,95,46,22,60,53,37,46,47,45,35,140,88,43,111,100,45,25,61,50,36,47,48,44,37
202110231800,150,97,43,99,100,47,19,61,56,35,45,50,42,40,146,101,42,106,105,47,23,62,53,34,45,52,42,41
202110231815,167,91,46,107,99,50,23,57,58,30,40,48,40,41,162,97,45,114,105,49,27,59,55,29,41,50,40,42
202110231830,177,95,42,110,94,52,23,58,62,30,42,40,45,44,172,102,41,118,101,52,27,60,59,29,43,43,44,45
202110231845,182,97,48,114,104,56,23,58,65,33,42,44,43,46,177,104,47,122,111,55,27,60,61,32,43,47,42,48
202110231900,176,99,53,123,101,57,21,60,72,35,41,51,48,52,171,105,52,130,107,57,27,62,68,34,43,54,47,54
202110231915,175,99,56,125,96,64,22,57,66,29,37,42,42,46,170,105,54,132,103,62,27,59,62,28,38,45,41,49
202110231930,181,98,50,136,83,56,21,54,68,29,41,43,41,49,175,105,49,142,91,56,26,56,64,28,42,46,40,51
202110231945,166,93,54,127,84,59,22,46,79,26,43,42,41,48,160,99,52,133,91,59,28,48,74,26,43,45,40,50
202110232000,175,93,50,120,90,68,24,52,79,27,49,44,39,54,169,100,49,127,97,67,30,54,74,27,49,48,39,55
202110232015,165,78,49,119,89,64,23,48,75,25,51,43,43,60,160,85,49,125,96,63,29,51,70,25,51,48,42,61
202110232030,162,76,54,115,83,61,24,48,73,24,51,43,36,60,157,83,54,121,90,60,29,51,69,24,50,48,36,61
202110232045,153,69,51,109,89,54,27,45,70,24,52,37,33,59,148,76,51,115,95,54,31,48,66,24,51,42,33,60
202110232100,147,66,50,109,86,56,31,45,67,24,54,39,33,60,143,73,50,115,92,56,35,48,64,24,52,44,33,61
202110232115,143,61,53,112,83,49,30,42,69,21,52,36,29,59,139,68,52,117,89,50,34,45,66,22,50,41,29,60
202110232130,120,59,53,102,78,49,27,39,69,25,44,35,31,54,117,64,52,106,82,50,31,42,65,25,43,40,31,55
202110232145,114,64,53,95,75,49,26,41,72,25,48,38,36,59,111,68,52,99,79,50,31,44,68,25,47,43,35,60
202110232200,114,62,50,94,64,49,33,43,64,23,40,35,32,60,110,66,50,98,69,49,36,46,61,24,40,40,32,61
202110232215,104,60,52,100,70,51,34,41,58,22,44,37,31,63,101,64,52,103,74,50,36,44,56,23,43,43,31,64
202110232230,92,57,46,105,62,47,34,36,64,24,44,37,26,60,89,60,46,107,66,47,37,39,62,25,43,42,27,60
202110232245,84,56,45,98,61,48,32,42,66,21,48,36,25,62,81,58,45,100,64,48,35,45,63,22,46,41,25,62
202110232300,75,54,44,98,58,50,28,37,66,20,48,34,28,56,73,56,44,99,61,50,32,40,63,20,46,39,28,56
202110232315,77,46,40,97,59,48,26,32,59,18,51,28,29,56,75,49,40,99,62,48,29,35,56,18,49,33,28,56
202110232330,76,47,40,89,52,45,26,27,57,15,46,29,25,48,73,50,40,91,55,45,29,30,54,16,44,33,25,48
202110232345,71,42,35,83,48,37,25,27,51,14,41,29,24,45,68,45,35,85,51,38,28,30,49,15,40,33,24,45
202110240000,67,38,31,83,45,36,22,29,50,17,38,27,21,44,65,41,31,85,48,37,25,32,48,17,37,31,21,44
202110240015,60,38,30,81,44,32,22,27,49,18,32,21,20,43,58,40,30,82,47,33,25,30,47,18,31,25,20,43
202110240030,47,33,30,71,38,28,17,23,48,15,34,21,18,35,45,34,30,72,40,29,20,26,45,15,33,24,18,35
202110240045,43,29,29,66,40,24,15,24,46,15,32,19,16,32,41,30,29,67,42,26,18,26,43,15,31,22,16,32
202110240100,43,30,26,61,36,23,12,23,43,16,32,16,18,32,41,31,26,62,38,25,15,25,40,16,31,19,17,32
202110240115,37,25,27,59,35,23,13,19,41,12,31,14,14,31,35,26,27,60,37,24,16,21,39,12,29,17,14,31
202110240130,33,26,27,56,31,18,15,20,41,15,27,13,14,32,31,27,27,57,33,20,18,22,39,15,26,17,14,32
202110240145,32,27,23,50,30,16,14,16,40,14,26,10,14,31,30,28,23,51,32,18,17,18,38,14,25,14,13,31
202110240200,32,25,20,48,30,16,14,14,38,12,25,11,13,32,30,26,20,49,32,18,16,17,36,12,24,15,13,32
202110240215,32,26,18,45,28,17,13,14,38,7,22,10,15,30,30,27,18,46,30,19,15,16,36,7,22,13,14,30
202110240230,28,25,21,40,27,17,10,14,38,5,20,10,15,30,26,26,21,41,29,19,13,17,36,5,20,14,14,30
202110240245,26,22,20,39,27,16,10,14,37,5,17,10,14,30,25,23,20,40,29,18,13,17,35,5,17,14,13,30
202110240300,25,24,23,42,23,17,10,16,36,6,16,9,13,32,23,24,23,43,25,19,13,19,34,6,16,13,12,32
202110240315,21,20,20,40,24,12,7,15,34,6,15,10,14,29,20,20,20,41,26,14,10,17,32,6,15,13,13,29
202110240330,21,17,20,39,22,10,6,13,32,5,17,11,12,24,20,18,20,40,24,12,9,15,30,5,17,14,12,24
202110240345,21,17,20,38,20,13,6,13,31,6,16,10,12,23,20,18,19,39,22,15,9,15,29,6,16,13,12,23
202110240400,22,15,19,36,20,14,5,14,33,6,16,9,11,24,20,16,19,37,22,16,8,16,31,6,16,12,11,24
202110240415,23,14,14,34,20,14,4,15,31,7,16,7,9,27,21,15,14,35,22,15,7,17,29,7,16,10,9,26
202110240430,22,15,14,32,20,15,4,13,32,7,16,7,9,26,20,16,14,33,22,16,7,15,30,7,16,10,9,25
202110240445,20,15,14,34,22,15,6,13,33,6,15,8,9,24,18,16,14,35,23,17,9,15,31,6,15,11,9,23
202110240500,21,14,20,31,17,14,11,12,27,11,13,9,12,19,19,15,19,32,19,15,13,14,26,11,13,11,11,20
202110240515,21,17,17,32,18,12,14,11,26,11,12,11,12,18,20,18,17,33,20,13,15,13,25,11,12,13,12,18
202110240530,20,16,17,30,17,16,13,13,26,14,18,11,10,18,19,17,17,31,19,17,14,15,25,14,17,13,10,18
202110240545,24,18,19,32,20,17,14,15,28,14,17,12,9,18,22,19,18,33,22,18,15,17,27,14,16,14,9,18
202110240600,28,19,19,36,17,18,11,16,30,15,18,15,10,20,26,20,19,37,19,19,13,18,29,15,17,17,10,20
202110240615,30,20,22,36,19,21,12,17,29,17,19,15,10,19,28,21,21,37,21,21,14,19,28,17,18,17,10,20
202110240630,32,20,24,42,22,23,13,20,33,15,26,17,12,25,30,21,24,43,24,23,15,22,31,15,25,19,12,25
202110240645,33,23,25,48,25,24,18,22,33,15,26,17,15,32,31,24,25,49,27,24,20,24,32,15,25,20,15,32
202110240700,35,30,26,48,26,23,15,28,39,20,30,24,18,35,33,31,26,49,28,24,17,30,37,20,29,27,18,35
202110240715,38,34,27,50,25,26,20,29,38,23,30,24,18,34,36,34,27,51,28,26,22,31,37,23,29,27,18,34
202110240730,40,31,29,53,28,29,21,35,40,22,32,25,18,37,38,32,29,54,30,29,23,37,39,22,31,28,18,37
202110240745,44,32,32,58,29,27,20,48,45,23,37,30,26,40,42,33,32,59,32,28,22,50,43,23,36,33,26,40
202110240800,45,35,35,62,36,36,19,59,56,22,40,33,27,45,43,36,35,63,38,37,23,61,53,22,39,37,27,45
202110240815,46,43,33,69,40,44,17,60,53,23,42,41,28,48,44,43,33,70,42,44,21,62,50,23,41,44,29,48
202110240830,46,48,37,67,46,50,22,65,55,20,41,36,31,49,45,48,37,68,48,49,25,67,52,20,41,40,31,49
202110240845,53,42,33,69,44,40,24,64,52,23,39,33,31,44,51,43,33,70,46,40,27,65,50,23,39,36,31,44
202110240900,59,41,38,73,44,40,24,63,48,24,36,36,34,53,57,43,38,74,47,40,26,65,46,24,36,40,34,53
202110240915,60,37,34,67,48,40,22,71,51,23,38,40,33,51,58,39,34,69,50,40,25,73,49,23,38,44,33,51
202110240930,62,40,37,70,47,42,20,71,50,26,38,48,33,53,60,42,37,72,49,42,23,73,47,25,38,52,34,53
202110240945,63,49,37,69,53,47,22,71,52,26,31,48,34,53,61,50,38,71,55,46,25,73,49,26,32,52,35,53
202110241000,69,44,40,77,61,45,23,76,48,27,42,44,36,50,67,46,40,79,63,44,26,77,46,26,42,47,36,50
202110241015,72,49,39,72,60,44,24,73,54,34,39,48,34,49,70,51,39,74,62,44,27,74,51,33,39,51,35,50
202110241030,71,48,39,79,61,45,25,73,52,28,42,38,36,47,69,50,39,81,63,45,28,74,50,28,42,41,36,48
202110241045,74,53,33,77,59,47,26,66,51,27,47,36,36,48,72,55,33,79,62,46,28,68,49,27,47,40,35,48
202110241100,81,53,30,76,65,54,17,64,46,28,44,32,36,46,79,55,31,79,68,52,20,66,44,27,44,36,35,45
202110241115,84,55,35,75,66,49,20,65,51,25,49,38,37,51,82,57,35,78,69,48,23,67,48,25,48,42,36,51
202110241130,96,58,40,82,64,53,21,76,53,27,50,44,40,55,93,61,40,86,68,51,24,77,50,26,50,48,40,55
202110241145,104,66,39,84,74,55,19,66,53,28,50,40,42,49,101,69,39,88,78,53,23,68,50,27,50,44,41,49
202110241200,107,74,36,92,69,62,20,59,53,27,46,32,37,50,103,77,36,96,73,59,23,61,50,26,46,36,36,50
202110241215,113,83,40,96,68,58,19,52,54,26,47,30,33,48,109,85,40,100,73,56,23,54,51,25,46,34,32,48
202110241230,109,87,38,94,67,54,20,56,54,29,48,27,35,48,105,88,38,98,71,52,23,58,51,28,47,31,34,48
202110241245,114,84,42,94,63,56,25,52,55,32,46,31,42,44,110,86,41,98,68,54,28,54,52,31,46,35,40,45
202110241300,122,84,37,100,68,53,24,54,57,29,47,31,42,44,118,87,37,104,73,52,27,56,54,29,47,35,40,44
202110241315,124,84,38,91,70,51,22,55,54,26,45,33,42,42,120,87,38,96,75,50,25,57,51,26,45,36,40,43
202110241330,119,78,37,93,63,52,25,46,52,30,47,32,34,45,115,81,37,98,68,50,28,48,50,30,46,36,33,45
202110241345,108,75,35,86,67,49,24,55,51,30,45,33,35,45,104,78,35,90,71,48,27,57,49,29,45,37,34,45
202110241400,110,76,32,92,63,48,25,50,55,30,44,37,37,42,106,79,32,96,68,48,28,52,52,30,44,40,36,42
202110241415,106,62,31,81,60,48,26,50,46,30,43,38,38,46,102,66,31,85,65,47,28,52,44,30,43,41,37,46
202110241430,109,57,32,81,69,50,24,54,49,33,37,34,40,47,106,61,32,86,73,48,26,56,47,32,38,38,39,47
202110241445,107,59,36,84,67,43,23,52,55,32,45,37,35,46,103,63,36,88,71,43,26,54,52,31,45,41,35,46
202110241500,107,66,35,85,62,44,24,52,58,36,40,40,43,44,103,69,35,89,67,44,27,54,55,35,41,43,42,44
202110241515,107,60,36,82,63,47,23,53,63,33,40,43,40,44,104,64,36,86,67,47,27,55,59,32,41,46,39,44
202110241530,103,58,39,90,70,41,22,56,56,34,38,41,39,44,100,62,39,94,74,41,25,58,53,33,39,44,38,45
202110241545,107,62,43,85,69,44,22,51,65,33,43,42,46,45,104,66,42,89,73,45,26,53,61,32,44,45,45,46
202110241600,109,67,42,87,83,46,27,48,64,33,42,43,39,41,107,70,41,91,86,47,31,50,61,32,42,45,39,42
202110241615,100,63,43,78,73,45,24,47,65,31,43,43,34,42,97,66,42,82,76,46,28,49,61,30,43,46,34,43
202110241630,103,64,40,82,65,43,26,52,57,38,48,43,38,43,100,67,39,86,69,43,29,54,54,37,48,46,38,44
202110241645,102,66,43,90,73,45,23,56,57,37,47,46,37,41,100,69,42,94,76,45,26,58,54,36,47,48,37,42
202110241700,97,66,52,90,79,49,25,64,65,33,46,42,41,39,95,68,50,94,82,49,29,65,61,32,46,44,40,41
202110241715,109,64,53,90,86,51,26,64,63,32,42,39,39,42,107,68,51,94,89,51,30,65,60,31,42,42,38,44
202110241730,111,66,51,88,83,57,27,58,67,35,41,39,38,45,108,70,50,92,86,56,31,60,64,34,41,42,37,47
202110241745,116,71,49,95,86,60,24,62,60,35,43,39,36,45,113,75,48,99,89,58,28,64,57,34,43,42,36,47
202110241800,126,76,44,96,80,66,21,60,59,31,45,40,37,46,122,80,43,101,85,63,25,62,56,30,45,43,37,47
202110241815,132,73,44,100,80,70,21,58,64,31,42,38,36,50,128,78,44,105,85,67,26,60,60,30,42,42,36,51
202110241830,140,83,41,104,78,68,22,60,53,33,42,39,34,50,135,87,41,110,84,64,25,62,50,32,42,43,34,50
202110241845,156,85,46,110,83,69,26,59,59,33,45,42,39,53,151,91,46,116,89,66,29,61,56,32,45,46,39,54
202110241900,159,92,46,108,84,70,29,59,73,34,44,40,41,59,154,97,46,115,90,68,33,61,69,33,44,45,40,59
202110241915,142,96,54,106,82,75,30,53,73,30,48,43,42,53,137,99,53,112,87,73,34,55,69,30,48,47,41,55
202110241930,144,87,49,114,87,72,29,59,68,27,49,42,43,54,140,91,48,119,92,70,33,61,64,27,49,46,42,55
202110241945,141,82,49,112,81,70,25,53,67,26,41,40,46,58,137,87,49,117,87,68,29,56,63,26,42,45,45,59
202110242000,126,78,49,108,79,71,25,56,67,25,52,44,46,62,123,82,49,112,84,68,29,59,63,25,52,49,45,62
202110242015,108,64,49,103,76,74,30,51,70,27,52,39,40,61,105,68,49,106,80,71,34,54,66,27,51,44,39,61
202110242030,104,62,52,100,74,69,30,48,68,24,49,45,33,62,101,65,52,103,78,67,34,51,65,24,48,50,34,63
202110242045,96,63,49,100,64,59,27,52,70,25,55,39,31,59,93,66,49,103,68,59,31,55,66,25,53,44,31,60
202110242100,96,58,48,94,61,59,31,47,72,24,47,37,32,63,93,61,48,97,65,59,35,50,68,24,46,42,32,63
202110242115,89,56,51,92,55,58,33,41,76,23,48,37,35,59,86,59,51,95,59,58,37,44,72,23,47,42,35,60
202110242130,83,50,54,91,62,51,29,41,70,22,50,39,30,60,80,53,53,93,65,51,33,44,66,22,48,44,30,61
202110242145,75,51,44,91,55,54,28,41,76,20,51,37,35,63,73,53,44,93,58,55,33,44,72,20,50,42,34,63
202110242200,74,49,46,92,56,55,26,45,75,21,49,35,36,72,72,51,47,93,59,55,31,49,71,21,48,42,35,71
202110242215,69,47,43,93,56,54,29,43,78,20,51,36,34,64,67,49,44,94,58,55,34,46,74,20,50,42,34,64
202110242230,60,47,43,86,47,50,28,44,80,21,49,35,34,61,58,48,43,87,49,52,33,47,75,21,48,40,34,61
202110242245,60,38,42,83,46,54,29,44,76,23,49,38,37,58,58,40,42,84,48,54,34,47,72,23,48,43,37,58
202110242300,56,42,37,82,49,46,31,41,69,20,45,31,34,56,54,43,38,83,51,47,35,44,66,21,44,36,33,56
202110242315,53,35,32,80,44,40,29,38,69,18,44,30,32,56,51,37,33,81,46,42,33,41,66,19,43,35,31,55
202110242330,48,30,28,77,40,37,25,28,74,15,42,34,31,46,46,32,29,78,42,40,30,31,70,16,41,38,31,45
202110242345,42,29,26,68,38,35,26,25,69,11,42,32,28,42,40,30,26,69,40,37,30,28,65,12,41,35,28,41
202110250000,41,24,25,61,39,29,27,24,64,11,41,30,26,43,39,26,26,62,41,32,31,27,61,12,40,34,26,42
202110250015,42,26,26,56,39,26,23,24,61,12,33,26,24,42,40,28,27,57,41,29,27,27,58,13,33,30,24,41
202110250030,36,24,24,54,34,25,16,24,61,13,30,21,25,40,34,25,25,55,36,28,21,27,57,13,30,25,24,39
202110250045,35,24,21,53,30,26,15,23,56,14,29,19,18,35,33,25,21,54,32,28,19,26,53,14,28,23,18,34
202110250100,34,24,18,49,29,23,16,20,55,13,30,19,18,28,32,25,18,50,31,26,20,22,52,13,29,22,18,28
202110250115,27,24,17,44,27,21,14,20,50,12,32,15,17,27,25,25,17,45,29,24,18,22,47,12,31,18,17,27
202110250130,25,20,17,42,24,23,13,18,50,10,29,13,17,27,23,21,17,43,26,25,17,20,47,10,28,16,16,27
202110250145,27,18,16,41,25,22,12,20,49,11,27,13,16,26,25,19,16,42,27,24,16,22,46,11,26,16,16,26
202110250200,30,16,15,37,21,19,9,19,47,11,26,12,15,27,28,18,15,39,23,21,13,21,44,11,25,15,15,26
202110250215,28,16,13,35,22,18,10,16,41,5,26,14,14,25,26,17,13,36,24,20,13,18,39,5,25,17,14,24
202110250230,22,14,14,37,22,18,10,15,38,5,24,13,16,21,20,15,14,38,24,20,13,17,36,5,23,15,15,21
202110250245,23,15,15,33,19,19,9,13,40,5,27,13,13,21,21,16,15,34,21,21,12,15,37,5,26,15,13,21
202110250300,23,15,13,34,19,19,9,15,40,5,29,13,9,21,21,16,13,35,21,21,12,17,38,5,27,15,9,21
202110250315,22,15,14,33,18,19,4,14,42,5,27,13,9,21,20,16,14,34,20,21,8,16,39,5,25,15,9,21
202110250330,23,16,13,34,18,19,5,15,40,6,22,14,10,19,21,17,13,35,20,21,9,17,37,6,21,16,10,19
202110250345,21,18,14,36,17,19,4,17,37,5,21,13,10,17,19,19,14,37,19,20,8,19,34,5,20,15,10,17
202110250400,23,17,14,36,17,19,4,18,35,4,23,14,10,20,21,18,14,37,19,20,7,20,33,4,22,16,10,20
202110250415,22,17,9,33,19,18,5,15,39,4,16,7,9,19,20,18,9,34,21,20,9,17,36,4,16,9,9,18
202110250430,22,17,8,35,17,17,5,14,37,4,16,7,10,20,20,18,8,36,19,19,8,16,35,4,16,10,10,19
202110250445,20,19,9,34,14,17,4,14,35,4,16,8,11,19,18,19,9,35,16,19,7,16,33,4,16,11,11,18
202110250500,21,16,10,35,15,17,11,12,34,7,15,11,10,20,19,17,10,36,17,18,13,14,32,7,15,13,10,19
202110250515,20,16,13,34,12,17,11,11,36,6,19,12,10,22,18,17,13,35,14,19,14,13,34,6,18,15,10,22
202110250530,18,16,12,33,14,16,12,13,35,8,17,13,9,22,16,17,12,34,16,18,14,15,33,8,16,15,9,21
202110250545,21,19,13,35,15,17,15,16,39,11,17,16,11,23,19,20,13,36,17,19,17,18,37,11,17,18,11,22
202110250600,23,19,14,37,16,18,12,20,42,13,25,15,12,30,21,20,15,38,18,20,15,22,40,13,24,18,12,29
202110250615,23,21,17,43,17,22,15,19,38,14,31,17,14,32,21,22,18,44,19,23,17,21,36,14,30,20,14,31
202110250630,27,26,22,49,18,24,16,26,44,15,31,19,16,39,25,26,23,50,20,26,19,29,42,15,30,23,16,38
202110250645,31,29,21,49,20,24,18,38,47,19,34,25,21,35,29,29,21,50,22,26,21,40,45,19,33,28,21,35
202110250700,26,32,30,61,20,27,20,40,56,29,35,28,25,37,24,32,30,61,22,29,24,42,53,28,34,31,25,37
202110250715,32,35,28,59,30,32,19,47,55,33,37,29,24,40,30,35,28,59,32,33,23,49,52,32,36,32,24,40
202110250730,37,31,28,55,38,38,19,54,54,32,36,37,27,40,36,32,28,56,39,39,23,56,51,31,36,40,27,40
202110250745,38,38,29,56,44,37,21,53,52,35,39,37,25,40,37,38,29,57,45,38,24,55,49,34,38,40,26,40
202110250800,41,34,30,59,46,38,23,60,51,39,41,40,25,38,40,35,30,60,47,39,26,61,49,38,40,42,26,38
202110250815,39,28,27,57,36,34,19,47,46,34,38,34,26,32,37,29,27,58,38,34,22,48,44,33,37,36,26,32
202110250830,35,29,26,62,29,28,21,41,43,31,36,27,23,30,33,30,26,62,31,29,23,43,41,30,35,29,23,31
202110250845,35,32,25,64,29,23,21,32,33,31,34,25,27,30,33,32,25,64,31,24,22,34,32,30,34,27,26,30
202110250900,33,32,27,66,30,22,24,35,35,34,30,23,28,26,31,32,26,66,32,23,25,37,34,33,30,25,27,27
202110250915,32,31,24,65,31,24,22,33,33,35,30,25,27,23,30,31,23,65,33,24,23,35,32,34,30,27,26,24
202110250930,33,24,26,69,34,27,18,40,34,34,34,19,25,25,31,25,25,69,36,27,19,41,33,33,34,21,24,26
202110250945,34,26,25,62,28,24,17,35,34,33,32,20,34,26,32,27,24,62,30,24,19,37,33,32,33,22,32,26
202110251000,39,31,24,68,28,22,16,32,31,38,29,21,37,25,37,32,23,69,30,22,17,34,30,36,30,23,35,25
202110251015,45,32,22,70,28,20,21,33,29,37,27,22,33,27,43,33,22,71,31,20,22,35,29,36,28,24,31,27
202110251030,40,34,21,70,33,22,21,33,35,34,30,21,32,24,38,35,21,70,35,23,22,34,34,33,31,23,30,24
202110251045,48,34,19,68,32,21,17,35,35,31,28,25,30,26,46,35,19,69,35,22,19,36,34,30,29,27,29,26
202110251100,46,38,16,70,30,23,22,35,35,32,29,26,32,27,44,39,16,71,33,24,23,37,34,31,30,28,31,26
202110251115,43,40,17,65,34,25,19,38,38,31,29,24,34,31,41,40,18,66,36,26,21,40,37,30,30,27,33,30
202110251130,49,41,20,67,38,29,23,40,44,36,29,27,34,30,47,42,20,68,40,30,25,42,42,35,30,29,33,30
202110251145,65,47,21,74,40,32,20,38,42,31,34,28,33,32,63,49,21,76,43,32,22,40,40,30,34,31,32,32
202110251200,70,52,24,90,39,36,23,41,43,26,29,27,26,31,67,54,24,92,43,36,25,43,42,26,29,29,26,31
202110251215,67,56,24,93,41,34,22,41,45,31,27,25,30,32,64,57,24,94,44,34,24,43,43,30,28,28,29,32
202110251230,65,58,24,88,36,35,19,38,42,33,28,21,35,37,62,58,24,89,40,35,21,40,40,32,29,25,33,37
202110251245,60,51,25,86,42,28,19,35,41,34,28,19,27,35,58,52,25,87,45,29,21,37,39,33,29,22,26,35
202110251300,65,49,19,81,37,32,18,35,40,37,33,19,29,35,62,50,20,83,41,32,20,37,38,36,33,22,28,34
202110251315,65,43,19,72,42,30,16,33,34,35,33,25,32,34,63,45,20,74,45,30,18,35,33,34,33,28,31,33
202110251330,63,41,21,70,40,27,12,34,35,39,33,24,34,36,60,43,21,72,43,27,14,36,33,37,34,27,32,35
202110251345,56,38,18,66,40,30,12,33,33,36,30,25,31,30,54,40,18,68,43,30,14,35,32,34,31,27,30,30
202110251400,61,41,18,65,36,26,12,35,33,31,27,30,31,30,58,43,18,67,39,26,14,37,32,30,28,32,30,30
202110251415,56,43,17,73,39,25,12,39,32,33,29,29,31,26,54,44,17,74,42,25,14,40,31,32,30,31,30,26
202110251430,55,38,19,72,42,31,11,36,33,37,32,33,32,27,53,40,19,73,44,30,13,38,31,35,33,35,32,27
202110251445,60,42,19,73,43,27,13,36,36,36,35,28,31,25,57,44,19,75,46,27,15,37,34,34,35,30,30,25
202110251500,64,37,20,70,47,25,12,36,36,35,34,27,30,23,62,40,20,72,50,26,15,37,34,33,34,28,29,23
202110251515,61,39,20,74,43,30,14,38,33,33,34,22,26,25,59,41,20,76,46,29,16,39,32,31,34,24,25,25
202110251530,58,38,22,78,47,27,17,41,36,31,34,24,24,24,56,40,22,79,49,27,19,42,35,30,33,26,24,24
202110251545,59,45,23,74,43,29,19,37,39,27,36,26,25,22,57,46,22,75,46,29,21,38,37,26,35,28,25,22
202110251600,62,45,23,74,46,28,18,37,35,30,34,25,32,21,60,47,22,76,49,28,20,38,34,29,34,26,31,22
202110251615,61,39,20,79,44,27,16,39,38,32,34,27,31,23,59,41,20,80,47,27,18,40,36,31,34,28,30,23
202110251630,59,46,27,75,49,30,18,53,42,31,32,29,31,26,57,47,26,76,51,31,20,54,40,30,32,31,30,27
202110251645,66,46,31,75,52,32,17,66,43,35,31,39,27,33,64,48,30,77,54,33,20,67,41,34,31,41,28,34
202110251700,66,52,32,76,58,37,16,69,49,34,35,44,26,36,64,53,32,78,60,37,20,70,46,33,35,46,27,37
202110251715,78,53,30,74,61,33,17,70,47,33,36,37,26,41,76,55,30,77,64,33,20,71,45,32,35,40,26,41
202110251730,91,51,34,74,66,40,19,71,51,37,35,38,31,43,89,54,34,78,69,40,22,72,48,36,35,41,31,43
202110251745,94,55,39,86,88,46,22,69,57,36,37,40,40,44,93,58,39,89,90,46,26,70,54,35,38,43,39,45
202110251800,100,61,43,85,89,50,21,59,56,35,43,43,42,47,98,64,42,88,91,49,25,61,53,34,44,46,41,48
202110251815,111,72,47,82,92,52,25,62,62,35,42,45,38,54,109,75,47,87,95,52,29,64,59,34,42,49,38,55
202110251830,121,78,40,91,91,59,30,67,74,34,46,47,44,51,118,81,40,96,94,59,34,69,70,34,47,50,43,51
202110251845,124,72,44,96,84,55,30,61,69,32,48,47,42,49,121,76,44,101,88,55,34,63,66,32,48,50,42,50
202110251900,124,73,46,99,79,57,29,58,75,34,49,43,46,47,121,77,45,103,83,57,34,60,71,34,50,46,45,48
202110251915,127,69,42,107,70,53,26,54,79,30,48,44,39,47,123,74,41,111,75,54,32,56,74,30,48,47,39,48
202110251930,109,73,40,111,72,49,27,57,74,32,46,44,42,45,106,76,39,114,76,50,32,59,70,32,46,47,41,46
202110251945,107,71,48,112,71,50,29,59,70,34,46,45,42,50,104,74,47,115,75,51,33,61,66,34,46,48,41,51
202110252000,119,70,49,109,73,54,30,57,74,31,55,46,41,49,116,74,48,113,78,54,35,59,70,31,54,49,41,50
202110252015,112,64,46,108,66,53,31,55,78,27,58,40,41,52,108,68,46,111,71,54,36,57,74,27,57,44,40,53
202110252030,115,63,45,103,63,50,34,51,80,30,52,47,34,55,111,67,45,107,68,51,39,54,76,30,51,51,35,55
202110252045,103,62,46,99,63,55,35,50,82,30,53,45,32,58,100,65,46,102,67,56,40,53,78,30,51,49,33,58
202110252100,97,63,45,97,61,55,35,47,85,30,51,41,32,62,94,66,45,100,65,56,40,50,80,30,50,46,32,62
202110252115,95,61,44,94,59,52,36,45,77,32,55,37,32,63,92,64,44,97,63,53,40,48,73,32,53,43,32,63
202110252130,88,59,43,103,56,49,36,42,78,32,50,40,27,62,85,61,44,105,60,51,40,45,74,32,48,45,28,62
202110252145,84,52,46,103,54,51,34,41,79,32,52,39,28,64,81,55,47,104,58,52,39,44,75,32,50,44,29,64
202110252200,84,56,44,103,52,51,39,42,81,30,50,36,32,63,81,58,45,105,56,53,43,45,77,31,49,42,32,63
202110252215,77,59,44,99,52,48,42,41,81,24,48,35,30,62,74,60,44,100,55,50,46,44,77,25,47,41,30,62
202110252230,75,57,48,96,50,47,41,39,81,20,45,34,31,62,72,59,48,97,53,49,45,42,77,21,44,40,31,62
202110252245,75,51,46,97,49,39,40,33,81,18,40,36,32,64,72,53,47,98,52,42,44,37,77,19,40,42,32,64
202110252300,76,53,36,94,43,37,38,27,80,19,41,31,30,66,73,55,38,96,47,40,42,31,76,20,40,37,30,65
202110252315,70,52,37,91,37,32,30,29,70,18,42,27,30,61,67,54,38,92,41,35,34,33,66,19,41,33,29,60
202110252330,62,45,33,86,40,33,30,29,72,19,43,29,29,55,59,47,34,87,43,36,34,32,68,20,42,34,29,54
202110252345,60,40,26,82,37,31,27,29,72,16,40,29,23,47,58,42,27,83,40,34,32,32,68,17,39,33,23,46
202110260000,59,38,26,77,35,27,24,24,68,18,35,27,24,41,56,40,26,78,38,30,29,27,64,18,34,31,24,40
202110260015,55,37,23,75,35,25,21,25,61,14,38,22,18,38,53,39,23,76,38,28,25,28,57,14,36,26,18,37
202110260030,53,34,22,66,27,24,22,23,54,13,31,23,18,36,50,36,22,67,30,26,25,26,51,13,30,26,18,35
202110260045,46,27,21,61,25,18,19,21,53,11,25,21,19,28,43,29,21,62,28,21,22,23,50,11,25,24,19,28
202110260100,36,32,19,66,26,20,17,23,51,11,22,20,16,21,34,33,19,66,28,23,20,25,48,11,22,22,16,21
202110260115,38,27,18,63,25,20,14,19,50,10,22,19,16,21,36,28,18,64,28,23,18,21,47,10,22,21,16,21
202110260130,38,24,14,56,25,17,15,20,49,13,19,19,17,20,36,26,14,57,28,20,19,22,46,13,19,21,17,20
202110260145,36,23,17,53,22,15,15,16,49,11,18,19,15,17,34,24,16,54,25,18,19,18,46,11,18,20,15,17
202110260200,36,23,18,48,22,15,14,13,49,10,20,20,15,18,34,24,17,49,25,18,18,15,46,10,20,21,15,18
202110260215,35,21,17,47,23,17,11,13,46,4,20,18,15,15,33,23,16,48,25,20,15,15,43,5,20,19,15,16
202110260230,34,19,18,48,18,17,13,15,44,4,18,19,13,17,32,21,17,49,21,19,16,17,41,5,18,20,13,17
202110260245,30,18,19,47,19,15,14,16,45,5,18,18,13,16,28,19,18,48,21,18,17,18,42,6,18,19,13,17
202110260300,31,19,18,42,20,19,14,17,47,4,20,17,13,15,29,21,17,43,22,22,17,19,44,5,20,18,13,16
202110260315,33,19,19,43,18,13,10,16,48,3,19,18,15,13,30,21,18,44,21,17,14,18,45,3,19,19,15,14
202110260330,33,17,15,44,18,12,9,16,50,3,18,18,14,14,31,19,14,45,21,16,13,18,47,3,18,19,14,14
202110260345,29,16,13,44,18,10,9,18,45,3,20,17,16,12,27,18,12,45,20,14,13,19,42,3,20,18,16,12
202110260400,28,15,13,40,18,11,7,17,45,3,19,17,15,16,26,17,13,41,20,14,11,19,42,3,19,19,15,16
202110260415,27,15,8,40,17,12,6,18,43,5,18,13,10,20,25,16,8,41,19,15,10,20,40,5,17,15,10,19
202110260430,26,14,9,38,20,14,8,20,45,4,16,13,11,20,24,16,9,39,22,17,12,22,42,4,16,15,11,19
202110260445,26,16,11,42,14,12,9,17,44,4,17,12,12,19,24,17,11,43,17,15,13,19,41,4,17,14,12,18
202110260500,26,18,14,41,13,15,12,15,42,9,17,17,13,20,24,19,14,42,16,17,15,17,40,9,17,19,13,20
202110260515,26,15,16,37,14,15,14,16,43,11,16,19,15,16,24,16,15,38,16,17,17,18,41,11,16,20,15,16
202110260530,26,16,15,35,14,16,15,17,43,8,18,19,15,18,24,17,15,36,17,18,18,19,41,8,18,20,15,18
202110260545,25,19,18,35,11,16,16,17,42,9,15,19,16,19,23,20,18,36,14,19,19,19,40,9,15,20,16,19
202110260600,25,23,14,39,13,18,11,22,40,10,21,21,19,26,23,24,14,40,15,20,14,24,38,10,21,23,19,25
202110260615,28,27,17,41,14,19,12,23,44,14,23,25,20,31,26,27,18,42,17,21,15,25,41,14,23,28,20,30
202110260630,33,25,21,54,17,21,19,26,47,19,29,30,21,30,31,26,21,55,20,23,22,28,45,19,28,32,22,30
202110260645,38,26,23,53,18,24,22,35,52,22,27,29,22,35,36,27,23,54,21,26,25,37,50,22,27,32,22,35
202110260700,42,30,27,62,25,25,22,42,59,29,28,30,23,39,40,31,27,63,28,28,26,44,56,28,28,33,23,39
202110260715,46,28,31,64,30,29,24,47,59,27,28,34,25,47,43,30,31,65,33,31,28,49,56,27,28,38,25,46
202110260730,44,31,35,66,34,34,27,48,54,33,32,40,24,50,42,32,35,67,36,35,30,50,52,32,32,44,25,50
202110260745,47,31,33,65,47,35,27,49,52,32,27,38,23,45,45,33,33,66,49,36,29,51,50,32,27,41,24,45
202110260800,50,31,37,67,52,37,27,47,56,39,29,34,26,44,49,33,37,68,53,38,30,49,54,38,29,37,26,44
202110260815,52,30,31,72,43,35,24,44,51,33,32,32,24,40,50,32,31,73,45,36,27,46,49,32,32,35,24,40
202110260830,46,32,32,71,40,37,25,44,49,32,35,28,21,30,44,34,31,72,42,37,27,45,47,31,34,30,21,31
202110260845,47,32,28,63,39,26,22,38,44,31,32,28,20,28,45,34,27,64,41,27,24,40,42,30,31,30,20,29
202110260900,52,29,25,64,36,25,21,42,41,35,30,30,24,25,50,31,24,66,39,26,23,43,39,34,30,31,24,26
202110260915,52,30,27,65,36,25,22,40,39,36,28,29,22,25,50,32,26,67,39,26,24,41,38,35,28,30,22,26
202110260930,48,31,27,64,34,22,16,39,41,34,27,31,23,28,46,33,26,65,37,23,18,41,39,33,27,33,23,29
202110260945,52,35,29,61,35,23,15,38,38,33,26,23,26,27,49,37,28,63,38,24,17,40,36,32,26,25,25,28
202110261000,55,38,25,67,39,22,15,42,37,36,28,23,24,26,53,40,25,69,42,23,17,43,35,35,28,25,24,26
202110261015,53,36,21,67,36,26,18,34,36,33,25,24,21,23,51,38,21,68,39,26,20,35,35,32,25,26,21,23
202110261030,55,37,22,71,32,28,19,35,36,36,29,23,21,26,52,39,22,72,35,28,21,37,35,35,29,25,21,26
202110261045,56,36,21,66,32,28,17,37,36,33,32,24,27,26,53,38,21,68,35,28,19,39,35,32,32,26,26,26
202110261100,54,35,23,75,36,28,19,35,37,33,32,26,32,27,52,37,23,76,39,28,21,37,36,32,33,28,31,27
202110261115,50,35,19,77,41,29,18,40,42,34,30,28,27,30,48,36,19,78,43,29,20,42,40,33,30,30,27,30
202110261130,57,45,20,75,45,36,12,42,48,36,30,28,28,28,55,46,20,76,47,36,16,43,45,34,30,30,27,28
202110261145,69,54,21,84,47,31,19,47,46,35,26,33,30,24,67,55,21,86,50,32,22,48,44,34,27,34,30,24
202110261200,75,58,27,82,59,33,19,51,52,30,31,35,32,29,73,59,26,84,62,34,22,52,49,29,32,37,32,29
202110261215,77,58,27,97,55,37,20,43,55,27,30,27,29,32,75,59,27,98,58,38,24,44,52,26,30,30,28,32
202110261230,73,59,26,94,51,32,20,43,52,30,29,26,28,33,71,60,26,95,54,33,23,45,49,29,29,29,27,33
202110261245,67,58,26,90,47,27,17,41,52,30,29,24,28,31,65,59,26,91,50,29,21,43,49,29,29,27,27,31
202110261300,63,55,22,81,47,24,16,40,48,30,25,22,29,31,61,56,22,83,50,26,19,42,45,29,26,25,28,31
202110261315,69,52,21,76,50,29,12,35,45,31,26,25,25,24,67,53,21,78,53,30,16,36,42,30,26,27,25,24
202110261330,64,44,25,70,50,26,14,41,45,25,25,27,25,20,62,46,24,72,53,27,17,42,42,24,26,28,25,21
202110261345,55,45,21,78,49,27,11,40,39,26,22,27,23,21,53,46,20,79,51,28,14,41,37,25,23,28,23,21
202110261400,57,38,16,78,44,27,15,31,40,27,24,27,29,20,55,40,16,79,46,27,18,32,38,26,25,28,28,20
202110261415,53,35,18,77,41,25,17,34,35,25,25,22,26,21,51,37,18,78,43,25,19,35,34,24,26,24,25,21
202110261430,55,35,17,70,49,29,14,34,38,26,27,24,29,22,53,37,17,71,51,29,17,35,36,25,28,26,28,22
202110261445,54,34,14,76,48,26,19,35,38,26,21,28,22,17,52,36,14,77,50,27,21,36,37,26,22,29,22,17
202110261500,67,38,16,68,51,30,17,37,39,31,25,27,23,21,65,41,16,70,54,30,19,38,37,30,25,28,23,21
202110261515,58,41,19,67,54,29,20,37,39,28,25,25,23,19,56,42,18,69,56,29,22,38,37,27,25,26,23,19
202110261530,56,37,22,74,53,28,18,40,40,29,26,25,24,19,54,39,21,75,55,29,20,41,38,28,26,26,24,20
202110261545,62,39,20,78,57,24,17,38,34,34,25,26,25,20,60,41,19,79,59,25,19,39,33,33,25,27,25,20
202110261600,59,40,20,75,61,30,20,42,40,30,29,27,28,20,58,42,19,76,62,30,22,43,39,29,29,28,27,20
202110261615,63,44,21,70,60,29,18,47,41,30,26,27,28,21,61,46,20,72,62,29,20,48,39,29,27,28,27,21
202110261630,62,45,27,69,59,31,19,57,39,34,28,37,30,20,60,47,26,71,61,31,21,57,38,33,29,37,30,21
202110261645,64,44,33,76,60,36,18,68,46,35,29,38,28,27,63,46,32,78,62,36,21,68,44,34,29,39,28,28
202110261700,65,48,31,76,59,40,19,70,52,35,35,44,28,27,63,49,30,78,61,40,22,70,49,34,35,45,29,28
202110261715,74,42,29,77,68,44,22,80,54,32,33,48,30,31,72,45,28,79,70,44,25,80,51,31,33,49,31,32
202110261730,79,50,30,76,66,41,23,77,51,32,28,46,31,28,77,53,29,79,68,41,26,77,49,31,29,47,32,29
202110261745,92,59,35,86,84,44,19,71,54,34,37,50,38,30,90,62,34,89,86,44,23,71,51,33,38,51,38,31
202110261800,109,73,33,91,90,43,23,68,60,34,45,53,41,34,107,76,32,95,93,43,27,69,57,33,45,54,41,35
202110261815,117,69,35,90,113,50,27,67,60,32,40,56,38,43,116,73,35,95,115,50,30,68,57,31,40,58,39,43
202110261830,127,75,38,101,107,55,24,66,63,31,48,55,42,48,125,79,38,106,110,54,28,68,60,30,48,57,42,48
202110261845,127,72,48,119,103,61,23,70,63,32,42,53,39,53,125,77,47,123,106,59,27,72,60,31,42,56,40,54
202110261900,128,79,51,109,97,63,25,65,70,27,45,52,41,56,125,83,50,113,100,62,30,67,66,27,45,56,41,57
202110261915,135,79,44,114,84,63,28,56,71,25,46,45,41,56,131,83,44,119,89,62,32,58,67,25,46,49,41,56
202110261930,133,74,46,114,82,64,31,56,74,25,48,43,40,51,129,79,45,119,87,63,35,58,70,25,48,47,39,52
202110261945,133,69,51,118,82,67,31,66,66,22,55,45,43,55,129,74,50,122,87,65,34,68,63,22,55,49,42,56
202110262000,124,68,49,112,77,62,32,61,76,28,56,43,44,51,120,72,48,116,82,61,36,63,72,28,56,47,43,52
202110262015,112,63,42,106,62,59,31,51,74,29,53,43,38,53,108,67,42,109,67,59,35,53,70,29,52,47,38,53
202110262030,115,62,45,106,62,62,33,49,68,24,58,40,41,57,111,66,45,109,67,61,36,52,65,25,57,45,40,57
202110262045,106,61,48,108,58,62,33,49,61,27,59,41,42,54,102,65,48,111,63,60,36,52,59,27,58,45,41,55
202110262100,94,64,44,110,59,53,31,46,69,27,58,38,39,60,91,66,44,112,63,53,35,49,66,27,57,43,38,60
202110262115,96,61,46,111,55,54,32,49,71,26,61,41,44,56,92,64,46,113,59,54,36,52,67,26,60,45,43,57
202110262130,95,58,48,103,55,52,33,44,74,24,68,40,46,62,91,61,48,105,59,53,37,47,70,24,67,45,45,62
202110262145,86,57,49,103,54,50,34,46,71,27,69,40,48,64,83,59,49,105,58,51,38,49,68,27,68,45,46,64
202110262200,86,54,46,105,49,53,33,36,70,24,62,38,48,64,83,57,46,107,53,53,37,40,67,24,61,44,46,64
202110262215,83,51,45,107,47,47,35,41,67,25,55,38,46,66,80,54,46,108,51,48,38,44,64,26,55,44,45,66
202110262230,75,54,48,99,43,43,37,38,74,22,57,39,48,61,72,56,48,100,47,45,41,41,71,23,57,44,46,61
202110262245,68,46,45,98,49,40,37,35,72,25,50,35,45,55,66,48,45,99,52,42,40,38,69,26,50,40,43,55
202110262300,65,45,45,93,46,34,32,34,75,25,49,29,41,57,62,47,45,94,49,37,36,37,71,25,49,34,39,57
202110262315,61,38,42,92,44,37,30,29,68,24,46,27,34,60,59,40,43,93,47,39,34,33,65,24,45,33,33,60
202110262330,49,35,37,85,39,32,33,27,68,22,43,24,29,48,47,36,37,85,41,35,36,30,65,23,42,29,28,48
202110262345,51,37,35,81,34,29,28,27,69,20,43,20,27,46,49,38,35,81,37,32,32,30,65,20,42,25,26,46
202110270000,42,36,33,73,29,31,21,24,65,18,45,19,26,40,40,37,33,74,32,34,25,27,61,18,44,23,25,40
202110270015,40,37,34,68,28,31,19,22,59,16,37,19,22,37,38,37,33,69,30,33,23,25,55,16,36,23,21,38
202110270030,38,32,27,56,30,26,17,22,56,16,34,18,21,35,36,33,27,57,32,28,21,24,53,16,33,22,20,35
202110270045,37,35,29,55,26,23,18,20,54,16,27,16,17,32,35,35,28,56,28,25,22,22,51,16,26,19,17,33
202110270100,38,32,27,53,23,25,14,23,53,15,22,15,15,33,36,33,27,54,26,27,18,26,50,15,22,19,15,33
202110270115,41,26,27,50,22,22,15,22,51,17,24,14,14,32,39,28,27,52,25,25,19,25,48,17,23,18,14,32
202110270130,36,28,25,40,22,19,15,23,49,15,22,13,15,26,34,29,24,42,25,22,18,25,46,15,22,16,14,26
202110270145,33,27,21,44,21,18,12,20,44,17,23,13,12,24,31,28,21,46,24,20,15,22,41,17,22,16,12,24
202110270200,34,23,23,42,20,18,14,16,46,14,22,11,14,24,32,24,22,44,23,21,17,18,43,14,21,14,13,24
202110270215,30,20,23,41,18,17,13,16,40,10,26,9,15,22,28,21,22,42,20,19,16,18,38,10,25,12,14,23
202110270230,26,19,22,42,15,18,14,15,40,10,23,9,14,22,24,20,21,43,17,20,17,17,38,10,22,12,13,22
202110270245,25,18,23,39,13,14,12,14,40,11,22,10,10,22,23,19,22,40,15,16,15,16,38,11,21,13,10,22
202110270300,23,18,24,38,16,17,11,12,41,12,21,11,10,23,21,19,23,39,18,19,14,14,38,12,20,14,10,24
202110270315,22,19,24,36,14,14,8,11,39,10,20,9,8,23,20,20,23,37,16,16,11,13,37,10,19,12,8,24
202110270330,23,20,22,35,13,15,7,13,41,10,20,9,8,21,21,21,21,36,15,17,11,15,38,10,19,12,8,21
202110270345,25,21,21,37,16,15,6,13,42,11,19,9,9,19,23,22,20,38,18,17,10,15,39,11,18,11,9,19
202110270400,24,20,22,36,15,17,5,14,41,9,20,9,11,20,22,21,21,37,17,19,9,16,38,9,19,12,11,21
202110270415,27,19,17,36,14,14,6,12,41,10,15,8,10,19,25,20,17,37,17,16,10,14,38,10,15,10,10,19
202110270430,26,20,16,38,14,16,6,12,40,9,15,8,10,21,24,21,16,39,17,18,10,14,37,9,15,11,10,21
202110270445,25,18,18,36,13,14,8,12,36,9,17,6,11,22,23,19,18,37,15,16,11,14,34,9,17,9,10,22
202110270500,25,17,19,34,13,12,9,12,35,13,17,9,13,18,23,18,18,35,15,14,12,14,33,13,17,11,12,18
202110270515,25,19,21,33,11,14,10,12,34,16,19,10,13,20,23,20,20,34,14,16,12,14,32,16,19,12,12,20
202110270530,27,19,20,33,13,14,9,13,34,17,20,9,13,23,25,20,20,35,15,16,12,15,32,16,20,12,12,23
202110270545,27,20,21,32,11,15,13,18,34,19,21,10,15,23,25,21,21,33,14,17,15,20,32,18,21,13,14,23
202110270600,28,19,21,32,13,22,14,19,38,19,24,14,16,27,26,20,21,33,16,23,16,21,36,19,24,17,15,27
202110270615,29,20,25,35,15,23,18,18,40,19,26,15,16,31,27,21,25,36,18,24,20,20,38,19,25,18,16,31
202110270630,30,24,32,41,18,28,22,23,45,22,30,21,20,36,28,25,32,42,21,29,24,26,43,22,29,25,20,37
202110270645,32,25,35,45,17,27,23,36,47,23,30,25,18,32,30,26,34,46,20,28,25,38,45,23,29,28,18,33
202110270700,33,28,42,51,24,31,26,42,57,31,32,25,20,36,31,28,41,52,26,33,29,44,54,31,31,28,20,37
202110270715,40,25,36,54,33,33,22,43,65,31,35,34,25,39,38,27,35,55,35,36,26,45,61,30,34,37,25,40
202110270730,38,32,36,54,34,36,21,54,64,33,32,36,26,37,36,33,35,55,36,38,26,55,60,32,32,39,26,38
202110270745,40,33,37,54,44,38,23,59,61,42,34,37,23,39,39,34,36,55,45,39,27,60,58,41,33,40,24,40
202110270800,46,36,39,61,56,36,20,56,55,36,33,31,27,39,45,37,38,62,57,37,24,57,52,35,33,34,27,40
202110270815,48,34,30,59,51,30,21,49,52,33,32,30,26,38,46,35,30,61,52,32,24,51,49,32,32,33,26,38
202110270830,45,32,28,62,45,28,21,42,50,32,29,32,24,34,43,33,28,63,46,30,24,44,48,31,29,34,24,34
202110270845,38,33,27,66,46,28,19,37,45,36,28,28,22,29,37,34,26,66,47,29,22,39,43,35,28,30,22,29
202110270900,39,34,25,62,43,27,19,40,38,37,26,27,25,29,38,35,25,63,44,27,21,42,37,36,26,29,25,29
202110270915,35,36,26,56,48,28,21,37,41,41,26,25,30,27,34,36,25,57,49,29,23,38,40,39,27,27,29,28
202110270930,39,34,27,52,52,24,18,40,40,37,27,24,32,26,38,35,26,53,53,25,20,41,38,35,28,26,31,27
202110270945,41,29,30,55,51,25,17,37,39,37,24,29,30,29,40,30,29,56,52,26,19,39,37,35,25,31,29,30
202110271000,39,35,33,57,53,24,19,36,38,42,26,28,31,29,38,35,32,58,53,25,21,38,37,40,27,30,30,30
202110271015,40,34,27,64,50,25,20,31,37,39,24,28,32,24,39,35,26,65,51,26,22,33,36,38,25,29,31,25
202110271030,43,37,28,67,49,27,18,28,41,39,22,25,30,24,42,37,27,68,50,28,20,30,39,38,23,27,29,25
202110271045,45,40,31,58,51,29,16,31,44,35,26,24,27,20,44,40,30,59,52,30,19,32,42,34,27,25,26,22
202110271100,56,40,29,56,52,33,16,36,39,35,22,24,34,23,54,42,28,58,54,33,18,37,37,34,24,26,32,24
202110271115,53,43,32,57,58,34,18,37,38,33,27,23,28,24,52,44,31,59,59,34,20,38,36,32,28,25,27,25
202110271130,56,46,33,60,59,31,16,39,44,34,28,29,36,26,55,47,32,62,60,32,19,40,42,33,30,31,35,27
202110271145,63,52,31,67,54,36,18,40,50,30,25,30,36,25,61,53,30,69,56,36,21,41,47,29,27,32,35,26
202110271200,70,61,32,81,54,42,18,42,54,28,26,29,38,26,68,61,31,83,57,42,22,43,51,27,28,31,37,27
202110271215,78,61,31,94,50,41,20,42,54,28,29,25,41,29,75,62,30,96,53,41,23,44,51,27,31,27,39,30
202110271230,79,55,31,82,45,39,17,43,48,27,26,30,40,31,76,57,30,84,49,39,20,45,45,26,28,32,38,32
202110271245,76,56,29,71,49,37,14,41,42,25,30,31,40,30,73,58,28,74,52,36,17,43,40,24,32,33,38,31
202110271300,68,49,28,71,51,42,20,40,43,31,29,30,36,28,66,51,27,73,54,41,22,41,41,30,30,32,35,29
202110271315,61,43,25,67,50,38,16,42,38,35,30,34,36,25,59,45,24,69,52,37,18,43,36,34,31,35,35,25
202110271330,63,41,23,67,51,32,21,41,39,35,27,27,40,23,61,43,22,69,53,32,23,42,38,34,29,29,38,23
202110271345,60,42,23,59,51,33,18,40,40,33,24,23,35,28,58,44,23,62,53,33,20,41,38,32,26,25,33,28
202110271400,60,44,23,57,54,33,16,43,40,37,27,27,36,24,58,45,22,60,56,33,18,44,38,36,29,28,34,24
202110271415,55,41,23,59,48,29,16,33,43,42,26,24,34,25,53,42,23,61,50,30,19,35,41,40,27,26,32,25
202110271430,57,43,26,58,54,29,20,35,42,44,30,24,33,23,55,44,25,60,56,30,22,36,40,42,31,26,32,24
202110271445,58,39,24,57,53,28,20,35,38,41,30,21,34,23,56,41,23,59,55,28,22,36,37,39,31,23,32,24
202110271500,57,39,24,57,51,29,25,32,42,36,32,22,33,23,55,41,23,59,53,30,26,33,41,35,33,24,31,24
202110271515,50,34,28,56,48,29,20,36,44,36,32,22,36,23,49,36,27,58,50,30,22,37,42,35,33,24,34,24
202110271530,57,41,29,68,51,27,19,37,42,34,29,22,33,24,55,43,28,70,53,28,21,38,40,33,30,24,31,25
202110271545,55,39,24,67,47,26,23,39,41,36,26,27,35,24,53,41,23,69,49,27,25,40,40,35,28,29,34,24
202110271600,60,35,22,58,54,29,20,37,42,37,30,28,37,27,58,37,22,60,56,30,22,39,40,36,31,30,36,27
202110271615,61,36,23,59,61,26,21,42,39,36,24,27,32,31,60,38,23,62,62,27,23,44,38,35,25,30,31,31
202110271630,62,39,30,61,60,33,18,49,41,34,27,34,29,32,61,41,29,64,62,33,20,50,39,33,28,36,29,33
202110271645,74,44,33,68,63,34,17,65,44,37,31,35,30,31,72,47,32,71,65,34,20,66,42,35,31,37,30,32
202110271700,71,46,30,66,64,38,20,62,46,40,32,43,29,31,69,48,29,69,66,38,23,63,44,39,32,44,30,32
202110271715,71,48,28,69,64,44,19,71,43,38,37,49,24,37,69,50,28,71,66,43,21,72,41,37,36,51,26,37
202110271730,80,49,32,71,69,49,22,75,49,34,38,53,27,36,78,52,32,74,71,48,25,76,47,33,37,54,29,37
202110271745,88,55,37,79,75,50,23,64,57,35,41,52,32,35,86,58,36,82,77,49,27,65,54,34,41,53,33,36
202110271800,112,64,43,79,87,53,22,63,57,35,42,52,44,40,110,68,42,84,90,52,26,64,54,34,43,54,44,41
202110271815,107,74,52,82,86,55,25,61,64,34,39,49,38,47,105,76,51,87,89,54,29,63,61,33,40,52,38,49
202110271830,120,73,45,94,80,58,27,55,63,33,43,47,39,57,117,77,45,99,84,57,31,57,60,33,43,51,39,57
202110271845,128,77,48,100,79,62,24,57,68,30,48,44,44,59,124,81,48,105,84,61,29,60,64,29,48,49,43,59
202110271900,134,76,47,103,73,53,25,61,70,32,46,47,41,54,130,81,47,108,78,53,30,63,66,31,46,51,41,55
202110271915,138,75,41,110,71,60,27,54,69,29,45,49,40,57,133,80,41,115,77,59,31,56,65,29,45,53,40,57
202110271930,140,84,42,107,75,64,25,50,77,31,48,48,39,64,135,88,43,112,81,63,30,53,72,30,48,53,39,64
202110271945,136,85,44,105,71,62,27,58,74,26,53,41,35,57,131,89,44,110,77,61,32,60,70,26,52,45,35,57
202110272000,132,81,46,107,76,66,29,59,81,25,51,43,36,60,128,85,46,112,81,65,34,61,76,25,50,48,36,60
202110272015,124,71,48,96,74,61,28,49,78,26,49,37,36,56,120,75,48,101,79,61,33,52,74,26,48,42,35,57
202110272030,122,72,54,98,69,62,25,39,71,32,45,38,36,59,118,76,53,102,74,61,30,42,67,31,45,43,36,60
202110272045,118,70,56,104,55,51,35,42,68,32,45,39,43,64,114,74,56,108,61,51,38,45,65,32,46,44,42,65
202110272100,108,66,56,97,55,53,37,41,72,29,48,35,38,66,104,69,56,101,60,53,40,44,69,29,48,41,37,67
202110272115,102,64,52,101,62,54,36,42,71,26,45,34,37,59,98,67,52,104,66,54,40,45,68,26,45,39,36,60
202110272130,95,57,53,91,63,47,33,40,67,25,52,37,40,61,92,60,53,94,67,48,36,43,64,25,51,42,39,62
202110272145,92,62,51,97,56,46,31,39,69,23,50,36,41,62,89,64,51,99,60,47,35,42,66,23,50,41,40,63
202110272200,92,56,53,98,56,45,30,40,68,22,50,36,44,61,89,59,53,100,60,46,34,43,65,22,50,41,42,62
202110272215,87,58,48,100,53,44,32,41,67,21,52,40,38,65,84,60,48,102,57,45,35,44,64,22,51,46,37,65
202110272230,80,57,43,95,49,40,31,43,70,18,50,36,35,67,77,59,44,97,53,42,35,47,67,19,49,42,34,66
202110272245,68,63,46,85,48,43,32,41,72,20,48,35,35,66,65,63,47,86,51,45,36,45,68,21,47,41,34,66
202110272300,63,51,41,84,42,43,29,36,73,19,55,34,36,63,60,52,42,85,45,45,34,40,69,19,54,40,35,62
202110272315,61,50,40,80,39,41,30,36,71,18,49,35,32,64,58,51,41,81,42,43,34,40,67,19,48,41,32,63
202110272330,63,44,37,77,35,40,26,25,63,18,44,34,29,61,60,45,38,79,38,41,30,29,60,18,43,39,29,60
202110272345,57,37,37,72,38,38,25,22,64,17,39,28,29,52,54,39,37,73,41,40,29,25,61,17,39,33,28,52
202110280000,53,37,36,71,29,30,22,21,60,22,36,27,27,44,50,38,36,72,32,32,26,24,57,22,36,31,26,44
202110280015,44,37,31,69,24,27,21,21,60,18,36,25,23,38,42,38,31,70,27,29,25,24,57,18,35,28,23,38
202110280030,37,35,27,62,25,27,18,19,59,17,34,21,23,35,35,35,27,63,27,29,22,22,55,17,33,24,22,35
202110280045,37,29,25,55,23,24,13,17,51,14,34,21,20,29,35,30,25,56,26,26,17,19,48,14,33,23,20,29
202110280100,36,28,21,49,21,24,13,14,50,14,30,23,17,26,33,29,21,50,24,26,17,16,47,14,29,25,17,26
202110280115,32,30,22,45,17,21,15,13,44,8,26,15,18,26,30,30,22,46,20,23,18,15,42,8,25,18,17,26
202110280130,29,26,19,45,19,22,15,11,45,8,25,14,19,25,27,26,19,46,21,24,18,13,43,8,25,17,18,25
202110280145,26,27,20,46,17,20,16,12,43,7,29,17,17,28,24,27,20,47,19,22,19,15,41,7,28,20,17,28
202110280200,25,27,21,44,18,20,17,15,40,7,28,17,16,29,23,27,21,45,20,22,19,18,38,8,27,20,16,29
202110280215,19,24,19,40,18,21,16,15,40,8,29,17,15,27,17,24,19,41,20,23,18,17,38,8,28,20,15,27
202110280230,23,21,19,39,19,21,16,14,35,9,30,16,17,26,21,22,19,40,21,22,18,16,34,9,29,19,16,26
202110280245,23,20,18,39,19,20,16,15,37,8,27,15,19,24,21,21,18,40,21,21,18,17,35,8,27,18,18,24
202110280300,21,17,18,38,21,20,14,11,38,8,24,13,18,25,19,18,18,39,23,21,17,13,36,8,24,16,17,25
202110280315,22,19,13,34,20,20,12,13,38,8,28,12,18,19,20,20,13,35,22,21,15,15,36,8,27,14,17,19
202110280330,23,20,12,35,19,17,12,12,37,8,28,13,14,19,21,21,12,36,21,19,15,14,35,8,27,15,14,19
202110280345,23,20,12,36,18,17,11,13,35,8,27,12,14,21,21,21,12,37,20,18,14,15,33,8,26,14,14,20
202110280400,22,21,11,34,18,24,13,15,37,8,25,11,15,24,20,21,11,35,20,25,16,17,35,8,24,14,14,23
202110280415,20,22,12,36,16,20,8,9,39,0,21,6,9,26,18,22,12,37,18,22,11,12,37,1,20,9,9,25
202110280430,21,18,13,36,18,20,6,7,44,0,19,7,9,27,19,19,14,37,20,22,10,10,41,0,18,10,9,26
202110280445,21,16,16,36,16,16,7,11,41,0,20,7,8,23,19,17,16,37,18,18,11,13,38,0,19,10,8,23
202110280500,18,18,17,34,14,19,12,16,33,10,21,12,14,19,16,18,17,35,16,20,14,18,31,10,21,14,13,19
202110280515,20,20,16,34,13,18,13,15,32,14,21,12,17,20,18,20,16,35,15,19,15,17,31,14,21,14,16,20
202110280530,19,20,15,37,12,17,14,14,33,15,24,13,16,22,17,20,15,38,14,18,16,16,32,15,23,15,15,22
202110280545,22,23,16,40,14,18,13,15,35,15,26,14,16,23,20,23,16,41,16,19,15,17,33,15,25,17,16,23
202110280600,22,24,18,41,15,21,15,15,36,15,23,16,16,28,20,24,18,42,17,22,17,17,34,15,23,19,16,28
202110280615,26,25,23,45,16,27,17,17,37,15,27,20,18,31,24,25,23,46,18,27,19,20,36,15,26,23,18,31
202110280630,28,28,27,50,21,23,18,24,45,16,30,25,20,32,26,28,27,51,23,25,21,26,43,16,29,28,20,32
202110280645,28,30,27,47,26,23,21,34,45,22,33,26,19,37,26,30,27,48,28,25,23,36,43,22,32,29,19,37
202110280700,30,31,33,60,30,31,25,41,53,31,39,27,24,41,29,31,33,60,32,32,28,43,51,30,38,31,24,41
202110280715,31,33,34,62,35,35,23,43,53,30,41,36,22,50,30,33,35,62,36,36,26,46,51,29,39,40,23,50
202110280730,37,40,40,63,33,44,25,49,56,28,41,39,20,51,35,40,40,64,35,44,28,51,54,28,39,43,21,51
202110280745,43,36,38,64,46,42,28,45,54,31,43,42,22,48,42,37,38,65,47,42,31,47,52,31,41,45,23,48
202110280800,48,41,33,61,59,38,25,48,55,32,37,42,25,43,47,42,33,63,60,39,28,50,53,31,36,45,26,43
202110280815,44,42,28,62,45,34,23,39,51,30,34,34,25,40,43,42,28,63,46,35,26,41,49,29,33,37,25,40
202110280830,41,37,27,65,44,36,20,34,49,28,30,34,22,34,40,38,27,66,45,36,23,36,47,27,30,36,23,34
202110280845,40,39,26,74,41,30,19,34,42,25,27,28,27,31,38,39,26,74,42,30,21,36,40,25,28,30,27,31
202110280900,43,35,28,72,42,30,21,38,38,29,34,31,22,36,42,36,28,72,44,30,23,40,37,28,33,34,22,36
202110280915,47,33,22,68,43,26,19,32,38,27,25,30,22,32,46,34,22,69,45,27,21,34,36,26,25,32,22,32
202110280930,40,35,21,63,44,27,18,40,38,30,24,39,26,25,39,36,21,64,45,27,20,41,36,29,25,40,27,25
202110280945,45,33,22,62,43,22,15,42,38,32,24,37,29,23,44,34,21,63,45,23,17,43,36,31,25,38,29,23
202110281000,49,33,24,61,42,24,16,41,36,28,26,39,28,22,47,35,23,63,44,25,18,42,34,27,27,40,28,23
202110281015,47,34,24,70,43,23,16,39,42,29,27,39,29,20,45,35,23,71,45,24,19,40,40,28,28,39,29,21
202110281030,41,40,20,67,43,26,17,37,41,30,31,38,31,21,40,40,19,68,44,27,19,38,39,29,31,38,31,21
202110281045,44,38,20,62,42,27,17,41,40,30,33,31,34,23,42,39,20,63,44,27,19,42,38,29,34,32,33,23
202110281100,46,36,23,63,46,28,21,40,35,32,33,31,38,24,44,37,22,64,48,28,22,41,34,31,34,32,37,25
202110281115,51,41,20,68,46,29,20,44,35,30,28,31,32,24,49,42,20,69,48,29,21,45,34,29,29,32,31,24
202110281130,59,48,25,72,48,28,20,44,42,27,30,31,32,24,57,49,24,73,50,29,22,45,40,26,31,32,31,25
202110281145,64,51,22,77,46,28,18,42,49,32,31,32,34,27,62,52,22,78,49,29,21,43,46,31,32,34,33,27
202110281200,66,62,26,95,50,33,15,41,51,31,32,34,34,27,64,62,25,96,53,34,19,42,48,30,33,35,33,27
202110281215,60,65,28,99,49,31,15,40,49,28,33,35,37,28,58,64,27,99,51,32,19,42,46,27,34,36,36,29
202110281230,61,58,29,85,49,31,13,39,49,27,34,36,39,30,59,58,28,86,51,32,17,41,46,26,35,38,38,30
202110281245,69,53,29,76,50,31,15,40,47,29,30,37,32,27,66,54,28,78,53,32,18,42,44,28,31,38,32,28
202110281300,64,53,26,81,48,30,14,38,46,30,32,32,28,28,62,54,25,82,51,31,17,40,43,29,32,34,28,28
202110281315,56,45,25,67,50,30,15,36,43,33,29,31,29,27,54,46,24,69,52,31,18,38,41,32,30,33,29,27
202110281330,59,45,24,62,50,28,16,42,41,37,32,34,30,25,57,46,23,64,52,29,19,43,39,36,32,35,30,26
202110281345,55,52,19,62,45,31,15,38,44,36,34,41,29,32,53,52,19,64,47,31,18,40,42,35,34,43,29,32
202110281400,59,49,20,61,47,29,15,37,45,35,30,35,29,30,57,50,20,63,49,30,18,39,43,34,30,37,29,30
202110281415,56,45,25,63,51,31,15,40,44,36,28,41,31,29,54,46,25,65,53,32,18,41,42,34,29,42,31,29
202110281430,64,44,26,64,51,32,14,38,40,38,26,36,32,27,62,46,25,66,53,32,17,39,38,36,27,37,32,27
202110281445,61,44,20,68,49,33,15,40,43,34,29,39,26,28,59,45,20,70,51,33,18,41,41,33,29,40,27,28
202110281500,59,43,20,70,53,35,16,41,44,30,28,42,24,25,57,44,20,72,55,35,19,42,42,29,28,43,25,25
202110281515,62,36,22,68,51,35,15,41,41,32,28,42,26,26,60,38,22,70,53,35,18,42,39,31,28,43,27,26
202110281530,67,39,20,69,58,32,16,45,39,34,28,42,32,24,65,42,20,71,60,32,18,46,37,33,29,43,32,24
202110281545,64,38,20,69,57,30,14,43,34,36,26,41,29,25,62,40,20,71,59,30,16,44,33,34,27,42,30,25
202110281600,66,40,24,69,64,30,13,46,35,29,24,45,33,28,65,42,24,71,66,30,15,47,33,28,25,46,34,28
202110281615,68,42,24,67,63,29,11,48,36,29,23,38,31,30,66,44,24,69,65,29,14,49,34,28,24,39,31,30
202110281630,63,43,30,69,73,28,14,51,40,33,29,43,29,25,62,45,29,71,74,29,16,52,38,32,29,43,30,26
202110281645,62,46,32,73,75,31,14,62,39,36,30,56,27,32,61,47,31,75,76,31,16,63,37,35,30,57,29,33
202110281700,65,44,33,73,75,34,17,64,42,39,30,46,32,27,64,46,32,75,76,34,19,64,40,37,31,47,33,28
202110281715,70,43,31,73,73,41,19,77,44,37,31,50,32,35,69,45,31,75,74,40,22,77,42,36,32,51,33,36
202110281730,80,50,40,72,76,49,22,80,47,37,31,53,37,33,78,53,39,75,78,47,24,80,45,36,32,54,38,35
202110281745,89,53,44,80,83,52,25,72,50,37,39,53,37,36,88,56,43,83,85,50,27,73,48,36,39,54,38,38
202110281800,104,60,45,87,86,53,26,73,56,46,42,50,43,44,102,64,44,91,89,52,29,74,53,45,43,52,43,45
202110281815,110,69,44,95,91,56,31,68,56,42,48,48,45,45,108,72,43,99,94,54,33,69,54,41,48,50,44,46
202110281830,123,80,43,103,80,63,32,60,66,36,44,39,39,48,119,83,43,107,84,62,35,62,63,36,44,43,38,49
202110281845,125,77,50,110,82,66,30,64,70,38,48,41,41,53,121,81,49,114,86,65,34,66,67,37,48,45,40,54
202110281900,132,84,43,111,79,74,32,65,67,37,48,53,45,53,128,88,43,116,84,71,35,67,64,37,48,56,45,54
202110281915,147,82,42,112,74,68,29,63,72,35,50,49,40,51,142,87,42,118,80,66,33,65,68,34,50,52,40,52
202110281930,152,74,48,107,78,60,35,61,74,37,53,52,39,57,147,80,48,113,85,60,39,63,71,37,52,56,39,58
202110281945,144,80,49,101,75,60,36,55,65,41,53,49,44,57,139,85,49,107,81,59,39,57,63,40,53,53,44,58
202110282000,147,78,58,99,68,64,29,58,70,41,52,52,40,59,141,84,57,105,75,63,33,61,66,40,51,56,40,60
202110282015,130,72,56,95,57,60,32,59,69,40,54,53,44,56,125,77,55,100,64,59,36,61,66,39,54,56,44,58
202110282030,129,66,55,93,65,60,37,53,65,30,50,45,47,62,124,71,54,98,71,59,40,56,62,30,50,50,46,63
202110282045,122,66,54,91,68,60,32,51,61,32,51,43,40,65,118,71,54,96,73,58,35,54,58,32,51,48,39,66
202110282100,123,67,52,100,65,58,30,58,73,32,55,45,37,69,119,72,52,104,70,58,34,61,69,32,54,51,37,69
202110282115,120,66,53,95,65,52,38,55,75,31,51,46,33,69,116,70,53,99,70,53,42,58,72,31,50,52,34,69
202110282130,110,62,53,107,58,54,36,55,76,30,55,47,38,68,106,66,53,110,63,55,40,58,72,30,54,52,38,68
202110282145,102,54,50,98,49,54,30,54,78,28,57,47,35,68,98,58,51,101,54,55,35,57,74,28,55,52,35,68
202110282200,106,52,53,95,56,53,30,50,78,27,46,45,38,67,102,57,53,99,61,54,35,53,74,27,46,50,38,67
202110282215,95,52,53,101,49,48,32,52,72,27,49,39,37,72,91,56,54,103,54,49,36,55,68,27,48,45,37,72
202110282230,89,50,50,104,52,49,32,47,71,28,48,42,36,69,86,53,51,106,56,50,36,50,67,28,47,48,36,69
202110282245,83,55,45,94,51,44,30,43,70,26,41,41,37,67,80,57,46,96,55,45,34,46,66,26,41,47,37,67
202110282300,83,48,41,88,45,42,28,37,71,25,43,40,34,59,80,51,42,90,49,44,32,40,67,25,43,45,34,59
202110282315,76,46,39,87,42,41,25,31,67,23,40,39,33,63,73,49,40,89,46,42,29,35,63,23,40,44,33,62
202110282330,68,48,35,82,41,36,26,34,64,26,40,33,30,54,65,50,36,84,44,38,30,37,61,26,39,38,30,54
202110282345,65,44,33,77,34,32,24,30,61,22,37,30,29,48,62,46,33,79,38,34,28,33,58,22,37,34,28,48
202110290000,63,38,32,68,35,26,18,27,62,23,40,27,25,45,60,40,32,70,38,29,23,30,58,23,39,31,25,45
202110290015,54,34,30,63,32,22,19,25,57,18,36,23,23,43,52,36,30,65,35,25,23,28,54,18,35,27,23,43
202110290030,47,34,27,58,32,23,17,25,53,16,32,20,20,42,45,35,27,59,35,25,21,28,50,16,31,24,20,42
202110290045,44,30,27,60,31,20,14,23,56,18,30,17,19,39,42,31,27,61,33,23,18,26,52,18,29,21,18,39
202110290100,46,32,25,56,27,18,13,19,52,15,26,15,18,39,43,33,25,57,30,21,17,22,49,15,26,19,17,39
202110290115,41,31,25,56,30,17,12,18,51,7,25,11,17,35,39,32,25,57,32,20,16,21,48,7,24,15,16,35
202110290130,35,29,23,51,31,17,11,19,48,9,27,11,18,31,33,30,23,52,33,20,15,21,45,9,26,15,17,31
202110290145,36,27,21,50,27,16,13,19,47,11,27,11,17,32,34,28,21,51,29,19,17,22,44,11,26,15,16,32
202110290200,33,28,21,46,26,14,16,19,42,10,25,9,16,29,31,29,21,47,28,17,19,21,40,10,24,13,15,29
202110290215,32,26,22,43,24,13,14,21,40,9,23,8,15,28,30,27,22,44,26,16,17,23,38,9,22,11,14,28
202110290230,31,23,21,36,21,11,12,20,40,9,21,9,15,30,29,24,21,38,23,14,15,22,38,9,21,13,14,30
202110290245,32,25,20,42,21,11,15,18,37,7,22,7,11,27,30,26,20,43,23,14,17,20,35,7,21,10,10,27
202110290300,30,26,21,40,19,10,13,16,39,7,24,7,11,27,28,27,21,41,21,13,16,18,37,7,23,10,10,27
202110290315,27,21,13,38,18,8,12,17,40,8,22,6,9,27,25,22,14,39,20,11,15,19,38,8,21,10,9,26
202110290330,25,17,14,34,18,8,10,15,41,9,22,7,10,28,23,18,15,35,20,11,13,17,39,9,21,11,10,27
202110290345,25,19,16,33,16,11,11,19,40,11,22,7,11,25,23,20,16,34,18,14,14,21,38,11,21,10,10,24
202110290400,25,18,14,33,18,12,11,16,45,9,21,6,10,30,23,19,15,35,20,15,15,18,42,9,20,10,9,29
202110290415,27,19,14,37,17,9,7,12,46,0,18,3,8,31,25,20,15,39,19,13,11,15,43,0,17,7,7,30
202110290430,28,16,13,35,17,9,9,11,47,0,20,2,8,31,26,17,14,37,19,13,13,14,44,0,19,6,7,30
202110290445,24,18,14,39,17,9,9,11,45,0,19,3,9,31,22,19,15,40,19,13,13,14,42,1,18,7,8,30
202110290500,24,18,15,36,16,9,13,14,41,10,23,11,13,27,22,19,15,37,18,12,16,16,39,10,22,14,13,26
202110290515,24,16,20,35,16,11,14,15,38,13,22,12,14,25,22,17,20,36,18,14,16,17,36,13,22,15,13,25
202110290530,22,19,20,36,17,12,14,16,40,11,19,13,12,26,20,20,20,37,19,14,17,18,38,11,19,16,12,26
202110290545,27,16,22,37,16,11,13,19,42,12,22,15,14,31,25,17,22,38,18,14,16,21,40,12,21,18,14,31
202110290600,28,23,21,40,18,15,16,20,39,12,24,14,16,35,26,24,21,41,20,17,18,23,37,12,24,18,16,34
202110290615,27,21,19,42,19,17,19,24,44,17,22,16,17,36,25,22,20,43,21,19,21,26,42,17,22,20,17,35
202110290630,28,23,21,48,21,20,21,26,45,20,29,21,18,44,26,24,22,49,23,22,23,29,43,20,28,25,18,43
202110290645,36,25,26,46,23,22,23,41,50,21,32,27,19,48,34,26,27,48,26,24,26,44,48,21,31,31,19,47
202110290700,36,31,34,50,21,24,22,40,62,32,34,26,21,47,34,32,34,51,24,27,26,42,58,31,33,30,21,47
202110290715,39,34,29,54,33,28,21,43,66,32,36,32,23,48,37,35,30,55,35,31,26,45,62,31,35,36,23,47
202110290730,42,36,34,53,40,34,22,53,66,32,39,40,26,49,40,37,34,54,42,36,27,55,62,31,38,44,27,49
202110290745,41,35,31,53,42,36,22,54,60,34,39,41,28,49,40,36,32,54,43,37,26,56,57,33,38,45,29,48
202110290800,48,36,34,59,50,38,23,51,55,36,40,37,27,45,46,37,34,61,51,39,26,53,52,35,39,40,27,45
202110290815,47,36,30,58,46,35,18,45,53,31,33,41,27,39,45,37,30,60,47,36,22,47,50,30,33,43,28,39
202110290830,46,35,27,54,51,34,17,45,51,29,34,35,32,33,45,36,27,56,52,35,21,47,48,28,34,37,32,33
202110290845,48,32,26,52,45,32,18,40,44,26,33,35,35,28,46,34,26,54,47,32,21,41,42,25,34,36,34,29
202110290900,50,32,25,61,41,26,17,41,41,28,34,42,33,25,48,34,24,63,43,27,19,42,39,27,34,43,33,26
202110290915,48,33,26,51,38,27,14,44,39,24,32,34,35,28,46,35,26,53,40,27,17,45,37,23,33,36,34,28
202110290930,45,40,24,61,38,29,19,43,38,27,32,31,34,31,43,40,24,62,40,29,21,45,37,26,33,33,33,31
202110290945,55,43,27,64,37,29,18,39,43,29,26,34,32,28,53,44,26,66,40,30,21,41,41,28,27,36,32,29
202110291000,52,42,26,63,41,28,17,39,47,30,29,35,36,31,50,43,26,64,43,29,20,41,45,29,30,37,35,31
202110291015,56,46,21,62,47,24,16,38,39,30,25,32,33,30,54,47,21,64,49,25,18,40,37,29,26,34,32,30
202110291030,52,40,23,61,43,24,16,37,41,29,26,30,31,27,50,41,23,63,45,25,19,39,39,28,27,32,30,27
202110291045,53,41,24,59,43,26,15,42,41,26,24,33,36,25,51,42,23,61,45,27,18,43,39,25,26,34,35,25
202110291100,55,40,25,58,44,23,15,34,38,24,27,36,38,28,53,41,25,60,46,24,17,36,36,23,29,37,37,28
202110291115,54,38,27,62,42,25,16,37,39,25,26,26,36,31,52,40,27,64,44,26,18,39,37,24,28,29,34,31
202110291130,58,41,26,65,45,28,19,35,43,26,34,25,38,30,56,43,26,67,47,29,21,37,41,25,35,28,36,30
202110291145,60,54,23,74,48,28,18,39,41,26,35,28,40,33,58,55,23,76,50,29,20,41,39,25,36,31,38,33
202110291200,68,62,23,88,51,34,17,39,46,23,36,26,42,35,66,62,23,89,54,34,20,41,44,22,37,29,40,35
202110291215,75,65,24,95,52,31,17,33,47,22,32,26,45,32,72,66,24,96,55,32,20,35,45,22,34,29,43,32
202110291230,77,68,20,87,50,32,18,38,46,22,37,29,41,32,74,68,20,89,53,33,21,40,44,22,38,31,39,31
202110291245,71,66,23,76,46,33,18,41,45,23,30,29,36,34,68,66,23,78,49,33,21,43,43,23,31,32,35,34
202110291300,70,63,29,78,43,30,16,38,43,25,31,29,33,32,67,63,28,80,46,31,19,40,41,24,32,31,32,32
202110291315,65,52,27,79,49,30,16,35,41,23,26,26,31,30,63,53,26,81,52,30,19,37,39,22,27,28,30,30
202110291330,63,51,26,70,44,28,18,36,42,25,25,30,36,32,61,52,26,72,47,29,21,38,40,24,27,32,35,32
202110291345,65,48,27,68,45,30,19,38,42,29,28,29,35,31,63,49,27,70,48,31,21,40,40,28,29,31,34,31
202110291400,58,44,23,68,50,29,22,37,43,30,31,27,36,31,56,45,23,70,52,30,24,39,41,29,32,29,35,31
202110291415,60,41,26,73,45,27,22,36,42,32,31,23,34,27,57,43,25,75,48,28,24,38,41,31,32,25,32,28
202110291430,52,45,26,67,45,22,20,33,43,34,30,24,29,25,50,46,25,68,47,24,22,35,41,33,30,26,28,26
202110291445,53,44,23,62,40,22,23,33,41,30,28,25,35,26,51,45,22,64,42,24,25,35,40,29,29,27,33,26
202110291500,54,47,22,68,40,24,22,38,44,35,30,31,32,28,52,48,22,70,42,26,24,40,42,34,31,33,31,28
202110291515,54,44,21,67,38,19,22,37,45,31,30,31,35,28,52,45,21,69,41,21,24,39,43,30,31,33,34,28
202110291530,59,47,22,70,43,19,22,35,40,31,29,29,26,27,57,48,22,72,46,21,24,37,39,30,29,31,26,27
202110291545,60,43,23,67,44,18,24,42,40,32,26,34,32,22,58,44,22,69,47,20,25,43,39,31,27,35,32,23
202110291600,60,46,21,78,47,18,22,41,39,32,31,33,33,21,58,47,20,79,49,20,24,42,38,31,32,34,32,21
202110291615,60,46,23,73,53,18,23,38,38,33,31,35,32,22,58,47,22,74,55,20,24,39,37,32,32,36,32,22
202110291630,68,42,31,75,60,26,22,50,42,36,32,32,31,27,66,44,30,77,62,27,24,51,40,35,33,34,30,28
202110291645,73,51,30,77,65,26,18,65,44,35,25,38,32,33,71,53,30,79,67,27,21,66,42,34,26,40,32,33
202110291700,71,54,33,82,69,32,16,66,48,36,28,42,34,37,70,55,33,84,70,33,19,67,45,35,29,44,34,38
202110291715,72,57,33,78,74,33,20,74,47,33,28,49,33,42,71,58,33,80,75,34,23,75,45,32,29,51,34,42
202110291730,87,60,34,77,80,35,22,72,44,31,32,48,31,35,86,62,33,80,82,35,24,73,42,30,32,49,32,36
202110291745,100,63,36,83,89,44,22,73,49,38,29,51,36,42,98,66,36,87,91,43,25,74,47,37,30,53,37,42
202110291800,126,73,38,101,106,46,25,77,60,39,36,48,39,51,124,77,38,106,109,46,29,78,57,38,37,51,39,51
202110291815,129,83,40,100,106,46,25,70,50,37,43,49,40,51,126,87,40,105,109,45,27,72,48,36,43,52,40,51
202110291830,130,88,44,100,94,47,27,69,55,34,44,49,40,53,127,91,44,105,98,47,30,71,53,34,44,52,40,54
202110291845,142,84,47,117,90,56,30,63,59,28,46,55,45,56,138,89,47,122,95,55,33,65,57,28,47,58,45,57
202110291900,152,87,46,114,93,63,27,61,62,32,46,56,45,62,147,92,46,120,98,61,31,64,59,31,47,60,45,62
202110291915,161,94,47,116,96,61,27,63,68,28,45,55,41,54,156,99,47,122,102,60,31,65,64,28,45,58,41,55
202110291930,164,101,50,113,103,61,28,60,72,31,43,55,46,56,160,106,49,120,109,60,33,62,68,31,44,58,46,57
202110291945,158,90,46,109,102,64,29,55,76,28,45,53,40,55,154,95,46,115,107,63,34,57,72,28,45,56,40,56
202110292000,148,85,51,114,89,57,33,57,79,30,45,55,48,59,144,90,51,120,94,58,38,60,75,30,46,59,48,60
202110292015,147,82,53,111,90,53,32,52,80,30,43,44,41,64,143,87,53,117,95,54,37,55,76,30,44,49,41,65
202110292030,143,81,55,108,84,54,30,54,75,27,43,45,37,64,139,86,55,114,89,55,34,57,71,27,43,50,37,65
202110292045,147,76,61,112,84,48,32,53,79,29,40,46,42,61,143,82,60,117,90,50,37,56,75,29,41,51,42,63
202110292100,124,75,60,109,80,42,36,46,79,30,46,40,41,62,121,79,59,113,84,44,40,49,75,30,46,45,40,64
202110292115,114,76,59,101,85,46,33,52,83,29,45,44,39,66,111,79,59,105,88,48,38,55,78,29,45,49,39,67
202110292130,111,81,62,107,78,49,30,59,79,23,43,37,38,71,108,83,62,110,82,51,35,62,75,23,43,43,37,72
202110292145,108,71,59,106,74,48,33,55,79,25,43,43,35,76,105,74,59,109,78,50,38,58,75,25,43,50,35,77
202110292200,108,65,56,108,73,53,32,48,84,28,44,40,35,79,105,69,57,111,77,55,37,52,79,28,44,47,35,79
202110292215,97,61,51,109,67,45,31,50,81,26,44,37,33,71,94,64,52,111,70,47,36,53,76,26,43,44,33,71
202110292230,92,61,51,97,60,50,32,50,82,24,47,40,29,70,89,64,52,100,64,52,37,53,77,24,46,46,29,70
202110292245,77,53,50,94,60,47,33,44,81,22,45,37,33,67,75,55,50,96,63,49,38,47,77,23,44,43,33,67
202110292300,73,49,46,89,58,46,36,37,80,19,41,37,32,64,71,51,47,90,60,48,40,41,76,20,41,43,32,64
202110292315,65,49,42,83,55,46,34,40,76,21,39,36,32,60,63,50,43,84,57,48,38,43,72,22,39,41,32,60
202110292330,63,45,43,78,47,43,32,38,78,15,39,39,31,62,60,46,44,79,50,45,37,41,74,16,39,44,31,62
202110292345,55,44,36,75,42,38,31,33,78,18,31,32,31,55,52,45,37,76,45,41,36,36,74,19,32,37,31,55
202110300000,51,45,37,64,41,35,26,31,72,21,28,26,26,47,49,46,37,66,43,38,31,34,68,21,28,30,25,47
202110300015,49,38,36,66,40,35,22,31,65,14,24,24,24,42,47,39,36,67,42,37,26,34,61,15,25,28,23,43
202110300030,46,35,34,67,40,27,23,28,60,14,23,22,23,39,45,36,34,68,42,30,27,31,57,15,24,26,22,39
202110300045,38,32,32,63,32,25,20,28,53,15,21,19,22,35,36,33,32,64,34,27,23,30,50,15,22,22,21,36
202110300100,34,33,28,59,30,16,21,25,51,10,19,18,21,35,32,33,28,60,32,19,24,27,49,11,20,21,20,35
202110300115,33,37,23,58,31,17,21,20,50,6,19,13,19,35,31,37,23,59,33,20,24,23,48,7,19,17,18,35
202110300130,30,30,24,51,27,14,24,16,51,6,17,13,18,31,28,30,24,52,29,18,27,19,49,7,17,16,17,31
202110300145,29,34,22,54,22,16,20,17,50,7,13,12,13,29,27,34,22,55,24,19,23,19,48,8,13,15,13,29
202110300200,29,32,21,46,22,16,20,16,47,6,13,12,18,23,27,32,21,47,24,19,23,18,45,7,14,15,17,23
202110300215,29,29,20,43,22,14,18,14,47,6,10,14,16,25,27,29,20,44,24,17,21,16,45,7,11,17,16,25
202110300230,29,27,20,42,21,13,22,15,45,5,15,12,15,25,27,27,20,43,23,16,24,17,43,6,15,15,14,25
202110300245,30,22,19,41,21,13,22,14,44,4,16,11,14,23,28,23,19,42,23,16,24,16,42,5,16,14,13,23
202110300300,25,24,20,40,21,14,21,13,40,6,16,10,14,23,24,24,20,41,23,16,23,15,38,7,16,13,13,23
202110300315,22,23,12,37,21,13,17,13,40,5,18,10,13,22,21,23,12,38,23,16,19,15,38,6,18,13,13,21
202110300330,24,22,13,33,16,12,17,12,39,4,16,8,12,23,22,23,13,34,18,15,19,14,37,5,16,11,11,22
202110300345,23,21,14,34,17,12,15,15,41,5,17,8,14,22,21,22,14,35,19,15,18,17,39,6,17,11,13,22
202110300400,24,21,17,33,18,11,15,16,44,4,15,10,13,24,22,22,17,34,20,14,18,18,42,5,15,13,12,24
202110300415,20,18,15,32,16,9,10,11,46,0,13,4,10,25,18,19,15,33,18,13,14,13,43,1,13,7,9,25
202110300430,19,21,15,32,17,11,10,11,47,0,14,3,11,29,18,21,16,33,19,15,14,14,44,1,14,7,10,28
202110300445,19,20,15,34,17,11,9,10,46,0,16,6,11,29,18,20,15,35,19,14,13,13,43,1,16,10,10,28
202110300500,17,21,16,32,17,15,14,12,40,8,16,9,12,24,16,21,16,33,19,17,17,14,38,8,16,12,11,24
202110300515,17,19,16,35,17,15,17,14,36,7,14,9,12,23,15,19,16,36,19,17,19,16,35,8,14,12,11,23
202110300530,20,21,20,36,17,19,18,16,36,9,13,12,11,24,18,21,20,37,19,20,20,18,35,9,13,15,11,24
202110300545,22,24,20,38,18,21,16,21,39,8,15,12,12,24,20,24,20,39,20,22,18,23,37,8,15,15,12,24
202110300600,22,23,18,41,17,21,16,22,40,8,17,13,15,28,20,23,18,42,19,23,18,24,38,8,17,16,15,28
202110300615,21,25,19,42,18,21,17,22,40,10,18,15,17,30,19,25,19,43,20,23,19,24,38,10,18,18,17,30
202110300630,22,26,23,45,20,28,19,28,42,11,24,17,23,30,20,26,23,46,22,29,21,30,40,11,24,20,22,30
202110300645,23,31,24,50,21,29,21,38,41,13,25,20,20,32,21,30,24,50,23,29,23,40,39,13,25,23,20,32
202110300700,26,31,25,55,22,28,23,40,48,17,30,26,24,40,24,31,25,55,24,29,25,42,46,17,30,30,24,39
202110300715,28,31,30,61,28,33,29,41,50,22,29,29,24,47,26,31,30,61,30,34,31,44,48,22,29,33,24,46
202110300730,34,38,32,59,32,34,30,58,51,23,33,32,24,50,32,38,33,60,34,35,32,60,49,23,33,36,24,49
202110300745,36,37,28,64,40,36,29,66,56,25,37,34,27,51,35,37,29,64,41,37,32,68,54,25,37,38,27,50
202110300800,41,43,31,65,43,39,30,77,60,32,39,40,31,52,39,43,32,66,44,40,33,78,57,32,39,44,31,51
202110300815,44,42,31,70,50,39,26,79,60,29,37,45,32,52,43,42,32,70,51,40,29,80,57,29,37,49,33,51
202110300830,45,36,31,73,57,36,25,76,60,26,40,42,31,51,44,37,32,74,58,38,29,77,57,26,40,46,32,50
202110300845,45,39,31,75,51,37,25,72,59,25,43,43,29,46,44,40,31,76,52,38,28,73,56,25,42,46,30,46
202110300900,46,36,30,75,53,41,26,68,61,28,43,43,32,48,45,37,31,76,54,42,30,69,58,28,42,46,32,47
202110300915,53,43,30,76,53,41,26,74,60,28,45,39,34,50,52,44,31,77,55,42,29,75,57,28,45,43,34,49
202110300930,55,41,35,67,57,44,27,73,57,28,39,38,34,55,54,42,36,68,58,44,30,75,54,28,39,43,34,54
202110300945,61,44,39,73,59,39,27,70,52,26,45,42,34,51,59,45,39,75,61,39,30,72,50,26,44,46,34,51
202110301000,59,52,37,69,68,37,28,78,51,31,43,41,33,46,58,53,37,71,69,37,30,79,49,31,43,44,33,46
202110301015,71,47,34,77,67,35,25,86,60,31,41,39,30,49,69,49,34,79,69,37,28,87,57,30,40,43,30,49
202110301030,68,55,38,74,68,34,24,83,63,33,36,47,32,44,66,56,38,76,69,36,28,84,60,32,36,50,33,45
202110301045,73,53,36,80,68,39,28,80,65,30,38,42,32,37,71,55,35,82,70,40,32,80,62,30,38,44,32,38
202110301100,80,53,38,80,67,42,26,81,67,29,36,47,35,36,78,55,37,83,69,43,30,81,63,29,36,49,35,37
202110301115,85,53,45,84,62,54,27,58,61,27,40,44,43,46,82,56,44,87,65,53,30,60,58,27,41,47,42,47
202110301130,95,52,45,86,70,49,23,60,59,31,41,49,40,44,92,56,44,89,73,48,27,61,56,30,42,51,40,45
202110301145,98,60,41,95,69,48,26,63,55,31,41,51,36,44,95,63,40,98,72,47,29,64,53,31,41,53,37,45
202110301200,91,69,41,95,61,54,29,64,68,35,38,50,37,45,88,70,40,98,65,54,33,66,65,34,39,52,38,46
202110301215,97,78,41,80,62,56,31,70,70,31,37,45,42,45,94,79,40,84,66,56,35,71,67,31,38,48,41,46
202110301230,93,81,40,89,63,46,29,70,66,31,35,46,46,47,90,82,40,92,67,47,33,71,63,31,37,49,45,48
202110301245,91,83,39,87,65,43,31,74,63,31,36,40,49,47,88,83,39,90,68,44,34,75,60,31,38,43,47,48
202110301300,103,75,40,89,70,39,31,69,63,32,36,42,49,51,100,77,40,93,74,40,34,71,60,32,38,46,47,51
202110301315,107,72,38,84,67,39,26,70,57,24,31,41,47,50,103,75,38,88,71,40,29,71,54,24,33,45,46,50
202110301330,102,62,38,85,65,41,25,67,56,27,37,43,42,44,99,65,38,89,69,42,28,68,53,27,38,46,41,45
202110301345,92,63,36,78,65,37,26,70,51,28,38,36,40,43,89,65,36,82,68,38,28,71,49,28,39,39,39,44
202110301400,98,66,38,78,64,41,25,76,54,27,35,45,37,40,95,69,37,82,68,41,28,77,52,27,36,47,37,41
202110301415,97,67,33,81,64,36,25,73,54,31,34,43,31,38,94,69,33,85,68,37,28,74,52,30,34,45,32,38
202110301430,96,63,35,82,70,39,27,73,51,31,35,39,36,35,93,66,34,86,73,39,29,74,49,31,36,41,36,36
202110301445,90,63,32,86,71,38,32,76,55,35,35,47,39,36,88,65,32,89,74,39,34,77,53,35,36,49,39,37
202110301500,96,68,32,85,73,35,28,68,59,37,30,55,42,40,94,70,32,88,76,37,31,69,56,36,32,56,42,40
202110301515,95,64,31,85,77,41,25,76,57,32,33,50,36,40,93,67,31,88,80,42,28,77,54,31,34,52,37,40
202110301530,95,61,34,80,71,36,26,69,57,32,32,41,38,34,92,64,33,84,74,37,29,70,54,31,33,43,38,35
202110301545,98,56,44,84,71,36,26,70,56,31,31,35,40,34,95,59,42,88,74,37,29,71,53,31,33,37,39,36
202110301600,96,65,45,90,78,39,27,72,62,30,35,45,35,37,94,67,44,93,81,40,30,73,59,30,36,47,35,39
202110301615,96,60,46,91,69,32,28,73,63,31,39,44,32,37,93,63,44,94,72,34,31,74,60,31,39,46,32,39
202110301630,97,58,44,90,72,37,26,76,62,31,40,43,30,33,94,61,42,93,75,39,30,76,59,30,40,45,31,35
202110301645,95,60,39,86,72,38,30,77,57,32,41,43,29,39,92,63,38,89,75,39,33,78,55,32,40,45,30,40
202110301700,109,68,38,87,80,41,26,78,55,34,46,44,29,40,106,71,37,91,83,41,29,79,52,33,45,46,30,41
202110301715,121,74,39,92,73,42,25,80,54,34,43,50,32,40,117,78,38,97,78,42,28,81,51,33,42,52,33,41
202110301730,126,82,39,97,79,43,26,80,54,31,39,55,36,40,122,85,38,102,84,43,29,81,52,31,39,56,37,41
202110301745,131,88,34,96,95,49,22,77,52,33,38,56,34,38,128,91,34,101,99,48,25,78,50,32,38,57,35,39
202110301800,139,92,44,109,99,54,26,72,54,35,44,55,32,46,136,95,43,114,103,52,29,73,52,34,43,57,33,47
202110301815,165,88,42,115,95,58,32,56,57,31,44,44,34,47,160,94,42,122,101,56,34,58,55,31,44,47,34,48
202110301830,168,94,46,123,92,59,32,59,62,29,43,38,38,49,163,100,45,129,99,57,35,61,59,29,43,42,37,50
202110301845,167,89,47,124,94,60,32,50,62,30,38,43,35,49,162,95,46,130,100,58,35,52,59,30,38,46,35,50
202110301900,166,86,51,145,102,66,33,56,65,36,43,48,33,48,162,92,50,150,108,64,36,58,62,36,43,51,34,49
202110301915,178,89,50,135,99,58,30,53,65,32,43,47,37,48,173,96,49,141,106,57,33,55,62,32,43,50,37,49
202110301930,169,93,51,129,100,63,27,52,74,29,43,46,38,61,164,99,51,135,106,62,32,55,70,29,43,51,38,62
202110301945,162,95,49,131,95,56,29,49,71,30,40,51,38,58,158,100,49,136,101,56,33,52,67,30,40,55,38,59
202110302000,157,94,52,125,98,66,24,46,73,26,38,43,38,64,153,99,52,130,103,65,29,49,69,26,39,48,38,64
202110302015,158,96,49,127,87,65,27,54,70,29,39,43,38,66,153,101,49,132,93,64,32,57,66,29,40,49,38,66
202110302030,149,95,54,124,84,64,34,49,69,30,40,42,38,67,144,99,54,129,90,63,38,52,66,30,40,48,38,67
202110302045,142,82,55,122,84,60,38,51,76,27,40,48,43,69,138,87,55,127,89,60,42,54,73,28,41,53,43,69
202110302100,141,74,55,119,81,59,33,50,79,27,37,53,40,72,137,79,55,124,87,59,38,54,75,27,38,58,40,72
202110302115,135,70,49,110,73,54,36,50,70,24,39,49,36,75,130,75,50,115,79,54,39,54,67,25,39,55,36,75
202110302130,131,72,53,113,71,51,42,52,68,22,40,48,32,79,126,77,54,117,77,51,44,56,66,23,40,55,33,79
202110302145,129,73,49,112,66,54,41,51,78,25,40,48,37,81,124,77,51,116,72,55,45,55,75,26,40,55,37,80
202110302200,118,65,45,111,66,46,37,49,80,25,42,49,35,79,114,69,47,114,71,48,41,53,76,26,42,56,36,78
202110302215,102,70,51,111,63,46,39,46,80,22,40,45,35,76,98,73,52,113,67,48,43,50,76,23,40,52,35,76
202110302230,90,65,52,107,56,49,34,47,74,21,42,46,33,70,87,67,52,109,60,50,38,51,70,22,42,52,34,70
202110302245,89,61,45,103,54,46,35,41,78,19,39,45,31,68,86,63,46,105,58,48,39,45,74,20,39,51,32,68
202110302300,71,55,42,94,53,42,36,39,78,18,40,44,34,66,69,56,43,95,56,44,40,43,74,19,40,49,34,65
202110302315,64,56,41,91,50,43,36,41,79,19,40,40,32,60,62,57,42,92,52,45,40,44,75,20,40,45,32,60
202110302330,68,55,42,88,46,42,34,36,74,16,37,36,30,59,66,56,43,89,49,44,38,39,70,17,37,41,30,59
202110302345,62,55,36,83,44,37,28,33,74,13,32,29,28,49,60,55,36,84,47,40,33,36,70,14,32,33,28,49
202110310000,60,46,42,71,42,34,28,32,71,17,34,28,21,46,57,47,41,73,45,37,32,35,67,18,33,32,21,47
202110310015,59,46,43,70,36,33,23,28,67,16,31,27,21,46,56,47,42,72,39,36,27,31,63,16,30,31,21,47
202110310030,51,41,37,71,35,28,24,31,60,14,29,25,24,45,49,42,37,72,38,31,28,34,57,15,29,29,24,45
202110310045,46,38,31,67,33,29,24,27,54,12,24,22,24,36,44,39,31,68,35,31,27,29,52,13,24,25,23,36
202110310100,43,34,29,65,29,26,22,27,55,10,24,21,21,39,41,35,29,66,32,28,25,30,52,11,24,25,21,39
202110310115,37,35,26,62,28,24,21,21,56,5,21,14,20,38,35,35,26,63,30,27,25,24,53,6,21,18,19,38
202110310130,33,32,23,59,26,24,22,23,52,4,19,14,19,36,31,32,23,60,28,26,25,26,49,5,19,18,18,36
202110310145,27,29,23,55,28,23,21,22,47,5,17,15,17,33,26,29,23,55,30,25,24,25,45,6,17,19,16,33
202110310200,26,27,20,47,25,21,18,18,45,4,15,14,16,35,25,27,20,48,27,23,21,21,43,5,15,18,16,34
202110310215,24,32,18,48,24,17,17,17,40,4,14,12,14,33,23,32,19,48,26,19,19,20,38,5,14,16,13,32
202110310230,24,28,17,49,24,15,16,17,42,4,17,12,14,31,22,28,18,49,26,18,19,19,40,5,17,16,14,30
202110310245,21,26,19,49,21,14,16,16,37,4,16,11,15,27,19,26,19,49,23,16,18,18,35,5,16,14,14,27
202110310300,21,24,19,44,19,15,13,16,36,5,19,11,12,28,19,24,19,44,21,17,15,18,34,6,18,14,12,28
202110310315,20,21,14,39,16,13,10,18,40,4,18,8,13,27,18,21,14,40,18,16,13,20,38,4,18,11,12,26
202110310330,19,23,12,42,17,13,9,19,39,4,20,10,12,26,17,23,13,43,19,15,12,21,36,4,19,13,12,25
202110310345,19,22,13,40,13,13,10,16,38,4,18,8,12,25,17,22,14,41,15,15,13,18,36,4,18,11,11,24
202110310400,19,19,14,42,17,12,10,16,43,3,21,7,13,28,17,19,15,42,19,15,14,18,40,3,20,10,12,27
202110310415,20,18,16,36,14,10,7,12,44,0,16,5,10,26,18,19,16,37,16,13,11,14,41,0,16,8,9,26
202110310430,19,22,13,38,12,11,8,10,46,0,15,6,11,27,17,22,14,39,14,14,12,13,43,0,15,9,10,26
202110310445,18,21,15,38,13,12,9,11,46,0,17,5,10,28,16,21,15,39,15,15,13,14,43,1,17,9,9,27
202110310500,20,18,17,35,14,14,11,18,36,10,17,11,12,25,18,19,17,36,16,16,14,20,34,10,17,14,12,25
202110310515,18,19,17,35,13,12,12,16,42,11,18,11,11,23,16,19,17,36,15,15,15,18,39,11,18,14,11,23
202110310530,18,22,15,36,14,12,14,16,43,12,18,9,12,25,16,22,15,37,16,15,17,18,41,12,18,12,11,25
202110310545,19,20,18,38,14,11,15,17,44,13,17,11,13,26,17,20,18,39,16,14,18,19,41,13,17,14,13,26
202110310600,18,23,21,42,15,14,19,20,43,15,21,14,11,29,16,23,21,42,17,17,21,22,41,15,20,17,11,29
202110310615,20,22,21,40,17,16,18,23,40,14,22,15,12,31,18,22,21,41,19,18,20,25,38,14,21,18,12,31
202110310630,21,26,22,45,18,20,19,22,45,14,29,17,14,34,19,26,22,46,20,22,22,24,43,14,28,20,14,34
202110310645,25,27,24,47,18,18,20,27,47,13,30,18,16,32,23,27,24,48,20,21,23,29,45,13,29,21,16,32
202110310700,27,35,26,53,19,27,24,30,52,17,38,23,20,34,25,35,26,53,21,29,27,32,50,18,36,26,20,34
202110310715,29,39,27,57,22,27,23,29,54,19,36,21,23,40,27,38,27,57,24,29,26,32,51,19,35,25,22,40
202110310730,32,37,28,65,22,35,27,34,53,17,46,28,20,40,30,37,28,65,24,36,30,36,51,18,44,31,20,40
202110310745,35,36,25,70,25,35,26,35,58,23,44,29,22,38,33,36,25,70,27,36,29,37,55,23,42,32,22,38
202110310800,43,35,28,71,35,34,30,43,60,24,36,32,28,39,41,36,28,71,37,36,33,45,57,24,36,35,28,39
202110310815,46,39,31,72,43,36,32,43,58,25,40,36,31,41,45,40,31,73,45,37,35,45,56,25,40,39,31,41
202110310830,50,40,34,81,48,34,31,41,63,28,43,40,32,43,49,41,34,81,50,36,34,43,60,28,43,43,32,43
202110310845,44,42,34,80,43,33,30,38,62,33,44,42,35,47,42,42,34,80,45,35,33,41,59,33,44,45,35,47
202110310900,48,42,35,78,48,34,33,41,64,30,43,42,34,60,46,43,36,78,50,36,36,44,61,30,43,47,34,59
202110310915,47,50,41,80,47,34,32,46,64,29,42,42,32,52,45,50,41,80,49,36,35,49,61,29,42,46,32,52
202110310930,53,51,42,87,52,34,35,44,64,29,47,42,29,53,51,51,42,87,54,36,38,47,61,29,46,46,30,53
202110310945,56,48,46,86,57,38,29,48,69,29,44,49,31,52,55,49,46,87,59,40,33,50,65,29,43,52,32,53
202110311000,60,47,48,82,57,33,27,55,75,32,44,44,33,52,58,48,47,83,59,36,32,57,71,32,44,48,33,53
202110311015,72,52,46,87,57,38,30,51,71,30,47,49,34,47,70,54,45,88,60,40,34,53,67,30,46,52,35,48
202110311030,86,55,43,89,55,42,26,52,64,27,48,49,34,41,83,58,42,92,59,43,30,54,61,27,47,51,35,42
202110311045,85,54,38,94,57,44,25,54,60,26,49,48,34,45,83,57,38,96,60,45,29,56,57,26,48,50,35,46
202110311100,78,51,39,103,63,57,0,0,71,31,44,55,40,49,76,53,39,104,66,57,8,4,65,29,44,57,41,49
202110311115,78,53,47,103,61,56,0,0,75,31,41,53,37,53,76,55,47,104,64,56,8,4,68,29,41,56,38,54
202110311130,90,60,49,97,61,56,0,0,76,32,42,52,35,58,87,63,49,99,64,56,8,5,69,30,42,56,36,59
202110311145,94,60,48,98,55,57,0,0,81,33,42,51,36,55,91,63,48,101,59,58,9,4,74,31,42,55,37,56
202110311200,103,69,50,107,59,65,25,44,79,30,46,47,45,57,99,72,50,110,63,65,31,47,74,30,47,51,44,58
202110311215,108,79,48,104,62,61,32,52,70,29,45,44,42,60,104,81,48,107,67,60,36,55,67,29,45,49,41,60
202110311230,106,82,50,100,66,59,31,52,74,31,40,42,38,62,102,83,50,103,70,59,35,55,70,31,41,47,38,62
202110311245,112,77,42,95,62,58,29,46,66,32,39,44,41,58,108,80,43,99,67,57,33,49,63,32,40,48,40,58
202110311300,119,64,44,102,59,55,27,49,61,28,38,42,39,56,115,68,44,106,65,54,30,52,58,28,39,46,38,56
202110311315,116,69,46,103,59,53,26,46,55,35,41,42,32,54,112,73,46,107,64,52,29,49,53,34,41,46,32,55
202110311330,112,70,43,97,75,45,25,46,55,34,39,44,28,48,109,73,42,101,79,45,28,48,52,33,38,47,29,49
202110311345,115,64,38,93,75,43,24,43,63,33,35,42,31,52,112,68,38,97,79,44,28,46,60,32,35,46,31,52
202110311400,109,68,40,81,69,42,21,48,58,35,40,45,36,55,106,71,40,86,73,43,25,51,55,34,40,49,36,55
202110311415,104,75,43,100,73,43,24,58,59,32,39,44,33,54,101,77,43,103,76,44,28,60,56,31,39,48,33,54
202110311430,107,73,40,98,75,41,19,59,62,33,42,42,33,50,104,76,40,102,79,42,24,61,58,32,42,46,33,50
202110311445,105,69,42,94,70,38,23,55,59,31,37,44,37,49,102,72,42,98,74,39,27,57,56,30,38,47,37,50
202110311500,96,71,40,90,71,38,25,54,57,37,35,41,39,49,93,73,40,93,74,39,28,56,54,36,36,44,38,49
202110311515,102,63,42,87,69,43,24,50,53,29,39,43,33,56,99,66,42,91,73,43,27,53,51,28,39,47,33,56
202110311530,108,62,42,89,71,41,24,48,56,35,38,44,34,56,105,66,42,93,75,42,27,51,53,34,38,48,34,56
202110311545,105,68,40,93,67,37,22,49,66,37,36,39,38,59,102,71,41,97,71,39,27,52,62,36,37,44,37,59
202110311600,110,63,40,91,71,43,27,54,62,37,39,47,38,56,107,67,40,95,75,44,31,56,59,36,40,51,38,56
202110311615,105,63,45,90,73,45,29,49,65,34,36,46,38,52,102,67,45,94,77,46,33,51,62,33,37,50,38,53
202110311630,113,70,41,94,74,47,27,48,67,35,40,51,41,47,110,74,41,98,78,48,31,50,64,34,41,54,41,48
202110311645,110,72,44,95,75,42,27,62,61,36,35,50,37,50,107,75,44,99,79,43,30,64,58,35,36,53,38,51
202110311700,114,75,52,92,74,43,25,63,62,32,40,48,37,49,111,78,51,96,78,44,29,65,59,31,40,51,37,51
202110311715,124,76,50,98,78,48,26,65,62,34,46,45,38,49,120,80,49,102,83,48,30,67,59,33,46,48,38,50
202110311730,125,87,50,98,78,50,29,59,68,33,43,48,36,54,121,90,49,103,83,50,33,61,65,33,43,52,36,55
202110311745,119,94,50,106,81,56,28,56,66,34,44,45,34,56,116,95,50,110,85,55,32,58,63,33,44,49,34,57
202110311800,132,88,51,116,95,58,28,60,67,33,46,45,39,58,129,91,51,120,99,57,32,62,64,32,46,49,39,59
202110311815,122,86,54,113,93,59,34,62,70,31,51,49,40,59,119,89,53,116,96,58,37,64,67,31,51,53,40,60
202110311830,127,100,48,117,89,59,32,54,66,31,46,44,41,57,124,102,48,121,93,58,35,57,63,31,46,48,40,58
202110311845,140,100,48,108,83,61,29,53,74,29,48,44,44,56,136,103,48,113,88,61,34,55,70,29,48,48,43,57
202110311900,142,103,48,114,88,62,28,60,73,29,53,46,43,60,138,106,48,119,93,61,33,62,69,29,53,50,42,61
202110311915,135,104,49,109,82,63,27,56,73,26,53,41,40,59,131,106,49,114,87,62,32,59,69,26,52,46,39,60
202110311930,140,101,49,108,77,61,27,61,73,27,52,43,43,67,135,104,50,113,83,60,32,64,69,27,52,49,42,67
202110311945,138,98,49,109,81,64,25,59,74,29,53,44,43,67,134,101,49,114,86,63,30,62,70,29,53,50,42,67
202110312000,127,103,46,116,72,61,28,59,74,27,52,41,41,69,123,104,47,120,77,61,33,62,70,27,52,47,40,69
202110312015,126,94,49,111,72,65,27,53,74,26,55,40,37,68,122,96,50,115,77,64,32,56,70,26,54,46,37,68
202110312030,116,89,44,125,66,58,28,53,79,28,53,46,34,65,112,91,45,128,71,58,33,56,74,28,52,51,34,65
202110312045,106,81,43,117,69,60,31,50,75,26,51,44,36,71,103,83,44,120,73,60,36,53,71,26,50,50,36,70
202110312100,107,71,47,114,67,51,34,48,80,25,50,37,38,70,104,74,48,117,71,53,39,51,76,25,49,43,37,70
202110312115,96,65,43,112,61,50,35,52,79,26,50,34,35,75,93,67,45,114,65,52,40,56,75,26,49,41,34,74
202110312130,96,66,42,110,62,53,34,53,80,26,47,35,37,74,93,68,44,112,66,54,39,57,76,26,47,42,36,73
202110312145,91,69,45,115,61,53,38,47,79,24,46,35,38,74,88,71,46,116,65,54,42,51,75,25,46,42,37,73
202110312200,95,67,47,117,66,53,36,50,83,21,48,42,35,74,92,69,48,119,69,55,41,54,79,22,47,48,35,73
202110312215,94,62,50,112,65,55,40,51,83,20,52,39,36,73,91,65,51,114,68,56,44,55,79,21,51,46,36,73
202110312230,90,58,49,110,61,56,40,52,92,21,49,40,36,73,87,61,50,112,64,58,45,56,87,22,48,47,36,73
202110312245,74,60,47,106,60,50,38,46,92,23,49,36,42,64,72,61,47,107,62,53,43,49,87,24,49,42,41,64
202110312300,75,58,38,102,55,45,35,45,89,22,48,36,40,58,72,59,39,103,58,48,41,48,84,23,48,41,39,58
202110312315,68,57,40,92,59,43,34,42,76,20,44,34,35,56,66,58,40,93,61,45,38,45,72,21,44,39,34,56
202110312330,60,51,40,84,55,42,29,37,83,22,42,35,33,54,58,52,40,85,57,45,35,40,78,22,42,40,32,54
202110312345,60,49,40,85,52,43,28,33,77,19,37,33,28,54,58,50,40,86,54,45,33,36,73,19,37,38,28,54
202111010000,57,50,45,86,46,42,24,36,73,23,36,31,26,52,55,50,45,87,48,44,29,39,69,23,36,36,26,53
202111010015,56,52,41,82,42,40,23,35,70,18,32,26,23,46,54,52,41,83,45,42,28,38,66,18,32,30,23,47
202111010030,50,52,34,83,39,37,23,31,69,16,31,26,21,46,48,52,34,83,41,39,28,34,65,16,30,30,21,46
202111010045,51,47,33,71,40,29,22,28,67,19,29,21,22,42,49,47,33,72,42,32,27,31,63,19,29,25,22,42
202111010100,46,45,31,70,33,29,17,28,60,19,26,19,20,39,44,45,31,71,35,31,22,31,56,19,26,23,20,39
202111010115,47,44,32,64,30,30,15,26,57,10,25,16,18,36,45,44,32,65,33,32,19,28,53,10,25,20,18,36
202111010130,37,40,30,62,28,24,16,26,50,8,24,19,16,34,35,40,30,63,30,26,20,28,47,8,24,22,16,34
202111010145,37,37,27,58,28,21,17,27,50,7,23,18,15,33,35,37,27,59,30,24,20,29,47,7,23,21,15,33
202111010200,38,34,26,60,23,22,18,23,45,7,20,20,13,32,36,34,26,61,26,24,21,25,43,8,20,23,13,32
202111010215,35,32,23,56,23,20,20,22,43,6,22,16,15,32,33,32,23,57,25,22,22,24,41,7,22,19,15,32
202111010230,34,29,23,52,24,19,16,18,38,7,18,12,15,28,32,30,23,53,26,21,18,20,36,7,18,15,14,28
202111010245,35,32,20,51,20,19,15,19,40,8,20,11,13,27,33,32,20,52,23,21,18,21,38,8,20,14,13,27
202111010300,32,33,21,53,19,16,17,18,40,10,22,14,13,27,30,33,21,54,21,18,19,20,38,10,21,17,13,27
202111010315,29,32,16,50,19,18,14,17,40,10,23,14,14,27,27,32,16,51,21,20,17,19,38,10,22,17,14,26
202111010330,31,29,14,47,19,18,13,17,39,9,22,11,14,26,29,29,14,48,22,20,16,19,37,9,21,14,13,25
202111010345,26,24,15,44,18,16,12,19,40,9,24,10,15,28,24,24,15,45,20,18,15,21,38,9,23,13,14,27
202111010400,25,24,17,46,17,20,12,22,46,8,25,13,13,33,23,24,18,47,19,22,16,24,43,8,24,17,13,32
202111010415,25,25,15,46,21,14,7,20,51,0,20,7,7,27,23,25,15,47,23,18,12,22,47,1,19,10,7,26
202111010430,24,26,14,48,20,14,8,19,49,0,19,7,7,29,22,26,15,48,22,17,12,21,45,0,18,11,7,28
202111010445,20,24,13,47,17,16,7,19,48,0,20,7,7,29,18,24,14,47,19,19,11,21,44,0,19,11,7,28
202111010500,20,24,17,46,17,16,12,16,44,10,20,13,12,27,18,24,17,46,19,19,15,18,41,10,19,16,12,27
202111010515,22,26,18,48,16,16,12,17,44,11,19,12,11,24,20,26,18,48,18,19,15,19,42,11,18,15,11,24
202111010530,23,23,19,49,15,19,13,19,46,12,21,15,13,27,21,23,19,49,17,21,16,21,43,12,20,18,13,27
202111010545,26,23,20,49,17,18,14,18,43,11,18,17,14,32,24,24,20,50,19,20,17,21,40,11,18,20,14,32
202111010600,27,25,18,49,17,22,15,21,44,16,19,16,16,35,25,25,19,50,19,24,18,24,42,16,19,20,16,34
202111010615,26,25,23,53,17,25,16,22,47,17,23,23,16,38,24,25,23,53,19,27,19,25,45,17,23,27,16,37
202111010630,30,26,25,58,24,25,18,29,52,22,29,27,14,42,28,26,26,58,26,27,22,32,49,22,28,31,15,41
202111010645,32,31,26,61,21,30,18,36,57,28,30,29,17,38,30,31,26,61,23,32,22,38,54,27,29,32,18,38
202111010700,36,37,35,67,24,36,17,43,67,33,30,29,24,42,34,37,35,67,26,38,22,45,62,32,30,33,24,42
202111010715,38,35,36,72,35,37,18,53,67,38,32,37,21,45,36,35,36,72,37,39,23,55,63,36,31,40,22,45
202111010730,43,35,37,73,37,44,19,63,67,36,34,38,22,44,41,36,37,73,39,45,24,64,63,35,33,41,23,44
202111010745,53,36,34,73,42,46,17,52,67,33,36,34,21,44,51,38,34,74,44,47,22,54,63,32,35,38,22,44
202111010800,55,36,35,70,53,43,23,54,70,40,31,34,25,37,54,38,34,72,55,44,28,55,66,39,31,37,25,38
202111010815,50,32,32,69,46,37,17,50,58,36,27,27,23,36,48,34,32,70,48,38,21,52,54,35,27,30,23,37
202111010830,50,34,26,69,39,36,16,49,60,40,27,29,26,32,48,36,26,70,41,38,21,50,56,38,27,31,26,32
202111010845,40,29,23,66,37,30,17,46,53,41,25,28,25,30,38,30,23,67,39,32,21,47,50,39,25,30,25,30
202111010900,42,27,26,68,39,27,18,40,42,42,26,27,26,30,40,29,26,68,41,28,20,42,40,40,27,29,26,30
202111010915,37,27,28,62,37,27,15,41,42,41,24,22,24,32,36,28,28,62,39,28,18,43,40,39,25,25,23,32
202111010930,43,29,26,60,34,29,17,47,44,37,24,21,30,30,41,30,26,61,36,30,20,48,42,36,25,24,29,30
202111010945,47,30,26,63,34,27,15,45,38,40,23,23,27,36,45,32,26,64,37,28,17,47,36,38,24,26,26,36
202111011000,50,35,25,63,37,24,18,47,41,43,25,25,31,31,48,36,25,65,39,25,20,48,39,41,26,28,30,31
202111011015,50,32,27,61,38,21,17,39,41,45,25,25,29,27,48,34,26,63,40,23,19,40,39,43,26,27,28,28
202111011030,52,34,25,64,43,18,15,44,38,42,29,27,30,25,50,36,24,66,45,20,17,45,36,40,30,29,29,26
202111011045,51,38,27,72,41,21,17,46,42,41,27,29,36,26,49,39,26,73,43,23,19,47,40,39,29,31,35,27
202111011100,49,38,28,77,46,23,16,48,41,39,29,23,33,25,47,39,27,78,48,24,19,49,39,37,30,25,32,26
202111011115,56,36,27,79,38,24,18,49,40,36,28,24,37,27,54,38,26,80,41,25,20,50,38,34,30,26,35,28
202111011130,61,41,24,77,39,24,19,48,45,40,30,33,31,29,58,43,24,78,42,26,22,49,43,38,31,35,31,29
202111011145,61,48,25,88,44,27,17,45,42,37,32,33,36,35,58,49,25,89,47,28,20,47,40,36,33,35,35,35
202111011200,73,56,29,89,52,28,21,44,44,39,30,32,38,32,71,57,28,90,55,29,23,45,42,38,31,34,37,32
202111011215,70,63,29,93,52,32,21,40,51,35,32,29,32,39,68,63,29,94,55,33,24,42,48,34,33,32,31,39
202111011230,65,59,28,90,46,36,23,41,46,35,34,26,37,41,62,59,28,91,49,36,25,43,44,34,35,30,35,41
202111011245,64,55,27,91,46,31,18,40,47,40,35,26,36,39,62,56,27,92,49,32,21,42,45,38,36,30,34,39
202111011300,60,55,25,92,51,33,18,39,45,36,31,26,31,34,58,55,25,93,53,33,21,41,43,35,31,29,30,34
202111011315,53,50,27,81,54,33,22,43,45,31,30,26,29,31,52,50,27,82,55,33,24,44,43,30,30,28,28,31
202111011330,54,50,27,79,50,33,18,47,45,38,27,31,27,31,52,50,27,80,52,33,21,48,43,36,28,33,27,31
202111011345,53,47,22,77,49,28,18,41,41,35,25,30,21,33,51,47,22,78,51,29,20,43,39,34,25,32,21,33
202111011400,52,42,22,74,44,32,15,41,39,34,25,28,29,33,50,43,22,75,46,32,17,43,37,33,26,31,28,33
202111011415,55,42,43,100,44,32,15,39,39,34,39,25,28,35,53,43,42,100,46,32,17,41,37,33,38,28,27,37
202111011430,107,73,40,98,75,41,19,59,62,33,42,42,33,50,104,76,40,101,79,42,24,61,58,32,42,46,33,50
202111011445,105,69,42,94,70,38,23,55,59,31,37,44,37,49,102,72,42,97,74,39,27,57,56,30,38,47,37,49
202111011500,62,45,20,73,42,31,19,43,40,33,28,29,33,29,59,47,20,75,45,31,21,44,38,32,29,31,32,29
202111011515,58,42,23,74,42,34,16,39,37,39,26,28,29,29,56,43,23,75,45,33,18,41,35,37,27,30,28,29
202111011530,57,46,21,67,45,32,16,46,44,43,28,25,29,28,55,47,21,69,47,32,19,47,42,41,29,27,28,28
202111011545,57,41,22,69,49,28,17,44,41,42,33,24,29,24,55,42,22,71,51,29,19,45,39,40,33,26,28,24
202111011600,60,45,21,72,52,29,19,49,40,40,30,25,31,25,58,46,21,74,54,29,21,50,38,39,31,27,30,25
202111011615,60,45,20,72,51,27,17,48,41,40,30,26,32,27,58,46,20,74,53,28,19,49,39,38,31,28,31,27
202111011630,59,38,30,74,53,35,20,57,43,44,31,28,30,31,57,40,29,75,55,35,22,58,41,42,31,30,29,32
202111011645,62,37,31,74,58,35,23,64,47,41,29,39,34,38,60,39,31,76,60,35,25,65,45,40,30,41,34,38
202111011700,65,36,30,72,54,41,20,64,52,40,31,40,40,34,63,39,29,74,56,41,23,65,50,39,33,42,39,34
202111011715,73,40,29,75,58,43,22,78,49,41,31,39,35,39,71,43,29,77,61,42,25,79,47,40,32,42,35,39
202111011730,74,55,31,75,64,50,19,75,52,40,32,44,34,39,72,56,31,77,66,49,22,76,49,39,33,46,34,39
202111011745,86,56,43,85,79,58,24,74,58,41,35,43,29,45,84,58,42,88,81,56,27,75,55,40,35,46,30,46
202111011800,103,63,37,90,79,60,31,72,62,43,43,43,34,47,100,66,37,94,82,58,34,73,59,42,43,46,34,47
202111011815,104,65,43,87,77,58,32,62,68,40,40,50,40,51,101,68,43,91,80,57,36,64,65,39,41,53,40,52
202111011830,105,69,46,99,81,61,31,60,78,36,42,48,33,55,103,72,46,102,84,61,36,62,74,36,42,52,34,56
202111011845,110,81,50,105,90,60,35,62,74,35,38,46,34,56,108,83,50,108,93,60,39,64,71,35,38,50,34,57
202111011900,117,78,48,99,85,59,33,69,78,30,40,46,37,63,114,81,48,103,89,59,38,71,74,30,40,51,37,63
202111011915,118,82,42,100,74,65,30,62,73,30,41,49,36,65,114,85,43,104,78,64,34,65,69,30,41,54,36,64
202111011930,124,77,48,107,78,61,32,65,71,29,43,47,35,61,120,81,48,111,83,60,36,67,68,29,43,51,35,61
202111011945,117,84,49,106,76,62,29,64,77,31,42,50,32,67,114,86,50,110,80,62,34,67,73,31,41,55,33,67
202111012000,123,70,56,112,75,67,31,66,88,28,42,46,36,76,119,74,57,116,80,67,37,69,83,28,42,52,36,76
202111012015,109,65,51,121,74,65,29,60,84,25,41,51,42,68,106,69,51,123,78,65,35,63,79,25,42,56,42,68
202111012030,111,67,57,113,62,62,33,62,86,21,46,45,39,68,107,71,57,116,67,63,38,65,81,22,46,51,39,69
202111012045,100,59,52,102,64,64,37,56,89,26,44,47,36,68,97,62,52,105,68,65,42,59,84,27,44,52,36,68
202111012100,97,62,50,103,62,59,38,54,83,30,40,46,38,66,94,65,50,106,66,60,43,57,79,30,40,51,38,66
202111012115,95,60,53,96,57,55,36,52,83,28,40,43,37,65,92,63,53,99,61,56,41,55,79,29,40,48,37,66
202111012130,94,60,51,103,52,52,35,56,77,24,42,39,39,68,90,63,51,105,56,53,39,59,73,25,42,45,38,68
202111012145,94,58,46,103,52,45,40,51,75,23,44,40,41,62,90,61,46,105,56,47,43,54,72,24,44,45,40,62
202111012200,90,60,47,101,52,50,38,48,80,24,44,38,36,69,87,63,48,103,56,52,42,51,76,25,44,44,35,69
202111012215,82,55,50,93,48,46,36,44,79,29,40,38,33,64,79,57,50,95,52,48,40,47,75,29,40,44,33,64
202111012230,84,55,50,98,46,48,34,41,74,29,42,35,36,71,80,57,51,100,50,49,38,45,70,29,42,42,35,71
202111012245,83,53,50,99,46,48,33,42,77,26,38,30,41,63,79,55,50,100,50,50,38,45,73,26,39,36,39,63
202111012300,83,51,41,93,46,45,31,36,79,22,41,32,42,55,80,54,41,95,50,47,36,39,75,22,42,37,40,55
202111012315,75,47,39,91,41,40,31,35,76,22,41,32,40,55,72,49,40,92,45,43,36,38,72,23,42,37,38,55
202111012330,60,42,35,79,45,38,31,33,70,17,37,29,31,49,58,44,35,80,48,40,35,36,66,18,37,33,30,49
202111012345,58,39,33,81,39,33,26,29,70,18,36,26,28,42,55,41,33,82,42,36,31,32,66,18,36,30,27,42
202111020000,56,39,31,77,34,35,25,24,67,16,32,24,25,39,53,41,31,78,37,37,29,27,63,17,32,28,24,39
202111020015,56,35,28,69,33,28,24,25,66,15,33,24,25,36,53,37,28,70,36,31,28,27,62,16,33,27,24,36
202111020030,53,33,25,68,33,25,26,25,64,14,29,23,23,33,50,35,25,69,36,28,30,27,61,15,29,26,23,33
202111020045,48,32,25,62,27,24,25,22,63,13,26,23,19,27,45,34,25,63,30,28,29,24,60,14,26,25,19,27
202111020100,46,32,23,65,27,20,23,22,64,13,28,22,15,27,43,33,23,66,30,24,27,24,60,13,27,24,15,27
202111020115,43,29,22,60,25,16,23,24,59,5,27,15,15,27,40,30,22,61,28,20,27,26,56,6,26,18,15,27
202111020130,39,31,22,55,22,18,26,19,54,4,26,15,16,25,37,32,22,56,25,21,29,21,52,5,25,17,16,25
202111020145,33,29,23,52,22,13,23,18,53,3,27,13,20,23,31,29,22,53,24,17,26,20,50,4,27,15,19,24
202111020200,30,29,22,49,22,13,20,20,55,5,23,13,17,23,28,29,21,50,24,17,24,22,52,6,23,16,16,24
202111020215,32,29,23,50,22,14,16,21,58,4,23,10,15,23,30,29,22,51,24,18,20,23,54,5,22,13,14,24
202111020230,30,27,23,52,18,12,16,19,54,5,25,11,11,20,28,27,22,53,20,16,20,21,51,6,24,13,11,21
202111020245,27,27,24,50,18,13,15,21,53,6,24,11,12,19,25,27,23,50,20,17,19,23,50,7,23,13,12,20
202111020300,27,23,22,44,19,18,16,18,50,7,24,11,12,25,25,24,22,45,21,21,20,20,47,8,23,14,12,25
202111020315,27,22,14,42,18,17,17,16,47,7,24,11,16,24,25,23,14,43,20,20,20,18,45,8,24,14,15,23
202111020330,28,26,12,46,16,18,16,15,50,7,22,11,13,25,26,26,12,47,18,21,19,17,47,7,21,14,13,24
202111020345,29,26,12,47,17,16,17,19,48,6,20,11,15,28,27,26,13,48,19,19,20,21,45,7,20,14,14,27
202111020400,28,26,11,49,16,20,16,15,51,6,20,12,13,32,26,26,12,50,19,23,20,18,48,7,20,16,13,31
202111020415,27,22,13,46,15,16,8,12,53,0,15,7,8,31,25,23,14,47,17,19,13,15,49,0,14,11,8,30
202111020430,28,23,14,47,16,15,7,12,54,0,15,8,10,29,26,24,15,48,18,19,12,15,50,0,15,12,10,28
202111020445,25,19,13,43,18,15,9,13,54,0,17,8,12,31,23,20,14,44,20,19,14,16,50,0,17,12,11,30
202111020500,24,18,15,43,14,11,15,17,47,5,17,15,13,25,22,19,15,44,16,14,18,19,44,5,17,18,13,24
202111020515,22,18,17,42,16,10,16,17,48,5,18,14,13,24,20,19,17,43,18,14,19,19,45,6,18,17,13,24
202111020530,20,22,17,43,16,11,16,18,52,8,18,14,14,26,19,22,17,43,18,15,20,20,49,9,18,17,14,25
202111020545,25,22,17,41,15,14,15,19,51,10,19,14,15,28,23,23,17,42,17,18,19,21,48,10,19,17,15,28
202111020600,25,21,18,50,17,17,17,20,54,11,18,15,16,31,23,22,18,50,19,20,21,22,51,11,18,18,16,30
202111020615,26,25,22,53,16,22,17,23,57,14,23,15,17,32,24,25,22,53,18,25,21,25,53,14,23,18,17,32
202111020630,30,25,25,56,17,25,22,30,64,16,26,22,18,34,28,26,25,56,19,28,26,32,60,16,26,25,18,34
202111020645,32,27,26,56,19,27,27,33,64,23,28,27,19,33,30,28,26,57,21,30,31,35,61,23,27,30,19,33
202111020700,34,36,30,63,25,33,26,39,70,30,30,29,24,38,32,36,30,63,27,36,31,41,66,30,30,32,24,38
202111020715,40,36,32,64,35,38,22,45,73,32,33,32,27,43,38,36,32,65,37,40,27,47,69,31,33,35,27,43
202111020730,45,40,31,61,39,36,21,57,75,36,36,39,28,43,43,40,31,62,41,39,27,59,70,35,36,42,28,43
202111020745,50,39,34,63,39,42,23,55,67,35,38,41,29,45,48,40,34,64,41,43,28,57,63,34,38,44,29,45
202111020800,50,39,35,74,53,36,25,58,63,39,34,39,30,39,49,40,34,75,54,38,29,59,60,38,34,41,30,40
202111020815,49,37,29,68,47,34,23,53,58,37,30,37,30,36,48,38,29,69,49,36,27,55,55,36,31,39,30,36
202111020830,41,33,24,71,46,33,27,51,54,29,27,35,26,31,40,34,24,71,47,35,30,52,52,29,27,37,26,31
202111020845,37,28,22,70,43,24,20,46,54,34,24,32,27,27,36,29,22,70,44,27,24,47,51,33,25,34,27,27
202111020900,38,28,23,77,39,23,18,46,43,35,26,34,28,26,37,29,23,77,41,25,21,47,41,34,27,35,28,26
202111020915,36,28,23,73,39,28,19,41,47,33,26,28,26,27,35,29,23,73,40,29,22,42,45,32,26,30,26,27
202111020930,36,25,24,72,40,32,16,42,51,35,28,30,28,28,35,26,24,72,41,33,20,43,48,34,28,32,28,28
202111020945,37,23,24,70,44,30,20,43,45,39,29,27,26,26,36,25,23,70,45,31,23,44,43,38,29,29,26,26
202111021000,38,22,24,65,42,31,19,39,47,35,23,28,29,26,37,24,23,65,43,32,22,40,45,34,24,30,28,26
202111021015,41,21,23,68,43,33,20,42,40,39,22,25,25,24,40,23,22,68,44,33,22,43,39,38,23,27,25,24
202111021030,45,26,23,70,43,33,18,38,45,43,25,25,29,26,43,28,23,71,45,33,21,39,43,41,26,27,28,26
202111021045,48,31,22,70,43,29,19,42,44,38,24,35,30,25,46,33,22,71,45,30,22,43,42,37,25,36,30,25
202111021100,55,31,24,73,43,32,17,48,46,36,22,32,32,27,53,33,24,74,45,33,20,49,44,35,24,34,31,27
202111021115,48,31,25,71,42,35,20,46,43,37,23,31,29,28,46,33,25,72,44,35,22,47,41,36,24,33,29,28
202111021130,52,39,27,75,50,37,19,44,41,34,22,30,28,27,51,40,26,76,52,37,21,45,39,33,23,32,28,28
202111021145,54,47,24,82,51,39,15,45,45,37,24,37,33,30,52,47,24,82,53,39,18,46,43,35,26,39,33,30
202111021200,59,54,25,87,56,41,20,45,52,35,22,39,36,34,58,54,25,88,58,41,23,47,49,34,24,41,36,34
202111021215,66,54,23,96,54,38,19,42,49,34,19,36,36,31,64,55,23,97,56,38,22,44,47,33,21,38,35,31
202111021230,58,52,24,88,49,38,19,48,47,34,21,36,34,28,56,52,24,89,51,38,22,49,45,33,23,37,34,28
202111021245,56,45,23,85,47,34,19,45,50,34,25,35,33,25,54,46,23,86,49,35,22,46,47,33,26,36,33,25
202111021300,58,42,21,80,44,33,21,46,42,42,27,37,32,28,56,43,21,81,46,33,23,47,40,41,28,38,32,28
202111021315,58,42,24,76,49,33,17,51,43,44,27,31,31,25,56,44,23,77,51,33,20,52,41,42,28,32,30,25
202111021330,64,40,25,70,50,29,16,50,37,42,21,36,32,26,62,42,24,72,53,29,18,51,35,40,23,37,32,26
202111021345,53,39,21,68,49,27,14,49,40,48,22,30,30,24,51,40,20,69,51,28,17,50,38,45,23,31,29,24
202111021400,51,41,18,68,45,25,15,50,43,40,23,28,31,24,49,42,18,69,47,26,18,51,41,38,24,29,30,24
202111021415,51,37,17,65,43,27,15,47,38,35,23,27,32,21,49,38,17,67,45,28,17,48,36,33,25,28,31,21
202111021430,54,34,22,65,45,30,11,48,39,36,21,27,27,22,52,36,21,67,47,30,14,49,37,34,22,28,26,22
202111021445,54,34,21,64,49,30,15,49,34,37,22,26,31,24,52,36,21,66,51,30,17,50,33,35,23,28,30,24
202111021500,55,40,24,61,53,29,16,52,38,39,21,21,31,25,53,42,23,63,55,29,18,53,36,37,23,23,30,25
202111021515,57,43,26,70,53,29,15,53,42,35,23,26,31,26,55,44,25,72,55,30,18,54,40,34,24,28,30,27
202111021530,55,46,24,72,58,26,16,55,40,35,22,25,30,27,54,47,23,73,59,27,19,56,38,34,23,27,29,28
202111021545,56,40,24,67,55,27,18,54,40,37,24,28,31,29,54,42,24,68,57,28,20,55,38,36,25,30,30,29
202111021600,61,36,26,70,59,29,19,59,36,36,22,27,29,31,59,38,26,72,61,29,21,60,35,35,23,29,28,31
202111021615,60,41,22,73,57,31,18,58,41,35,24,32,28,29,58,43,22,75,59,31,20,59,39,34,25,34,28,29
202111021630,66,39,27,71,56,30,20,57,45,34,22,30,35,26,64,42,26,73,58,31,23,58,43,33,24,32,34,27
202111021645,68,42,27,76,57,36,20,75,51,29,23,36,31,32,66,44,27,78,59,37,23,75,48,28,24,38,31,32
202111021700,69,52,32,76,60,38,19,76,50,30,25,46,34,36,67,53,32,78,62,38,22,76,47,29,27,48,34,36
202111021715,78,46,34,79,69,38,19,77,47,34,26,47,34,43,76,49,34,82,71,38,22,78,45,33,27,49,35,43
202111021730,90,51,37,78,73,44,17,82,50,31,29,44,33,42,88,54,37,82,76,43,21,83,47,30,30,46,33,43
202111021745,92,55,41,86,83,49,22,82,56,34,32,42,34,44,90,58,40,89,85,48,26,83,53,33,33,45,34,45
202111021800,102,60,47,92,94,62,28,80,60,36,34,47,38,43,100,63,46,95,96,60,31,81,57,35,35,49,38,45
202111021815,110,72,54,101,89,62,29,71,58,36,40,50,47,50,108,75,53,104,92,60,32,72,55,35,42,53,46,52
202111021830,120,77,61,106,91,61,29,67,60,31,42,49,48,53,117,80,59,110,94,59,32,69,57,31,43,52,47,55
202111021845,118,75,60,104,80,58,34,63,59,31,41,44,41,53,115,78,58,108,84,56,36,65,57,31,42,48,40,55
202111021900,122,77,56,121,84,54,32,66,61,30,46,46,47,55,119,81,55,124,88,53,35,68,58,30,47,50,46,57
202111021915,122,68,49,114,88,59,31,62,69,28,44,49,40,55,119,73,49,118,92,58,35,64,66,28,44,53,40,56
202111021930,128,70,43,115,92,50,29,59,69,27,45,47,39,56,125,75,43,119,96,51,33,61,65,27,45,51,39,56
202111021945,120,70,42,103,92,51,34,63,72,27,47,45,35,52,117,74,42,107,95,52,38,65,69,27,46,49,35,53
202111022000,115,68,45,106,82,48,39,56,72,27,47,47,37,56,112,72,45,110,86,49,42,58,69,27,47,51,37,57
202111022015,111,69,47,103,70,55,37,51,73,23,48,39,32,58,107,72,47,106,74,55,41,54,70,24,47,44,32,59
202111022030,112,67,48,99,67,55,35,53,75,22,47,42,35,64,108,71,48,103,72,55,39,56,71,23,46,47,35,64
202111022045,108,71,47,99,65,46,35,47,77,24,47,40,36,62,104,74,47,102,69,48,39,50,73,25,47,45,36,62
202111022100,92,66,54,102,60,44,38,47,82,23,49,43,37,60,89,68,53,104,64,46,42,50,78,24,48,48,37,61
202111022115,96,69,52,97,61,43,36,49,76,25,50,39,34,62,93,71,52,100,65,45,40,52,72,25,49,44,34,63
202111022130,98,67,52,95,58,46,39,45,77,22,51,41,34,63,95,69,52,98,62,48,43,48,74,23,50,46,34,63
202111022145,95,75,52,88,54,42,42,47,75,22,48,41,34,65,91,76,52,91,58,44,45,50,72,23,47,46,34,65
202111022200,92,65,51,94,52,41,38,50,74,23,45,39,34,66,88,67,51,97,56,43,41,53,71,24,44,45,34,66
202111022215,88,61,53,92,47,38,35,48,76,24,48,37,41,59,84,63,52,94,51,41,39,51,72,25,48,42,40,60
202111022230,76,61,49,92,47,40,36,40,78,27,46,36,36,62,73,62,49,94,50,43,40,43,74,27,46,41,35,62
202111022245,69,58,50,92,43,42,32,43,77,25,49,33,35,62,66,59,50,93,46,44,37,46,73,25,48,39,34,63
202111022300,68,52,38,96,44,39,31,40,80,23,49,30,37,59,65,53,39,97,47,42,36,43,75,23,48,36,36,58
202111022315,67,51,35,96,44,34,27,41,77,22,45,26,32,57,64,52,36,97,47,37,32,44,73,22,44,32,31,56
202111022330,63,46,37,92,38,29,28,33,70,15,43,27,30,52,60,48,37,93,41,32,32,36,66,16,42,32,29,52
202111022345,56,43,35,84,34,26,24,33,71,15,37,25,28,43,53,44,35,85,37,30,29,36,67,15,37,29,27,43
202111030000,54,42,39,77,31,28,22,31,71,15,33,23,29,43,51,43,39,78,34,31,27,34,67,15,33,27,28,44
202111030015,45,39,34,69,29,26,22,30,63,16,30,19,29,38,43,40,34,70,32,29,26,32,59,16,30,23,28,38
202111030030,42,34,33,63,30,25,17,23,57,13,27,19,22,36,40,35,32,64,32,28,21,26,54,13,27,23,21,37
202111030045,38,36,28,62,32,23,14,22,57,12,25,18,21,35,36,36,28,63,34,26,18,24,54,12,25,22,20,35
202111030100,34,39,25,60,31,21,11,21,58,10,23,18,21,37,32,39,25,61,33,24,16,24,54,10,23,22,20,37
202111030115,34,36,21,55,27,19,11,22,57,6,24,11,17,37,32,36,22,56,29,23,16,25,53,6,24,15,16,36
202111030130,35,34,20,55,27,16,11,26,51,5,22,10,17,33,33,34,20,56,29,19,15,28,48,5,22,14,16,32
202111030145,35,34,18,54,24,18,13,23,49,2,20,8,15,32,33,34,18,55,26,21,17,25,46,3,20,12,14,31
202111030200,36,31,22,58,22,15,13,21,47,2,20,7,15,30,34,32,22,59,24,18,16,23,44,3,20,11,14,30
202111030215,34,27,22,56,21,14,16,20,46,2,21,6,17,28,32,28,22,57,23,17,19,22,44,3,21,10,16,28
202111030230,30,25,18,52,19,13,14,17,48,2,21,5,16,29,28,26,18,53,21,16,17,19,45,3,21,9,15,28
202111030245,27,27,20,48,18,14,16,15,45,2,20,4,15,28,25,27,20,49,20,17,19,17,43,3,20,8,14,28
202111030300,28,25,20,44,18,13,16,18,43,2,23,5,13,27,26,26,20,45,20,16,19,20,41,3,22,8,12,27
202111030315,25,22,19,41,18,13,16,16,39,2,23,5,14,28,23,23,19,42,20,16,18,18,37,3,22,9,13,28
202111030330,24,28,19,40,16,12,14,13,40,1,23,6,15,29,22,28,19,41,18,15,17,16,38,2,23,10,14,29
202111030345,24,26,17,40,15,11,14,12,39,2,24,6,13,27,22,26,17,41,17,14,17,15,37,3,23,9,12,27
202111030400,27,26,17,38,16,17,10,15,43,1,25,6,11,29,25,26,17,39,18,20,14,18,40,2,24,10,10,28
202111030415,24,23,18,39,14,16,7,9,46,0,18,5,8,27,22,23,18,40,16,19,11,12,43,0,17,9,8,27
202111030430,24,21,17,38,14,16,7,10,46,0,18,5,9,26,22,21,17,39,16,19,11,13,43,0,17,8,9,26
202111030445,27,22,17,38,13,14,7,10,45,0,19,5,10,26,25,23,17,39,16,17,11,12,42,0,18,9,9,26
202111030500,28,22,18,37,12,12,8,13,43,9,22,9,13,27,25,23,18,38,15,15,12,15,40,9,21,12,12,27
202111030515,29,22,19,39,12,12,8,15,44,10,24,9,12,28,27,23,19,40,15,15,12,17,41,10,23,12,11,28
202111030530,27,22,19,39,12,12,10,16,41,11,24,10,15,29,25,23,19,40,15,15,13,18,39,11,23,13,14,29
202111030545,28,27,21,37,12,15,11,21,40,16,25,10,15,27,26,27,21,38,15,17,14,23,38,16,24,13,14,27
202111030600,27,28,22,46,16,18,11,24,44,16,25,16,12,31,25,28,22,47,18,20,15,26,41,16,24,19,12,31
202111030615,24,28,24,51,15,20,12,23,51,13,26,16,13,31,22,28,24,51,17,23,16,25,48,13,25,19,13,31
202111030630,29,30,27,56,21,21,19,28,57,19,33,19,19,33,27,30,27,56,23,24,23,30,54,19,32,22,19,33
202111030645,32,34,32,55,20,23,19,39,59,23,32,25,23,32,30,34,31,56,23,26,23,41,56,22,31,28,23,33
202111030700,36,38,36,59,24,26,18,46,64,32,36,23,24,36,34,38,35,60,27,29,23,48,60,31,35,26,23,37
202111030715,40,38,33,56,30,31,20,54,62,34,34,31,28,45,38,38,33,57,32,33,24,56,58,33,34,35,28,45
202111030730,43,38,36,60,38,35,20,64,67,33,35,40,28,52,41,38,36,61,40,37,25,66,63,32,35,44,29,52
202111030745,50,38,34,63,40,34,22,67,66,36,38,41,32,54,48,39,35,64,42,36,27,69,62,35,38,45,32,53
202111030800,55,41,40,68,48,36,25,72,56,40,35,39,35,45,53,42,40,70,50,37,28,73,53,39,36,42,35,46
202111030815,55,42,35,67,41,29,24,65,50,35,31,33,34,37,53,43,34,69,44,30,27,66,48,34,32,36,33,38
202111030830,50,40,32,67,39,34,19,60,55,35,27,32,34,37,48,41,32,68,41,35,23,61,52,34,28,35,33,37
202111030845,45,38,27,73,45,29,17,52,52,35,30,32,33,35,43,39,27,74,47,30,21,53,49,34,31,35,32,35
202111030900,42,38,29,71,33,28,18,53,46,37,30,31,36,30,40,38,28,71,35,29,21,54,44,36,31,33,35,31
202111030915,36,34,29,66,34,27,20,45,44,39,32,26,35,27,34,34,28,66,36,28,22,46,42,38,33,28,34,28
202111030930,41,32,31,70,39,28,17,54,42,38,27,26,38,32,39,33,30,70,41,29,20,55,40,36,29,29,36,32
202111030945,42,30,34,71,36,26,19,50,37,36,27,24,35,30,40,31,33,72,38,26,21,51,36,35,28,27,33,31
202111031000,47,33,32,78,39,28,18,48,42,41,26,25,34,30,45,35,31,78,41,29,21,49,40,39,27,27,33,31
202111031015,51,33,26,72,45,27,15,50,40,36,24,25,33,28,49,35,26,73,47,28,18,51,38,35,26,27,32,28
202111031030,45,31,30,71,45,30,13,57,39,34,24,33,34,28,43,32,29,72,47,30,16,58,37,32,26,35,33,29
202111031045,49,32,29,71,45,28,15,58,43,30,25,32,35,28,47,34,28,72,47,29,18,59,41,29,27,34,34,29
202111031100,53,36,32,71,49,28,20,58,39,30,25,31,34,31,51,38,31,72,51,28,22,59,38,29,27,33,33,32
202111031115,53,36,26,71,44,26,20,58,45,32,23,35,31,30,51,38,26,72,46,27,23,59,43,31,24,37,31,30
202111031130,61,38,28,72,43,28,16,60,44,31,28,29,36,35,59,40,28,74,46,29,19,61,42,30,29,32,35,35
202111031145,68,43,31,76,49,25,13,55,49,34,30,33,38,36,66,45,31,78,52,27,17,56,46,33,32,36,37,37
202111031200,74,56,33,84,54,28,14,48,51,34,33,30,38,44,71,57,33,86,57,30,18,50,48,33,34,34,37,44
202111031215,81,60,27,91,53,32,16,43,49,31,33,35,37,41,78,62,27,93,56,33,19,45,46,30,34,38,36,41
202111031230,76,59,27,89,54,28,16,40,49,31,27,30,35,37,73,60,27,91,57,30,19,42,46,30,28,33,34,37
202111031245,71,55,29,80,51,26,17,43,42,33,30,31,32,32,69,56,29,82,54,27,19,45,40,32,31,33,31,32
202111031300,72,48,25,83,56,26,19,46,45,30,29,25,33,30,70,50,25,85,59,27,22,47,43,29,30,27,32,30
202111031315,67,41,23,82,55,24,21,33,43,40,23,31,31,27,65,43,23,84,57,25,23,35,41,38,24,33,30,27
202111031330,65,44,27,76,58,27,16,35,40,38,26,33,32,29,63,46,26,78,60,28,18,37,38,36,27,35,32,29
202111031345,63,41,25,74,60,28,15,35,38,41,25,32,29,27,62,43,25,76,62,28,17,37,36,39,26,34,29,27
202111031400,63,38,22,70,57,31,18,39,37,38,29,31,29,23,61,40,21,72,59,31,20,40,36,37,30,32,29,23
202111031415,55,37,24,75,56,24,17,39,39,32,32,33,27,25,54,39,23,76,57,25,19,40,37,31,32,34,27,25
202111031430,56,43,26,73,55,23,18,40,38,28,30,31,30,29,54,44,26,74,57,24,20,42,36,27,30,33,30,29
202111031445,50,41,25,78,50,24,16,41,40,29,33,33,28,24,49,42,24,79,52,25,19,42,38,28,33,34,28,25
202111031500,52,41,24,79,57,23,19,38,41,31,33,31,35,25,51,42,23,79,58,24,21,39,39,30,34,33,34,25
202111031515,51,42,28,73,54,27,20,39,37,33,33,34,29,27,50,43,27,74,55,27,22,40,36,32,33,35,29,28
202111031530,51,44,25,66,47,25,18,42,33,35,32,37,25,23,49,45,24,67,49,25,19,43,32,34,32,38,26,24
202111031545,55,44,24,63,51,23,19,48,35,35,33,31,22,25,54,45,23,65,53,24,21,49,34,34,32,32,22,25
202111031600,54,45,26,65,51,25,20,51,38,37,34,37,26,26,52,46,25,67,53,26,22,52,37,36,34,38,27,27
202111031615,63,36,25,72,54,29,20,50,41,38,30,34,29,24,61,39,24,74,56,29,22,51,39,37,30,35,29,25
202111031630,70,36,29,68,57,31,19,57,45,36,30,40,25,26,68,39,28,71,59,32,22,58,43,35,30,41,26,27
202111031645,72,38,29,69,57,34,20,77,44,31,29,48,27,33,70,41,29,72,60,34,22,77,42,30,29,49,28,33
202111031700,73,42,34,65,60,34,19,67,46,33,26,56,32,35,71,45,33,68,62,34,22,68,44,32,27,57,33,36
202111031715,76,43,36,68,65,36,22,77,51,38,21,55,37,42,74,46,36,71,67,37,25,78,48,37,23,57,38,43
202111031730,87,49,36,79,74,41,25,77,55,36,29,61,33,41,85,53,36,82,76,41,28,78,52,35,30,62,35,42
202111031745,83,51,42,82,80,46,24,81,58,34,33,61,36,39,82,54,41,85,82,46,27,81,55,33,34,62,38,40
202111031800,98,58,45,93,92,53,21,74,58,38,35,54,43,37,96,61,44,96,94,52,25,75,55,37,37,55,43,39
202111031815,108,66,42,101,104,54,24,82,64,35,40,53,38,45,106,70,41,104,106,53,28,83,60,34,40,55,39,46
202111031830,116,72,44,104,99,53,28,70,61,35,45,50,38,47,114,76,43,108,102,52,31,71,58,34,45,52,38,48
202111031845,123,70,50,109,92,57,31,66,67,32,43,51,38,51,120,74,49,113,95,56,35,68,64,32,43,54,38,52
202111031900,128,73,47,111,93,63,34,67,69,30,43,54,35,57,125,77,47,115,97,62,37,69,66,30,43,57,36,57
202111031915,121,70,48,117,86,62,34,70,72,25,47,50,41,62,118,74,48,120,90,61,38,72,69,25,47,54,41,62
202111031930,120,72,53,125,80,63,31,62,69,28,49,52,42,56,117,76,52,128,84,62,35,64,66,28,49,55,42,57
202111031945,125,72,54,122,84,64,31,63,69,30,53,52,42,51,122,76,53,125,88,63,35,65,66,30,53,55,42,53
202111032000,125,72,50,110,78,65,39,57,76,29,49,50,45,52,121,76,49,114,83,64,43,59,73,30,49,53,45,53
202111032015,126,67,52,105,79,65,34,59,82,30,51,45,44,51,122,72,51,109,84,65,39,61,78,30,51,49,43,53
202111032030,119,73,48,106,77,63,33,56,84,26,49,39,49,53,115,77,47,110,81,63,38,58,79,26,50,43,47,54
202111032045,106,73,49,112,67,55,35,52,80,25,52,41,42,54,103,75,48,115,71,56,40,54,76,25,52,45,41,55
202111032100,102,70,52,106,68,55,38,46,78,25,51,37,38,56,99,73,51,109,72,56,42,49,74,26,50,42,37,57
202111032115,96,59,52,106,67,57,41,46,85,28,48,38,36,62,93,62,52,108,71,58,45,49,81,29,47,43,35,63
202111032130,92,58,54,112,62,52,39,41,84,26,48,37,41,60,89,61,53,114,66,54,44,44,80,27,48,42,40,61
202111032145,89,52,50,106,58,50,34,48,86,29,45,38,38,57,86,55,50,108,62,52,39,51,81,29,45,43,37,58
202111032200,86,51,47,103,59,51,32,50,90,30,42,40,34,59,83,54,47,105,62,53,38,53,85,30,42,45,34,59
202111032215,80,56,47,105,58,50,33,43,93,28,41,43,30,57,77,58,47,106,61,53,39,46,88,28,40,47,31,58
202111032230,79,54,41,102,55,54,30,41,95,25,42,39,35,54,76,56,41,103,58,56,37,44,89,25,42,43,35,54
202111032245,78,51,38,100,50,47,28,39,95,24,43,34,32,54,75,53,38,101,53,51,35,42,89,24,42,39,31,54
202111032300,71,53,40,102,45,46,29,39,87,25,43,37,29,53,68,54,40,103,48,49,35,42,82,25,42,41,29,53
202111032315,62,48,34,102,44,42,24,32,88,23,41,41,28,49,60,49,34,102,47,46,31,35,82,23,40,45,29,49
202111032330,66,41,30,88,37,40,25,29,79,21,43,37,27,47,63,43,31,89,40,43,31,32,74,21,42,41,27,47
202111032345,62,41,29,82,31,33,21,26,74,18,40,32,24,43,59,43,29,83,35,36,26,29,69,18,39,36,24,43
202111040000,60,36,29,76,33,32,23,25,66,20,34,24,22,42,57,38,29,78,37,35,27,28,62,20,33,28,22,42
202111040015,57,32,35,78,29,22,21,21,62,18,34,21,19,38,54,34,34,79,32,26,25,24,58,18,33,25,19,39
202111040030,54,33,30,76,26,21,17,19,60,13,29,22,19,37,51,35,30,77,29,24,22,22,56,13,28,25,19,37
202111040045,50,37,24,68,24,20,17,17,61,14,28,19,19,30,47,38,24,69,27,24,22,19,57,14,27,22,19,30
202111040100,46,37,26,64,23,18,14,16,58,12,26,19,18,28,43,38,26,65,26,22,19,18,54,12,26,22,18,28
202111040115,44,33,25,58,19,18,15,13,49,13,25,17,16,30,41,34,25,59,22,21,19,16,46,13,24,20,16,30
202111040130,43,27,23,58,19,15,16,14,47,12,21,15,14,30,40,29,23,59,22,18,19,17,45,12,21,18,14,30
202111040145,41,26,23,57,17,15,16,15,46,10,21,18,14,30,38,28,23,58,20,18,19,18,44,10,21,21,14,30
202111040200,37,27,23,55,17,16,15,15,43,10,20,14,14,29,34,28,23,56,20,18,18,17,41,10,20,17,14,29
202111040215,38,27,24,52,16,18,14,16,39,6,21,8,14,27,35,28,24,53,19,20,16,18,37,6,20,11,13,28
202111040230,35,25,23,51,18,15,11,14,44,7,18,8,15,25,33,26,23,52,21,18,14,16,41,7,18,11,14,25
202111040245,32,22,21,53,15,14,12,19,43,6,17,11,13,26,30,23,21,54,18,17,15,21,40,6,17,14,13,26
202111040300,32,21,20,51,17,13,13,17,43,5,19,10,10,27,30,22,20,52,20,16,16,19,40,5,18,13,10,27
202111040315,33,23,16,49,17,13,12,14,41,5,16,11,12,27,31,24,16,50,20,16,15,16,39,5,16,14,12,27
202111040330,35,23,17,49,15,12,11,14,42,5,17,10,12,27,33,24,17,50,18,15,14,16,39,5,17,13,12,26
202111040345,34,23,17,48,16,11,11,13,39,5,16,10,11,26,32,24,17,49,19,14,14,15,37,5,16,13,11,26
202111040400,30,22,18,44,16,12,11,15,41,6,18,11,9,28,28,23,18,45,19,15,14,17,39,6,17,14,9,28
202111040415,29,21,21,45,13,13,12,14,40,7,19,11,9,26,27,22,21,46,16,16,15,16,38,7,18,14,9,26
202111040430,27,21,19,44,13,13,12,12,41,5,16,10,6,27,25,22,19,45,16,16,15,15,39,5,15,13,6,27
202111040445,25,19,18,45,13,14,14,13,37,7,21,8,7,24,23,20,18,46,15,16,16,15,35,7,20,11,7,24
202111040500,28,21,17,42,12,14,17,11,38,6,19,11,9,23,26,22,17,43,15,16,19,13,36,7,18,14,9,23
202111040515,29,19,19,45,12,15,21,11,38,7,19,12,9,25,27,20,19,46,15,17,23,14,37,8,18,15,9,25
202111040530,27,19,20,47,10,16,20,11,41,8,17,12,8,26,25,20,20,48,13,18,22,14,39,9,16,15,8,26
202111040545,25,18,21,47,10,17,19,14,44,10,21,13,9,29,23,19,21,48,13,20,22,17,42,10,20,16,9,29
202111040600,29,20,21,46,11,20,21,18,46,14,24,18,13,31,27,21,21,47,14,22,24,20,44,14,23,21,13,31
202111040615,29,23,21,47,13,22,21,18,50,16,27,22,13,32,27,24,21,48,16,24,24,20,48,16,26,25,14,32
202111040630,32,25,21,53,17,25,19,21,53,20,30,23,15,35,30,26,21,54,20,27,23,24,50,20,29,26,16,34
202111040645,34,28,26,60,23,27,21,33,54,26,31,31,18,34,32,29,26,61,25,29,24,35,51,26,30,34,19,34
202111040700,40,33,28,60,23,29,23,43,65,33,37,33,19,36,37,34,28,61,26,32,27,45,61,32,36,36,20,36
202111040715,43,39,31,63,31,31,18,54,66,36,35,40,24,37,41,39,31,64,33,34,23,55,62,35,34,42,25,37
202111040730,42,41,33,63,38,37,18,62,63,34,32,38,22,43,40,41,33,64,40,39,23,63,59,33,31,41,23,43
202111040745,43,39,34,66,43,39,25,59,59,36,36,39,23,41,41,39,34,67,44,40,28,60,56,35,35,42,24,41
202111040800,48,40,36,66,55,38,27,61,53,39,32,39,28,36,47,41,35,67,56,39,30,62,51,38,32,41,28,37
202111040815,49,40,29,72,44,34,21,54,46,37,32,32,28,36,47,41,29,73,46,35,24,55,44,36,32,35,28,36
202111040830,46,32,27,67,46,36,20,56,49,34,32,30,29,35,45,33,27,68,48,36,23,57,47,33,32,33,29,35
202111040845,43,37,22,67,44,29,22,54,46,29,24,32,31,29,42,38,22,68,46,30,24,55,44,28,25,34,31,29
202111040900,43,34,25,71,43,26,19,44,46,27,27,32,30,28,42,35,25,72,45,27,22,45,44,26,28,34,30,28
202111040915,44,34,24,67,37,21,20,45,43,27,26,38,31,28,42,35,24,68,39,23,22,46,41,27,27,39,31,28
202111040930,41,32,22,70,37,22,18,42,41,24,26,47,28,27,39,33,22,70,39,23,20,43,39,23,27,48,29,27
202111040945,44,30,23,72,36,26,18,41,41,26,27,41,24,26,42,31,23,73,38,27,20,42,39,25,27,42,25,26
202111041000,42,32,26,72,37,26,18,43,43,33,29,37,26,24,40,33,25,72,39,27,20,44,41,32,29,38,27,25
202111041015,47,29,25,69,40,23,19,47,38,32,26,40,28,25,45,31,24,70,42,24,21,48,37,31,27,41,29,25
202111041030,50,28,24,70,43,24,16,47,37,33,26,41,27,25,48,30,23,71,45,25,18,48,35,32,27,42,28,25
202111041045,49,33,25,78,40,25,21,39,39,32,26,38,25,28,47,35,25,79,42,26,23,41,38,31,26,39,26,28
202111041100,52,34,25,69,42,27,15,46,43,35,24,36,24,26,50,36,24,70,44,28,18,47,41,33,24,37,25,26
202111041115,56,36,19,69,41,26,16,49,40,33,25,40,26,27,54,38,19,70,44,27,19,50,38,32,26,41,27,27
202111041130,62,41,22,74,42,34,15,48,42,32,28,39,26,30,60,43,22,76,45,34,18,49,40,31,28,41,27,30
202111041145,69,41,23,77,50,31,14,46,43,31,24,39,27,33,67,44,23,79,53,31,17,48,41,30,25,41,28,33
202111041200,76,47,22,85,54,34,14,45,51,34,26,37,26,32,73,50,22,87,57,35,18,47,48,33,26,39,26,32
202111041215,81,57,24,90,46,36,19,40,56,35,21,33,25,33,78,59,24,92,50,37,23,42,53,34,22,35,25,33
202111041230,79,66,26,93,48,34,17,38,54,36,28,34,25,35,76,67,26,95,52,35,21,40,51,35,28,36,25,35
202111041245,73,61,21,83,47,33,14,39,46,34,33,32,23,34,70,62,21,85,50,33,17,41,43,33,32,34,23,33
202111041300,70,52,23,78,50,33,15,39,40,36,26,34,24,31,68,53,23,80,53,33,18,41,38,35,26,36,24,31
202111041315,65,42,21,68,50,25,16,37,40,38,21,31,22,28,63,44,21,70,53,26,18,38,38,36,21,33,22,28
202111041330,63,42,23,70,50,22,14,36,37,37,23,27,23,31,61,44,23,72,52,23,16,38,35,35,23,29,23,31
202111041345,54,37,23,66,55,22,13,35,37,40,24,26,23,28,52,39,23,68,56,23,15,37,35,38,24,28,23,28
202111041400,53,42,23,72,55,23,15,35,36,45,27,25,21,28,52,43,23,73,56,24,17,37,34,43,27,27,21,28
202111041415,50,39,27,62,56,21,12,43,38,41,29,25,23,29,49,40,26,63,57,22,15,44,36,39,29,27,23,29
202111041430,48,39,27,64,52,23,10,46,40,38,29,27,24,27,47,40,26,65,53,24,13,47,38,36,29,29,24,28
202111041445,52,39,24,69,50,22,10,42,38,33,27,28,26,31,50,40,24,70,52,23,13,44,36,31,27,30,26,31
202111041500,58,40,23,57,51,23,14,43,36,32,27,32,25,30,56,42,23,59,53,24,16,44,34,31,27,34,25,30
202111041515,55,41,22,63,55,20,15,43,32,36,22,34,29,29,53,42,22,65,56,21,17,44,31,35,23,36,29,29
202111041530,55,39,25,66,54,23,13,46,39,36,23,34,32,25,53,41,24,67,56,24,16,47,37,34,25,35,32,26
202111041545,57,40,27,66,56,26,16,43,38,33,23,28,28,29,55,42,26,68,58,27,18,44,36,32,24,30,27,30
202111041600,54,42,31,67,60,25,16,43,38,32,23,32,26,27,53,43,30,69,61,26,18,44,37,31,24,34,26,28
202111041615,55,41,30,72,54,26,17,43,35,34,23,37,25,28,54,42,29,74,56,27,19,44,34,33,24,38,26,29
202111041630,53,47,34,71,54,27,17,49,37,32,23,39,31,27,52,47,33,72,55,27,19,50,36,31,24,40,31,28
202111041645,58,43,35,72,55,30,21,62,40,33,26,48,25,30,57,44,34,73,57,30,23,63,39,32,26,49,27,31
202111041700,65,42,35,71,65,33,20,65,44,41,26,51,29,26,64,44,34,73,66,33,22,65,42,39,27,51,30,27
202111041715,72,50,32,70,78,36,22,71,48,43,29,47,31,33,71,52,31,73,79,36,24,72,46,41,30,48,32,34
202111041730,79,56,32,71,78,39,23,76,53,37,32,52,32,29,78,58,31,74,79,39,26,76,51,36,33,52,33,30
202111041745,92,58,44,79,94,40,24,80,61,34,34,57,37,32,91,61,42,82,95,41,28,80,58,33,35,57,38,34
202111041800,105,68,42,98,109,46,31,73,66,35,35,59,39,41,104,71,41,101,110,47,35,74,63,35,36,60,40,42
202111041815,114,77,47,91,116,49,28,69,68,34,41,53,38,50,113,80,46,96,117,50,32,71,65,33,41,56,39,51
202111041830,114,82,55,96,103,55,31,74,72,37,41,50,45,55,112,84,54,100,105,55,35,76,68,36,42,54,45,57
202111041845,118,79,54,101,87,58,32,68,74,32,39,54,50,54,115,82,53,105,91,58,36,70,70,32,41,57,49,56
202111041900,124,81,57,110,82,61,34,68,74,31,43,57,47,58,120,84,56,114,86,61,38,70,70,31,44,60,47,59
202111041915,128,81,55,113,85,58,32,61,73,28,47,56,44,51,124,85,54,117,89,58,36,63,69,28,48,59,44,53
202111041930,125,69,57,113,80,55,32,60,74,28,49,54,43,55,121,74,56,117,84,55,36,62,70,28,49,57,43,57
202111041945,127,72,59,99,68,57,35,69,74,26,48,48,46,49,123,77,57,104,73,57,39,71,70,26,49,51,45,51
202111042000,122,82,59,93,69,58,32,62,79,26,48,51,47,53,118,85,58,98,74,58,37,64,75,26,49,54,47,55
202111042015,120,76,52,91,69,54,31,56,82,24,44,50,49,57,116,80,51,96,74,55,36,58,77,24,45,54,48,58
202111042030,119,72,53,89,69,52,30,60,74,22,45,45,38,56,115,76,52,94,74,53,35,62,70,22,45,49,38,57
202111042045,101,73,48,92,61,48,31,62,80,22,45,51,37,60,98,75,48,95,65,50,36,64,75,22,45,55,38,60
202111042100,101,70,57,97,60,48,35,60,79,24,42,48,42,61,98,72,56,100,64,50,39,62,75,25,43,52,42,62
202111042115,99,66,57,95,59,45,34,56,80,23,45,43,44,58,95,69,56,98,63,47,39,58,76,23,46,47,43,60
202111042130,94,68,58,98,61,48,38,56,87,23,42,40,45,56,91,70,57,101,65,51,43,58,82,24,43,44,44,58
202111042145,91,54,54,97,57,51,37,54,79,23,43,44,43,62,88,57,54,99,61,52,41,57,75,24,44,49,42,63
202111042200,82,58,49,103,53,46,37,48,84,25,43,39,43,63,79,60,49,105,56,48,42,51,80,26,44,44,42,63
202111042215,81,56,50,97,49,43,38,53,73,22,44,38,45,59,78,58,50,99,53,45,41,56,70,23,45,43,44,60
202111042230,77,51,43,102,46,44,32,47,80,21,44,35,42,57,74,53,43,103,50,47,37,50,76,22,45,40,41,57
202111042245,69,52,43,95,48,49,29,42,79,21,43,39,44,58,67,54,43,96,51,51,34,45,75,21,44,44,43,58
202111042300,68,48,37,95,45,46,29,38,88,18,42,34,36,53,66,50,38,96,48,49,35,41,83,19,42,39,35,53
202111042315,62,44,34,89,39,41,27,37,80,20,38,32,30,56,60,46,35,90,42,44,33,40,75,20,38,37,30,55
202111042330,62,36,29,87,38,37,28,35,75,18,37,26,32,54,59,39,30,88,41,40,33,38,71,19,37,31,31,53
202111042345,57,34,23,85,39,37,26,26,71,20,35,25,29,53,55,36,25,86,42,39,31,29,67,20,35,30,28,51
202111050000,65,35,22,133,40,35,28,34,71,41,32,23,41,49,62,38,24,132,43,38,32,37,67,40,34,28,39,47
202111050015,60,34,0,143,38,0,0,18,0,28,0,0,45,0,58,36,0,140,41,0,0,19,0,26,5,1,40,0
202111050030,58,33,0,120,34,0,0,12,0,20,0,0,38,0,55,35,0,119,37,0,0,13,0,19,5,1,34,0
202111050045,50,34,0,109,38,0,0,10,0,18,0,0,34,0,48,36,0,108,40,0,0,11,0,17,4,1,30,0
202111050100,46,32,0,104,39,0,0,10,0,22,0,0,32,0,44,33,0,103,41,0,0,11,1,21,4,1,29,0
202111050115,50,26,0,97,38,0,0,7,0,23,0,0,30,0,48,28,0,96,40,0,0,8,1,22,4,1,27,0
202111050130,40,25,0,96,39,0,0,9,0,22,0,0,31,0,38,27,0,95,40,0,0,10,1,20,4,1,28,0
202111050145,38,24,0,95,37,0,0,10,0,19,0,0,26,0,36,25,0,94,39,0,0,11,1,18,3,1,23,0
202111050200,35,27,0,94,39,0,0,10,0,17,0,0,27,0,34,28,0,93,40,0,0,11,1,16,3,1,24,0
202111050215,33,24,0,89,31,0,0,11,0,16,0,0,25,0,31,25,0,88,33,0,0,12,0,15,3,1,22,0
202111050230,32,21,0,81,28,0,0,10,0,16,0,0,24,0,30,22,0,80,30,0,0,11,1,15,3,1,21,0
202111050245,34,23,0,74,29,0,0,9,0,17,0,0,23,0,32,24,0,74,31,0,0,10,1,16,3,1,21,0
202111050300,32,22,0,73,30,0,0,8,0,15,0,0,21,0,30,23,0,73,32,0,0,9,1,14,3,1,19,0
202111050315,27,18,0,76,27,0,0,7,0,16,0,0,21,0,25,19,0,75,29,0,0,8,1,15,3,1,19,0
202111050330,27,20,0,70,23,0,0,8,0,14,0,0,22,0,25,21,0,70,25,0,0,9,1,13,3,1,20,0
202111050345,30,19,0,71,24,0,0,8,0,13,0,0,23,0,28,20,0,71,26,0,0,9,1,12,3,1,21,0
202111050400,29,21,0,68,20,0,0,7,0,13,0,0,22,0,27,22,0,68,22,0,0,8,1,12,3,1,20,0
202111050415,28,17,0,67,21,0,0,6,0,14,0,0,22,0,26,18,0,67,23,0,0,7,0,13,3,1,20,0
202111050430,26,16,0,70,19,0,0,5,0,12,0,0,21,0,24,17,0,69,21,0,0,6,1,11,3,1,19,0
202111050445,27,17,0,71,17,0,0,5,0,12,0,0,23,0,25,18,0,70,19,0,0,6,1,11,3,1,21,0
202111050500,25,17,0,73,18,0,0,6,0,13,0,0,26,0,23,18,0,72,20,0,0,7,1,12,3,1,23,0
202111050515,26,17,0,78,20,0,0,5,0,13,0,0,27,0,24,18,0,77,22,0,0,6,1,12,3,1,24,0
202111050530,25,17,0,82,18,0,0,7,0,15,0,0,26,0,23,18,0,81,20,0,0,8,1,14,3,1,23,0
202111050545,28,16,0,85,20,0,0,8,0,17,0,0,24,0,26,17,0,84,22,0,0,9,0,16,3,1,21,0
202111050600,29,19,16,58,14,17,8,13,42,12,9,12,19,22,27,20,16,58,17,19,12,15,39,12,10,14,18,22
202111050615,31,19,16,50,13,21,11,14,44,12,12,16,19,25,29,21,16,51,16,23,14,16,41,12,13,18,19,25
202111050630,33,24,23,46,20,23,15,20,47,14,15,24,18,31,31,25,23,47,23,25,18,22,44,14,16,27,18,31
202111050645,35,27,24,47,23,31,17,30,54,18,15,25,18,31,33,28,24,48,25,33,21,32,51,18,16,28,18,31
202111050700,41,30,31,54,20,36,21,37,58,31,16,29,23,35,38,31,31,55,23,37,25,39,55,30,17,32,23,35
202111050715,44,35,33,58,31,36,19,40,58,30,19,35,28,40,41,36,33,59,34,37,23,42,55,29,20,38,28,40
202111050730,50,39,35,54,37,37,21,48,62,37,20,39,28,39,47,40,34,56,39,39,25,50,58,36,21,42,28,40
202111050745,51,37,32,62,45,37,19,44,55,32,18,38,32,41,49,38,32,63,47,38,23,46,52,31,20,41,32,41
202111050800,51,43,38,60,53,37,20,46,59,35,22,40,29,39,49,44,37,62,54,38,24,48,56,34,23,43,29,40
202111050815,52,37,29,70,52,36,13,43,56,32,22,37,32,35,50,38,29,71,54,37,18,45,52,31,24,39,32,35
202111050830,46,38,28,70,43,30,15,38,50,29,19,32,30,32,44,39,28,71,45,31,19,40,47,28,21,34,30,32
202111050845,45,35,23,63,44,27,14,34,47,28,19,35,31,31,43,36,23,64,46,28,17,36,44,27,21,37,31,31
202111050900,41,38,24,67,42,20,12,31,41,29,18,34,29,31,40,38,24,68,43,22,15,33,39,28,20,36,29,31
202111050915,41,33,25,63,45,26,11,36,36,26,18,28,34,25,40,34,24,64,46,26,14,37,34,25,20,30,33,26
202111050930,39,35,27,66,45,25,9,32,34,29,20,30,35,26,38,35,26,67,46,25,12,34,32,27,22,32,34,27
202111050945,46,33,29,69,41,26,9,36,33,32,19,29,36,25,44,34,28,70,43,26,11,37,31,30,21,31,35,26
202111051000,49,31,24,67,44,22,11,38,33,37,18,31,38,26,47,33,23,68,46,23,13,40,31,35,21,33,37,26
202111051015,48,34,22,62,48,20,11,39,32,34,17,30,42,23,46,35,21,63,49,21,13,40,31,32,20,31,40,23
202111051030,52,30,26,61,44,23,11,40,38,29,21,32,37,28,50,32,26,63,46,24,14,42,36,28,23,34,36,28
202111051045,50,31,27,68,45,24,11,37,38,30,17,32,39,29,48,33,26,69,47,25,14,39,36,29,20,34,38,29
202111051100,48,38,28,71,48,29,13,41,40,31,19,33,40,28,47,39,27,72,50,29,16,42,38,30,22,35,39,29
202111051115,53,34,22,70,45,29,12,43,39,29,23,30,41,30,51,36,22,71,47,29,15,44,37,28,26,32,39,30
202111051130,60,38,24,75,52,27,9,42,42,27,23,31,37,29,58,40,24,76,54,28,13,43,39,26,25,33,36,29
202111051145,70,48,24,84,51,28,13,47,43,30,22,32,42,32,68,50,24,85,54,29,16,48,40,29,25,34,40,32
202111051200,78,47,28,99,55,34,16,44,50,31,19,34,48,36,75,50,28,100,58,35,20,46,47,30,23,37,46,36
202111051215,64,53,27,101,61,42,13,43,55,26,20,34,35,36,62,54,27,101,63,42,17,45,52,25,22,37,34,36
202111051230,74,59,20,96,60,37,16,40,46,26,19,35,34,35,72,60,21,97,62,37,19,42,44,25,21,37,34,34
202111051245,67,50,26,85,53,31,15,36,41,31,17,40,37,35,65,52,26,87,55,31,18,38,39,30,20,42,37,35
202111051300,63,45,29,86,49,32,14,37,43,29,20,37,35,28,61,47,28,87,52,32,17,39,41,28,22,38,35,29
202111051315,63,46,24,75,47,32,12,37,39,32,22,36,36,27,61,48,24,77,50,32,15,38,37,31,24,37,35,27
202111051330,57,34,25,68,57,27,10,38,35,34,24,32,37,24,56,36,24,70,59,27,13,39,33,32,26,33,36,25
202111051345,55,32,22,71,48,26,11,39,35,33,19,31,34,28,53,34,22,72,50,26,14,40,33,31,21,33,33,28
202111051400,64,35,20,71,46,30,11,39,31,31,18,30,35,27,62,38,20,73,49,29,13,40,30,30,20,32,34,27
202111051415,60,35,24,73,49,25,8,35,35,30,16,31,36,27,58,37,23,75,51,26,11,37,33,28,19,33,35,27
202111051430,61,42,27,68,48,25,8,31,39,30,17,29,34,30,59,44,26,70,51,26,11,33,37,29,19,31,33,30
202111051445,60,42,26,70,46,25,9,30,34,32,15,32,35,27,58,44,25,71,49,25,12,32,32,30,18,34,34,27
202111051500,54,38,27,72,45,23,8,32,33,30,16,36,34,28,52,40,26,73,47,23,11,34,31,29,18,37,34,28
202111051515,56,32,22,71,44,24,10,29,34,31,16,35,32,26,54,34,22,72,46,25,13,31,32,30,18,36,32,26
202111051530,59,30,20,74,48,24,9,31,34,32,15,34,35,31,57,33,20,76,50,25,12,33,32,30,18,36,34,31
202111051545,61,30,20,73,46,20,11,34,29,35,16,35,37,29,59,33,20,75,49,21,13,36,28,33,19,37,36,29
202111051600,62,36,20,73,55,24,12,32,30,37,19,38,33,28,60,39,20,75,57,24,14,34,29,35,21,39,33,28
202111051615,64,41,22,68,52,29,15,32,33,35,18,33,37,28,62,43,22,70,54,29,17,34,32,34,21,35,36,28
202111051630,70,41,25,77,58,34,12,46,36,35,15,36,40,29,68,44,25,79,60,33,15,47,34,33,18,38,39,29
202111051645,73,43,31,78,62,36,15,63,39,35,12,47,37,34,71,46,30,80,64,35,17,64,37,34,15,48,37,35
202111051700,74,45,27,76,66,38,17,62,41,34,17,52,36,35,72,47,27,78,68,37,19,63,39,33,19,53,37,35
202111051715,77,52,31,82,69,34,18,71,42,35,17,61,34,42,75,54,31,84,71,34,20,72,40,34,19,62,36,42
202111051730,90,57,36,86,72,41,21,71,43,33,23,59,39,38,88,60,35,89,75,40,23,72,41,32,25,60,40,39
202111051745,102,58,43,99,88,50,20,73,49,39,23,59,43,43,100,62,42,102,90,49,23,74,47,38,26,61,44,44
202111051800,120,72,46,101,95,48,24,69,58,42,22,58,46,46,118,76,45,105,98,48,27,70,55,41,25,60,46,47
202111051815,126,83,48,104,93,55,25,73,61,39,28,56,46,50,123,86,47,109,97,54,29,74,58,38,31,59,46,51
202111051830,148,89,51,106,90,56,26,71,67,34,34,55,41,59,144,93,51,112,95,55,30,73,63,33,35,59,42,60
202111051845,154,84,49,111,98,55,27,68,69,33,38,57,44,60,150,90,49,117,103,55,31,70,65,32,39,60,44,61
202111051900,151,93,55,113,104,66,28,71,76,30,37,59,40,66,147,97,55,119,109,65,33,73,72,30,38,63,41,67
202111051915,135,99,55,124,100,65,31,65,70,25,35,58,43,66,132,101,55,128,104,64,35,68,66,25,37,62,44,67
202111051930,138,86,56,134,94,68,36,61,73,23,38,54,51,59,134,90,55,138,98,66,40,63,70,24,40,58,50,60
202111051945,147,87,59,130,97,65,33,60,78,26,32,48,48,59,143,92,58,134,102,64,38,62,74,26,34,52,47,61
202111052000,146,84,58,131,92,63,32,55,71,25,29,54,45,63,142,89,58,135,97,62,36,58,67,25,31,58,45,64
202111052015,131,75,57,124,93,57,32,53,74,24,30,52,43,56,128,80,56,128,97,57,36,56,70,24,32,56,43,58
202111052030,131,76,54,116,86,59,35,51,76,28,30,44,44,55,128,81,53,120,90,59,39,53,72,28,32,48,43,56
202111052045,129,76,53,117,82,54,39,41,79,25,27,43,48,58,125,80,52,121,87,55,43,44,75,26,30,47,47,59
202111052100,120,77,53,114,74,53,37,39,76,23,29,46,49,59,116,80,52,118,79,54,41,42,72,24,32,50,48,60
202111052115,107,75,53,121,69,57,34,39,77,23,31,48,48,58,104,77,52,123,73,57,38,42,73,24,34,52,47,59
202111052130,102,74,48,103,68,58,30,39,82,23,28,50,44,58,98,76,48,106,72,59,35,42,77,23,30,54,44,59
202111052145,96,67,54,105,68,54,30,41,91,22,32,47,47,58,93,69,53,107,71,56,36,44,85,22,34,51,46,59
202111052200,94,63,49,113,66,53,28,41,87,20,30,42,45,65,91,65,49,115,69,55,34,44,82,20,32,47,44,65
202111052215,83,58,47,110,58,46,31,39,82,19,31,40,45,70,80,60,48,111,61,48,36,43,77,20,33,46,44,70
202111052230,84,57,47,103,52,44,30,41,90,18,31,42,47,64,81,59,47,105,56,47,36,44,85,19,33,47,46,64
202111052245,82,55,44,103,49,45,29,39,89,15,31,40,45,68,79,57,45,104,53,48,35,43,84,16,33,46,44,67
202111052300,75,50,41,100,51,43,29,40,85,11,30,35,47,66,72,52,42,101,54,46,35,44,80,12,33,41,45,65
202111052315,67,48,36,96,45,39,30,37,85,16,27,34,41,62,64,50,37,97,48,43,36,41,80,17,29,40,40,61
202111052330,63,50,37,96,41,39,27,38,81,20,23,33,40,59,60,51,38,96,44,42,33,41,76,20,25,38,39,58
202111052345,64,44,34,90,35,38,23,28,77,16,20,28,35,56,61,46,35,91,39,41,29,32,72,16,22,33,34,55
202111060000,65,47,49,90,108,41,18,71,94,22,39,45,39,66,66,49,49,91,106,45,26,73,87,21,40,50,39,66
202111060015,0,0,0,0,40,0,0,28,0,4,25,21,6,0,0,1,0,1,39,0,0,28,0,4,23,20,7,0
202111060030,0,0,0,0,33,0,0,24,0,4,26,19,6,0,0,1,0,2,32,0,0,25,0,4,24,18,7,0
202111060045,0,0,0,0,30,0,0,19,0,4,21,18,5,0,0,1,0,1,29,0,0,20,0,4,19,17,6,0
202111060100,0,0,0,0,31,0,0,19,0,4,23,17,5,0,0,1,0,1,30,0,0,20,1,3,21,16,6,0
202111060115,0,0,0,0,27,0,0,17,0,4,24,16,4,0,0,1,0,1,27,0,0,18,0,3,22,15,5,0
202111060130,0,0,0,0,33,0,0,14,0,5,21,15,3,0,0,1,0,1,32,1,0,15,0,5,19,15,4,0
202111060145,0,0,0,0,36,0,0,17,0,4,17,12,4,0,0,1,0,1,35,0,0,18,1,4,16,12,5,0
202111060200,0,0,0,0,32,0,0,19,0,4,16,12,4,0,0,1,0,1,32,0,0,20,1,4,15,12,5,0
202111060215,0,0,0,0,26,0,0,15,0,4,16,12,4,0,0,1,0,2,26,0,0,16,1,4,15,12,5,0
202111060230,0,0,0,0,26,0,0,13,0,4,14,11,4,0,0,1,0,2,26,0,0,14,1,4,13,11,4,0
202111060245,0,0,0,0,25,0,0,12,0,4,15,9,3,0,0,1,0,2,25,0,0,13,1,4,14,9,4,0
202111060300,0,7,0,14,20,6,0,10,32,4,14,9,4,0,0,7,0,15,20,9,3,11,29,4,13,9,4,0
202111060315,0,9,0,13,19,5,0,10,34,3,14,9,3,0,0,9,0,14,19,8,4,11,31,3,13,9,3,0
202111060330,0,9,0,13,18,6,0,10,36,5,13,9,2,0,0,9,0,14,18,9,4,11,33,5,12,9,3,0
202111060345,0,7,0,14,15,5,0,9,36,4,13,9,2,0,0,7,0,14,16,8,4,10,33,4,12,9,3,0
202111060400,0,7,0,14,10,6,0,8,36,3,13,9,2,0,0,7,0,15,11,9,4,9,33,3,12,9,3,0
202111060415,0,5,0,18,9,7,0,9,36,3,11,10,2,0,0,5,0,19,10,10,4,10,33,3,10,10,3,0
202111060430,0,6,0,15,10,6,0,8,34,2,12,10,3,0,0,6,0,16,11,9,4,9,31,2,11,10,3,0
202111060445,0,5,0,17,11,6,0,8,33,4,12,9,2,0,0,5,0,17,12,9,4,9,30,4,11,9,3,0
202111060500,0,6,0,17,12,6,0,8,32,4,11,8,1,0,0,6,0,18,13,9,4,9,29,4,10,8,2,0
202111060515,0,6,0,15,11,6,0,8,34,4,11,9,2,0,0,6,0,16,12,9,4,9,31,4,10,9,3,0
202111060530,0,8,0,15,12,7,0,8,35,4,10,9,2,0,0,8,0,16,13,10,4,9,32,4,9,9,3,0
202111060545,0,7,0,14,13,7,0,7,36,7,12,10,2,0,0,7,0,15,14,10,4,8,33,7,11,10,3,0
202111060600,14,12,10,33,13,15,8,15,38,9,13,14,13,19,12,13,10,34,15,17,11,17,36,9,13,16,13,18
202111060615,16,16,13,39,16,17,12,19,42,10,16,16,17,26,14,17,13,39,18,19,15,21,40,10,16,19,17,25
202111060630,15,18,17,44,16,20,15,18,42,15,17,17,18,32,14,18,18,44,18,22,18,21,40,15,17,20,18,31
202111060645,18,23,21,47,17,21,19,26,47,16,19,21,20,34,17,23,21,47,19,23,22,28,45,16,19,24,20,34
202111060700,28,29,24,54,18,24,20,31,53,18,27,26,21,41,26,29,25,54,20,26,24,34,50,18,27,30,21,40
202111060715,30,31,27,61,24,25,23,28,52,24,27,26,23,38,28,31,27,61,26,27,26,31,50,24,27,29,23,38
202111060730,31,33,32,63,28,27,25,36,53,25,27,35,26,40,29,33,32,63,30,29,28,38,51,25,27,38,26,40
202111060745,35,33,31,62,39,29,23,33,57,24,24,39,30,39,34,33,31,62,40,31,26,35,54,24,25,42,30,39
202111060800,37,37,32,65,40,35,19,35,60,24,25,40,31,41,36,37,32,65,41,37,23,37,57,23,26,43,31,41
202111060815,42,34,33,70,44,30,15,41,57,27,22,40,29,47,41,35,33,71,45,32,20,43,54,26,23,43,29,47
202111060830,47,30,36,71,52,35,15,40,62,23,26,41,28,46,46,32,36,72,53,37,20,42,58,22,27,44,29,46
202111060845,46,33,37,71,48,34,14,44,59,25,30,47,29,47,45,34,37,72,49,36,19,46,55,24,30,50,30,47
202111060900,50,38,36,78,54,33,13,46,62,28,28,46,28,47,49,39,36,79,55,35,18,48,58,27,28,49,29,47
202111060915,49,40,35,76,52,33,15,48,57,28,24,47,31,47,48,41,35,77,53,34,19,50,53,27,25,50,32,47
202111060930,52,39,39,75,53,36,19,47,54,26,24,46,34,47,51,40,39,76,54,37,23,49,51,25,26,49,34,47
202111060945,53,40,41,75,59,31,17,49,59,27,24,50,35,44,52,41,40,76,60,33,21,51,55,26,26,52,36,45
202111061000,58,42,45,77,66,35,22,49,57,28,25,49,40,47,57,43,44,78,67,36,26,51,54,27,27,52,40,48
202111061015,58,47,40,71,64,39,17,56,54,28,24,44,33,44,57,48,39,73,65,40,21,58,51,27,26,47,33,45
202111061030,64,46,39,74,72,38,19,52,53,26,21,48,32,48,63,48,39,76,73,39,23,54,50,25,23,51,33,48
202111061045,62,43,35,76,65,34,17,45,51,25,24,45,36,47,61,45,35,78,66,35,21,47,48,24,26,48,36,47
202111061100,60,46,36,79,72,35,18,48,52,26,24,45,37,47,59,47,36,80,73,36,22,50,49,25,26,48,37,47
202111061115,68,47,33,83,70,33,18,48,56,28,24,47,38,47,67,49,33,84,71,34,22,50,53,27,26,50,38,47
202111061130,73,54,30,81,69,37,23,52,62,25,26,43,41,46,71,55,31,83,71,38,27,54,59,25,28,46,40,46
202111061145,93,58,32,84,69,38,27,51,66,26,26,45,44,49,91,61,33,87,72,40,31,53,63,26,29,48,43,49
202111061200,100,62,35,99,61,40,26,55,68,28,26,49,46,51,97,65,35,102,65,42,30,57,64,28,29,52,45,51
202111061215,98,63,31,100,62,42,23,46,67,28,26,48,48,48,95,66,32,103,66,43,28,48,63,28,29,51,47,48
202111061230,100,59,33,105,67,39,26,46,63,27,25,44,45,48,97,62,33,108,71,40,30,48,60,27,28,47,44,48
202111061245,98,60,31,101,62,42,23,40,61,29,26,37,41,46,95,63,31,104,66,43,27,42,58,28,28,40,40,46
202111061300,100,61,27,93,60,43,23,41,63,28,23,43,42,45,97,64,28,96,64,44,27,43,60,27,26,46,41,44
202111061315,107,64,31,96,61,42,19,42,63,29,21,48,36,52,104,68,32,100,66,43,24,45,59,28,23,51,36,51
202111061330,106,62,34,87,60,43,22,44,61,29,25,46,41,45,102,66,34,91,65,44,26,46,58,28,27,49,41,45
202111061345,110,64,35,94,60,36,21,46,57,36,21,44,39,49,106,68,35,98,65,37,25,48,54,35,23,47,39,49
202111061400,106,57,38,97,61,43,20,42,51,31,22,46,40,49,103,61,38,100,66,43,23,45,48,30,25,49,40,49
202111061415,107,61,36,89,64,43,19,43,56,28,20,45,44,44,103,65,36,93,68,43,23,45,53,27,23,48,43,44
202111061430,111,64,34,90,62,43,18,46,61,31,23,44,38,42,107,68,34,94,67,43,23,48,57,30,25,46,38,42
202111061445,111,63,28,88,62,39,20,48,63,24,24,42,41,41,107,67,28,92,67,40,25,50,59,24,27,45,40,41
202111061500,102,64,28,92,71,36,20,44,60,23,23,48,46,39,99,67,28,95,75,37,24,46,57,23,26,50,45,39
202111061515,96,64,34,93,73,36,21,41,64,24,27,45,44,40,94,67,34,96,76,38,26,43,60,24,30,47,43,41
202111061530,96,61,39,92,80,34,20,42,64,27,27,41,51,37,94,64,38,95,83,36,25,44,60,27,30,43,49,38
202111061545,96,64,37,83,84,38,20,46,59,31,26,44,48,34,94,67,36,87,86,39,24,48,56,30,29,46,47,35
202111061600,91,66,37,85,78,39,20,49,65,31,26,48,44,31,89,68,36,88,80,41,25,50,61,30,29,49,44,32
202111061615,97,65,37,91,79,33,22,48,65,31,27,50,46,30,95,67,36,94,82,35,27,49,61,30,30,51,46,31
202111061630,89,67,41,97,72,39,23,54,67,29,26,48,45,32,87,69,39,99,75,41,28,55,63,28,29,49,44,34
202111061645,89,68,40,92,68,48,21,48,68,32,28,49,41,34,86,70,39,95,71,49,26,50,64,31,30,50,41,35
202111061700,94,71,40,89,77,44,18,49,67,28,25,52,44,36,92,73,39,92,80,45,23,51,63,27,28,53,44,37
202111061715,100,73,42,91,84,44,17,53,65,30,29,53,43,45,98,75,41,94,87,45,22,55,61,29,31,55,43,46
202111061730,111,77,47,101,87,45,19,52,64,31,30,55,43,45,108,80,46,105,90,46,24,54,60,30,32,57,43,47
202111061745,118,79,46,106,94,46,19,48,60,29,28,50,44,46,116,82,45,110,97,46,23,50,56,28,30,53,44,47
202111061800,143,87,44,117,92,54,21,53,67,33,34,56,44,52,139,91,44,122,97,54,26,55,63,32,36,59,44,53
202111061815,138,84,45,110,84,55,25,49,70,35,36,56,44,50,134,88,44,115,89,55,30,51,66,34,38,59,44,51
202111061830,147,87,45,111,96,62,24,46,71,36,33,60,48,56,143,92,45,117,101,61,29,49,67,35,35,63,48,57
202111061845,164,93,44,110,90,62,19,46,75,40,32,63,47,58,159,98,44,117,97,62,25,49,70,38,34,66,47,58
202111061900,165,98,49,117,85,64,20,52,72,32,35,62,52,58,159,103,49,123,92,63,26,55,67,31,38,65,52,59
202111061915,155,105,50,119,90,57,21,48,68,28,35,61,50,56,150,109,50,125,96,56,26,51,64,27,37,64,50,57
202111061930,151,99,49,115,89,57,20,46,74,25,32,56,53,55,147,103,49,121,95,57,26,49,69,24,35,59,52,56
202111061945,146,95,49,112,83,61,21,48,70,28,34,53,46,52,141,99,48,117,89,60,26,50,66,27,36,56,46,53
202111062000,151,90,43,115,86,63,25,47,66,27,32,52,46,55,146,95,43,121,92,61,29,50,62,27,34,55,46,55
202111062015,139,84,45,111,72,63,25,47,71,25,28,54,50,59,134,88,45,116,78,62,30,50,67,25,31,58,49,59
202111062030,119,77,46,103,76,60,24,41,75,24,27,45,44,56,115,80,46,107,80,60,29,44,70,24,30,49,43,57
202111062045,132,80,48,107,81,63,30,46,74,24,28,42,43,50,128,84,47,112,86,62,35,48,70,24,30,46,42,51
202111062100,124,76,47,110,85,62,29,49,77,22,32,40,39,54,120,80,47,114,89,62,34,52,73,22,34,44,38,55
202111062115,115,73,42,100,81,53,28,42,76,24,31,39,38,54,112,76,42,104,85,54,33,45,72,24,33,43,37,54
202111062130,108,67,39,102,77,50,28,41,75,23,29,38,37,54,105,70,39,105,81,51,33,44,71,23,31,42,36,54
202111062145,83,66,42,98,80,52,29,46,73,21,29,43,38,53,82,67,42,100,82,53,34,49,69,21,31,47,38,53
202111062200,90,69,42,102,76,54,26,39,81,20,28,43,41,51,88,71,42,104,78,55,32,42,76,20,30,47,40,51
202111062215,85,70,41,102,70,49,22,34,83,16,25,44,40,52,83,71,41,104,72,51,29,37,78,16,27,48,40,52
202111062230,80,68,47,106,66,48,25,34,92,15,27,45,43,50,78,69,46,107,68,51,32,37,86,16,29,48,42,51
202111062245,76,63,42,111,64,48,25,33,92,16,29,40,46,49,74,64,42,112,66,51,32,36,86,17,32,44,45,50
202111062300,71,51,41,99,62,45,25,34,83,17,29,39,45,52,69,53,41,100,64,47,31,37,78,17,31,43,44,52
202111062315,65,51,39,95,57,43,25,39,84,16,31,33,39,47,63,52,39,96,59,46,31,42,79,16,33,37,38,47
202111062330,62,50,34,89,53,41,24,33,82,14,26,36,36,46,60,51,34,90,55,44,30,36,77,15,28,40,35,46
202111062345,58,49,37,78,45,41,24,31,76,16,25,32,34,47,56,50,37,79,47,43,29,34,71,16,26,36,33,47
202111070000,64,46,40,86,44,41,26,41,75,12,23,27,39,44,61,48,39,87,47,43,31,43,71,13,25,31,37,45
202111070015,64,42,36,88,40,37,22,39,73,5,17,28,30,41,61,44,36,89,43,40,27,41,69,6,19,31,29,41
202111070030,56,39,32,92,38,38,18,37,68,4,18,30,29,39,54,41,32,92,41,40,23,39,64,5,20,33,29,39
202111070045,52,41,27,82,35,34,19,31,63,4,18,28,26,36,50,42,27,83,38,36,24,33,59,5,19,31,26,36
202111070100,56,42,26,81,38,35,21,30,66,5,19,26,29,40,54,43,26,82,41,37,26,33,62,6,21,29,28,39
202111070115,55,44,28,81,33,34,20,28,62,4,18,27,26,37,53,45,28,82,36,36,24,30,58,5,19,30,26,37
202111070130,50,39,22,73,29,29,18,27,61,4,15,23,20,32,47,40,22,74,32,31,23,29,57,5,16,26,20,32
202111070145,43,31,22,72,28,32,16,26,56,4,13,20,22,30,41,32,22,72,31,34,20,28,53,5,14,23,21,30
202111070200,36,28,22,64,26,30,14,28,55,4,12,21,23,33,34,29,22,64,28,32,18,30,52,4,13,24,22,33
202111070215,33,28,20,64,23,31,9,28,51,3,14,15,17,31,31,29,20,64,25,33,14,30,48,3,15,18,17,31
202111070230,29,26,19,62,26,28,10,27,49,3,13,15,15,29,27,27,19,62,28,30,14,29,46,3,13,18,15,29
202111070245,30,24,18,57,22,28,8,27,43,2,13,13,14,30,28,25,18,57,24,29,12,29,40,2,13,16,14,30
202111070300,31,21,16,53,19,26,10,25,43,3,11,14,18,26,29,22,16,54,21,27,14,27,40,3,12,17,17,26
202111070315,26,24,14,50,17,25,11,22,42,2,8,16,16,27,24,24,14,50,19,26,14,24,39,3,9,19,16,26
202111070330,24,24,14,51,20,22,10,25,40,3,8,16,15,28,22,24,14,51,22,23,13,27,38,3,9,19,15,27
202111070345,26,22,12,46,18,22,10,26,38,2,8,15,17,26,24,23,12,47,20,23,13,28,36,2,9,18,16,25
202111070400,23,23,15,44,20,22,11,24,38,1,9,14,18,25,22,23,15,45,22,23,14,26,36,2,10,17,17,24
202111070415,20,23,14,44,21,21,9,23,38,2,9,13,14,25,19,23,14,44,22,22,12,25,36,2,10,16,14,24
202111070430,21,20,14,47,18,22,9,23,39,3,10,13,13,25,19,20,14,47,20,23,12,25,37,3,11,16,13,24
202111070445,21,21,15,42,15,23,7,26,36,3,9,15,12,28,19,21,15,43,17,24,10,28,34,3,10,18,12,27
202111070500,22,20,15,42,17,24,12,22,33,3,10,18,16,27,20,21,15,43,19,24,14,24,31,4,11,21,16,26
202111070515,22,23,15,36,15,23,15,24,34,4,10,17,17,26,20,23,15,37,17,24,17,26,33,5,11,19,17,26
202111070530,21,20,17,35,16,23,18,22,35,3,13,19,20,27,19,20,17,36,18,24,20,24,34,4,14,22,20,27
202111070545,23,20,16,39,16,23,16,20,36,5,13,19,16,27,21,20,16,40,18,24,18,22,35,6,14,22,16,26
202111070600,24,23,16,40,18,22,17,20,38,6,12,20,19,27,22,23,16,41,20,23,19,22,36,7,13,23,19,26
202111070615,26,22,16,42,17,22,18,20,36,6,15,20,23,27,24,23,16,43,19,23,20,22,35,7,16,23,22,26
202111070630,24,24,22,41,14,26,17,17,40,8,14,23,22,26,22,24,22,42,16,27,19,19,38,9,15,25,22,26
202111070645,27,23,24,44,15,29,15,22,41,13,14,24,23,25,25,24,23,45,18,29,18,24,39,13,15,26,23,26
202111070700,28,28,27,57,16,32,17,24,46,13,21,29,26,26,26,28,26,57,19,33,20,26,44,13,22,31,26,27
202111070715,29,33,28,60,20,36,16,27,47,17,24,28,26,31,27,33,27,60,22,36,19,29,44,17,25,30,26,31
202111070730,31,35,30,64,22,36,21,33,54,21,25,34,28,31,29,35,29,64,24,37,24,35,51,21,26,36,28,32
202111070745,33,32,29,65,29,40,20,36,53,21,24,38,26,32,31,32,28,65,31,40,23,38,50,21,25,40,27,32
202111070800,33,38,28,71,31,42,22,35,60,21,26,46,35,37,31,38,28,71,33,43,26,37,57,21,28,48,35,37
202111070815,38,43,30,69,38,45,17,38,59,22,26,48,34,37,36,43,30,69,40,45,22,40,55,22,27,50,35,37
202111070830,43,42,30,74,47,41,19,39,66,18,26,49,35,39,42,42,30,74,48,42,24,41,62,18,28,51,36,39
202111070845,46,45,27,70,47,39,19,42,65,21,27,51,35,37,45,45,27,71,48,40,24,44,61,21,29,52,36,37
202111070900,52,43,36,79,50,42,25,49,66,21,28,49,38,40,50,44,35,80,52,43,29,51,62,21,30,51,38,41
202111070915,55,42,39,74,43,39,23,46,70,21,25,54,40,40,53,43,38,75,45,41,28,48,66,21,27,56,41,41
202111070930,54,42,38,69,51,44,20,48,70,23,26,53,42,46,52,43,38,70,53,45,25,50,66,23,28,55,42,46
202111070945,60,39,36,75,58,41,19,50,75,19,27,59,44,46,58,41,36,77,60,43,25,52,70,19,29,61,45,46
202111071000,61,48,38,78,63,46,20,60,81,21,29,59,45,49,60,49,38,79,64,48,27,62,76,21,31,61,46,49
202111071015,73,48,45,82,75,49,21,60,78,21,31,63,52,48,72,50,44,84,76,50,27,62,73,21,34,65,52,49
202111071030,78,54,40,81,74,49,25,57,78,19,33,61,56,47,77,56,40,83,76,50,31,59,73,19,36,63,55,47
202111071045,83,49,38,80,79,45,25,65,84,23,34,59,50,45,82,52,38,83,81,48,31,66,79,23,37,61,50,45
202111071100,82,46,45,89,73,48,26,64,76,26,39,56,49,53,80,49,45,91,75,49,31,66,72,26,41,59,49,54
202111071115,80,45,43,90,68,47,26,62,77,21,41,53,48,53,78,48,43,92,70,49,31,64,72,21,43,56,48,53
202111071130,84,50,45,90,68,51,23,59,77,23,44,52,50,51,82,53,45,92,71,52,29,61,72,23,46,55,49,52
202111071145,81,56,44,81,77,52,22,61,87,21,39,59,50,54,79,58,44,84,79,54,29,63,81,21,41,62,50,54
202111071200,92,62,44,84,80,50,27,60,86,22,36,55,44,49,90,64,44,87,82,52,33,62,81,22,38,58,44,50
202111071215,96,68,43,87,72,56,23,58,87,23,34,52,42,52,93,70,43,90,75,58,30,60,81,23,36,55,42,52
202111071230,93,72,43,94,73,53,23,58,87,25,40,51,42,58,91,73,43,97,76,55,30,60,81,25,41,55,42,58
202111071245,89,64,40,95,66,52,23,51,84,27,42,57,45,49,86,66,40,97,69,54,29,53,78,27,43,59,45,49
202111071300,83,56,39,90,65,57,24,49,82,24,39,55,43,51,81,58,39,92,68,58,30,51,77,24,40,58,43,51
202111071315,82,62,45,90,64,58,23,46,78,24,37,52,43,51,80,63,45,92,67,58,29,49,73,24,38,55,43,52
202111071330,78,55,44,91,65,54,22,45,72,23,35,49,50,50,76,57,44,93,67,54,27,48,68,23,37,52,49,51
202111071345,80,53,46,89,58,44,24,44,71,23,26,41,47,53,77,55,46,91,61,45,29,47,67,23,29,45,46,54
202111071400,77,54,44,92,53,45,22,42,70,18,27,44,44,49,74,56,43,94,56,46,27,44,66,18,29,47,43,50
202111071415,88,53,41,92,58,41,23,43,66,25,32,45,41,51,85,56,41,95,62,42,28,46,62,25,34,48,41,51
202111071430,86,49,38,90,60,42,23,47,66,24,32,45,36,50,83,52,38,93,63,43,27,49,62,24,33,48,36,50
202111071445,81,48,41,86,58,43,23,48,68,22,34,51,37,48,78,51,41,88,61,44,28,50,64,22,35,54,38,49
202111071500,81,44,41,83,62,46,24,51,74,25,37,52,41,47,79,47,41,85,65,47,29,53,70,25,38,54,41,48
202111071515,73,51,42,80,57,44,25,48,79,25,35,45,38,52,71,53,42,82,60,46,31,50,74,25,36,49,38,52
202111071530,77,50,38,74,59,46,25,49,69,23,32,46,41,48,74,52,38,77,62,47,30,51,65,23,34,49,41,48
202111071545,81,55,38,85,64,43,21,44,67,22,30,42,41,50,79,57,38,87,67,44,26,47,63,22,32,45,40,50
202111071600,81,52,45,88,69,48,23,47,67,28,30,45,42,54,79,55,45,90,71,49,28,50,63,28,32,49,41,55
202111071615,74,60,43,92,65,53,25,50,77,28,36,53,43,53,72,61,43,93,67,54,30,52,73,28,38,56,43,53
202111071630,87,54,45,78,66,52,19,52,81,28,34,55,42,56,85,57,45,81,69,53,26,55,75,27,36,58,42,56
202111071645,87,54,48,82,70,51,22,55,73,23,31,46,48,61,85,57,48,85,73,52,27,58,68,23,34,51,47,61
202111071700,86,58,54,90,75,53,19,59,80,22,31,58,53,61,84,60,54,92,77,54,25,62,74,22,34,62,52,62
202111071715,79,59,54,90,75,56,19,59,74,27,33,56,50,59,78,61,54,92,77,57,25,61,69,26,36,60,50,60
202111071730,86,62,50,95,74,61,21,56,77,29,30,53,43,61,84,64,50,97,76,61,27,59,72,28,32,57,43,61
202111071745,87,62,46,102,69,58,20,51,81,31,36,53,42,59,85,64,46,104,72,59,26,54,75,30,37,57,42,59
202111071800,79,62,41,104,74,59,21,56,85,29,32,49,41,59,78,63,42,105,76,60,28,59,79,28,33,53,41,59
202111071815,86,65,42,104,69,55,21,57,80,28,33,42,50,61,84,67,43,106,72,56,27,60,75,27,36,47,48,61
202111071830,98,58,46,111,70,59,22,54,77,30,30,38,50,65,95,61,47,113,73,59,28,57,72,29,33,44,48,65
202111071845,96,57,49,108,62,58,23,50,75,29,30,41,47,66,93,60,49,110,66,58,28,53,70,28,33,47,46,66
202111071900,95,65,52,112,63,59,23,43,76,26,32,41,46,66,92,67,52,114,67,59,28,46,71,26,34,46,45,67
202111071915,98,64,47,106,58,62,23,43,83,26,37,35,48,69,95,67,48,108,62,62,29,47,77,26,39,41,46,69
202111071930,102,68,46,109,54,57,19,49,90,24,32,41,46,64,98,71,47,112,59,59,27,52,83,24,34,46,45,64
202111071945,98,68,44,99,58,55,18,43,90,23,31,46,43,60,95,70,44,102,62,57,26,46,84,23,33,50,43,60
202111072000,108,67,48,100,56,52,17,46,82,23,33,39,49,67,104,70,49,103,61,54,24,49,76,22,35,45,47,67
202111072015,96,63,49,99,55,49,20,46,76,22,33,36,53,68,93,66,49,101,59,50,26,49,71,22,36,42,51,68
202111072030,84,63,47,104,50,54,24,41,78,24,36,36,51,67,81,65,48,105,54,55,30,45,73,24,38,42,49,67
202111072045,83,60,44,99,48,55,20,40,73,25,35,35,49,71,80,62,45,101,52,55,26,44,68,24,37,42,47,70
202111072100,86,61,45,98,47,58,21,40,81,23,28,40,45,67,82,63,46,100,51,59,27,44,76,23,31,46,44,67
202111072115,89,59,49,101,52,56,19,40,85,20,32,40,45,77,85,62,50,103,56,57,26,44,79,20,34,47,44,76
202111072130,87,53,49,101,54,58,20,42,87,21,35,38,41,73,84,56,50,103,58,59,27,46,81,21,36,45,40,73
202111072145,84,49,51,107,54,54,25,41,83,18,29,40,37,73,81,52,52,108,58,56,31,45,78,18,30,47,37,73
202111072200,84,51,47,116,51,54,27,37,86,18,28,36,43,69,81,54,48,117,55,56,33,41,81,18,30,42,42,69
202111072215,73,54,48,112,52,50,24,36,92,16,31,31,42,66,70,56,48,112,55,53,31,40,86,16,33,37,40,66
202111072230,76,52,47,107,46,49,24,34,85,17,32,32,39,63,73,54,47,108,50,51,30,38,80,17,33,38,38,63
202111072245,76,55,44,103,45,49,25,33,82,19,33,33,44,58,73,57,44,104,49,51,31,36,77,19,35,38,42,58
202111072300,65,53,50,110,39,43,23,32,84,15,31,32,40,51,62,54,49,110,42,46,29,35,79,15,33,36,39,52
202111072315,65,46,44,105,38,36,24,33,82,17,24,27,38,53,62,47,44,105,41,40,30,36,77,17,26,32,36,54
202111072330,61,42,42,95,42,39,20,27,76,15,21,25,30,51,59,44,42,95,45,42,26,30,71,15,23,30,29,52
202111072345,58,46,37,93,33,39,16,23,75,14,23,22,23,47,55,47,37,93,36,42,22,26,70,14,23,27,22,47
202111080000,50,42,39,96,35,35,17,24,73,9,19,21,19,43,48,43,39,96,38,38,23,27,68,9,19,25,19,44
202111080015,45,39,39,90,25,30,18,21,66,11,16,21,22,40,42,40,38,90,28,33,23,24,62,11,17,25,22,41
202111080030,43,36,33,86,24,26,16,17,63,10,13,19,21,40,41,37,33,86,27,29,21,20,59,10,14,23,21,40
202111080045,39,36,30,77,26,28,12,16,56,8,12,19,18,36,37,36,30,77,29,30,17,19,52,8,13,22,18,36
202111080100,35,38,26,71,25,27,13,14,51,6,12,16,15,32,33,38,26,71,27,29,17,17,48,6,13,19,15,32
202111080115,32,32,25,66,22,28,11,14,55,4,9,15,18,33,30,32,25,66,24,30,16,17,51,4,10,19,17,33
202111080130,35,30,23,69,20,26,9,15,54,4,7,15,17,33,33,31,23,69,23,28,14,18,50,4,8,19,16,33
202111080145,32,26,25,66,15,25,9,15,54,2,9,15,17,33,30,27,25,66,18,27,14,18,50,2,10,19,16,33
202111080200,30,26,22,63,16,24,8,15,54,3,9,14,14,32,28,27,22,63,19,26,13,18,50,3,10,17,14,32
202111080215,29,22,23,56,15,25,5,19,56,4,10,13,13,32,27,23,23,56,18,28,11,22,52,4,11,16,13,32
202111080230,28,22,20,58,17,23,5,17,54,4,9,13,11,26,26,23,20,58,19,26,10,19,50,4,9,16,11,26
202111080245,29,21,18,59,16,23,6,16,51,3,9,11,11,26,27,22,18,59,19,25,11,18,47,3,9,14,11,26
202111080300,26,19,18,59,19,21,6,13,47,3,11,10,11,28,24,20,18,59,21,23,10,16,43,3,11,13,11,28
202111080315,26,17,15,54,17,24,4,15,44,3,9,10,11,25,24,18,15,54,19,25,8,17,41,3,10,13,11,24
202111080330,27,15,14,55,17,23,4,15,41,4,7,11,12,25,25,16,14,55,19,24,8,17,38,4,8,14,12,24
202111080345,25,14,16,52,16,22,2,14,41,5,7,9,12,27,23,15,16,52,18,23,6,16,38,5,8,12,11,27
202111080400,27,15,20,51,17,23,3,14,42,3,9,9,12,25,25,16,20,52,19,25,7,16,39,3,10,12,12,25
202111080415,21,14,22,51,15,22,4,14,39,4,9,9,12,22,19,15,21,51,17,23,8,16,36,4,9,12,11,22
202111080430,20,15,21,48,14,21,5,10,38,4,9,11,11,23,18,16,21,48,16,22,9,12,35,4,9,14,11,23
202111080445,18,15,21,45,15,22,7,13,35,4,10,10,13,24,17,16,21,45,17,23,10,15,33,4,10,13,13,24
202111080500,18,14,23,47,14,19,8,10,36,7,10,11,12,24,16,15,22,47,16,20,11,13,34,7,10,14,12,24
202111080515,17,14,20,46,14,20,8,13,36,7,10,12,10,25,15,15,20,46,16,21,11,15,34,7,10,15,10,25
202111080530,19,15,20,48,13,19,8,12,36,7,13,12,12,30,17,16,20,48,15,20,11,15,34,7,13,15,12,29
202111080545,20,15,22,44,13,20,8,12,38,6,13,14,13,30,18,16,22,44,15,21,11,15,36,6,13,17,13,30
202111080600,20,18,20,46,18,22,9,17,37,5,13,14,15,29,18,18,20,46,20,23,12,19,35,5,13,17,15,29
202111080615,22,20,24,50,16,26,9,16,43,7,15,16,16,31,20,20,24,50,18,27,13,19,40,7,15,19,16,31
202111080630,24,25,25,52,16,30,12,23,49,10,21,20,19,35,22,25,25,52,18,31,16,25,46,10,21,24,19,35
202111080645,28,25,26,48,16,28,12,28,53,12,23,26,20,40,26,26,26,49,18,30,16,31,49,12,23,30,20,40
202111080700,34,34,34,61,22,32,14,36,55,28,24,26,22,42,32,34,34,61,25,34,18,38,51,27,24,30,22,42
202111080715,36,34,34,66,33,30,14,34,64,25,23,27,23,48,34,34,34,66,35,33,19,37,60,24,23,32,23,48
202111080730,42,38,37,69,34,35,16,40,70,28,24,30,27,54,40,38,37,70,36,38,22,43,65,27,25,35,27,54
202111080745,39,38,33,69,37,38,18,42,64,29,23,34,25,54,37,38,34,69,39,40,23,45,60,28,24,39,25,53
202111080800,46,44,34,70,45,41,17,42,67,26,21,36,27,57,44,44,35,71,47,43,22,45,63,25,22,41,27,56
202111080815,45,41,31,73,44,40,17,51,66,28,22,43,29,57,43,41,32,74,46,42,22,54,62,27,23,47,30,56
202111080830,48,41,32,70,55,43,20,51,64,26,25,42,33,55,47,42,33,71,56,44,25,54,60,26,26,46,33,54
202111080845,46,45,31,74,57,38,18,47,67,28,19,37,37,48,45,45,32,75,58,40,23,49,63,27,21,41,36,47
202111080900,44,43,31,79,53,43,19,50,63,32,25,38,40,43,43,43,31,79,54,44,24,52,59,31,27,41,39,43
202111080915,44,37,34,71,59,42,16,45,61,26,25,41,36,39,43,38,34,72,59,43,21,47,57,25,27,43,36,40
202111080930,48,38,33,74,57,35,15,45,58,27,20,38,35,38,47,39,33,75,58,36,20,47,54,26,22,41,35,39
202111080945,56,36,26,67,40,33,17,39,54,21,20,35,34,34,54,38,26,69,43,34,21,41,51,21,22,37,33,34
202111081000,49,40,31,63,36,28,16,33,55,26,21,35,27,34,47,41,31,64,38,30,20,35,52,25,22,37,27,34
202111081015,54,39,31,67,36,24,17,34,50,23,21,32,31,40,52,40,31,68,39,26,20,36,47,22,23,35,31,40
202111081030,57,39,28,66,38,21,16,35,50,22,22,33,32,36,54,41,28,68,41,24,20,37,47,21,24,36,32,36
202111081045,59,43,28,70,38,20,17,36,50,21,21,33,29,33,56,44,28,72,41,23,20,38,47,20,22,35,29,33
202111081100,54,43,27,71,38,20,20,35,49,26,23,40,28,30,52,44,26,72,41,23,23,37,47,25,24,41,29,30
202111081115,54,40,23,76,42,22,19,38,49,25,26,33,33,31,52,41,23,77,44,24,22,40,47,24,27,35,32,31
202111081130,54,43,28,74,42,25,18,39,57,27,27,34,32,40,52,44,28,75,44,28,22,41,54,26,28,37,32,40
202111081145,57,42,29,79,43,24,16,42,62,23,25,40,34,37,55,43,29,80,45,27,21,44,58,23,27,42,34,37
202111081200,61,49,31,81,44,27,21,37,60,24,24,40,33,35,58,50,31,82,47,30,25,39,57,24,26,42,33,35
202111081215,64,48,28,78,44,26,19,35,55,25,22,35,33,34,61,49,28,80,47,28,23,37,52,25,24,37,32,34
202111081230,63,46,27,81,50,24,17,33,55,26,20,32,35,37,61,47,27,82,52,27,21,35,52,25,22,35,34,37
202111081245,63,50,28,80,51,23,22,33,47,23,19,30,31,36,61,51,28,81,53,25,25,35,45,23,21,33,30,36
202111081300,62,50,26,74,52,26,22,35,40,26,19,29,31,38,60,51,26,76,54,27,24,37,39,26,21,32,30,38
202111081315,56,48,23,75,48,25,20,34,40,27,22,31,31,37,54,49,23,76,50,26,22,36,38,26,23,34,30,37
202111081330,51,41,23,71,45,26,17,37,45,27,18,33,31,33,49,42,23,72,47,27,20,39,43,26,20,35,31,33
202111081345,48,44,23,79,43,23,17,33,43,29,18,33,33,36,46,44,23,79,45,25,20,35,41,28,20,36,32,35
202111081400,52,47,25,79,47,24,16,33,48,33,23,31,29,36,50,47,25,80,49,26,19,35,45,32,24,34,29,36
202111081415,53,40,28,77,41,28,18,35,44,32,21,31,27,32,51,41,27,78,43,29,20,37,42,31,22,33,27,32
202111081430,53,36,29,79,45,24,16,33,39,31,23,29,28,29,51,38,28,80,47,25,18,35,37,30,24,31,28,30
202111081445,49,37,31,78,47,29,14,37,41,29,25,33,26,28,48,38,30,79,49,29,17,38,39,28,26,35,26,29
202111081500,55,43,32,75,50,26,15,36,38,28,21,31,27,29,53,44,31,76,52,27,17,38,36,27,22,33,27,30
202111081515,55,43,27,71,51,23,16,37,36,24,17,33,28,29,53,44,27,72,53,24,18,39,35,23,19,35,28,29
202111081530,54,41,26,74,52,24,20,33,39,25,17,31,29,28,52,42,26,75,54,25,22,35,38,25,19,33,29,28
202111081545,52,44,28,75,53,26,18,32,42,27,19,32,29,29,51,45,27,76,54,27,20,34,40,26,21,34,29,30
202111081600,51,47,29,75,54,28,21,35,47,26,23,36,28,29,50,47,28,76,55,29,24,37,45,26,24,38,28,30
202111081615,64,45,31,74,60,28,21,38,52,26,22,35,31,31,62,47,30,76,62,30,24,40,49,26,23,37,31,32
202111081630,67,47,29,78,60,30,21,45,55,25,25,38,29,34,65,49,29,80,62,32,25,47,52,25,26,40,29,34
202111081645,73,50,32,83,61,32,19,48,56,24,24,36,29,32,71,52,31,85,63,33,23,49,53,24,25,38,29,33
202111081700,73,51,28,75,72,34,22,51,50,25,26,41,28,35,72,53,28,77,73,35,25,53,48,25,27,43,29,35
202111081715,70,49,36,72,71,36,23,56,56,27,30,40,31,37,69,51,35,74,72,37,26,57,53,27,31,42,31,38
202111081730,78,58,34,83,74,43,19,55,58,33,26,41,33,35,77,60,33,85,76,43,23,56,55,32,27,43,33,36
202111081745,95,58,40,93,89,46,23,56,64,34,27,47,31,44,93,61,39,96,91,46,27,58,60,33,28,50,32,45
202111081800,101,70,47,105,95,51,24,57,64,28,33,45,33,46,99,72,46,108,97,51,28,59,61,28,34,48,33,47
202111081815,104,72,46,109,92,47,25,54,62,29,32,41,33,52,102,74,46,112,94,47,29,56,59,29,33,45,33,53
202111081830,113,72,50,103,86,52,27,56,68,29,40,45,43,56,110,75,49,107,89,52,31,58,64,29,41,49,42,57
202111081845,109,69,50,110,89,59,25,55,70,24,38,48,42,62,106,72,50,113,92,58,30,58,66,24,39,53,42,63
202111081900,114,76,47,115,89,56,26,60,74,26,38,46,47,61,111,79,47,118,92,56,31,63,70,26,40,51,46,61
202111081915,112,73,53,121,82,57,26,62,80,27,36,42,45,63,109,76,53,123,85,58,32,65,75,27,38,47,44,64
202111081930,119,70,50,117,85,57,28,62,83,28,36,39,42,58,116,74,50,120,89,58,34,64,78,28,37,44,41,59
202111081945,111,78,51,109,79,54,26,59,78,24,35,40,40,58,108,80,51,112,82,55,31,61,73,24,36,45,39,59
202111082000,113,85,54,105,75,49,29,54,76,25,36,43,38,60,110,87,53,108,79,50,34,57,72,25,37,48,38,61
202111082015,97,79,49,109,72,49,27,50,84,22,37,37,36,62,94,80,49,111,75,51,33,53,79,22,37,42,35,63
202111082030,94,72,48,108,66,55,27,47,85,21,39,39,36,58,91,74,48,110,69,56,33,50,80,21,39,44,36,59
202111082045,90,72,44,114,69,59,22,50,78,24,39,44,40,59,87,73,44,116,72,59,28,53,73,24,40,48,40,59
202111082100,85,67,42,116,71,55,26,47,79,23,37,40,38,61,83,68,43,117,73,56,32,50,74,23,38,45,38,61
202111082115,82,72,46,104,72,54,27,44,78,21,33,43,40,61,80,72,46,105,74,55,32,47,73,21,34,48,39,61
202111082130,80,66,46,111,76,53,28,48,72,21,34,38,36,65,78,67,47,112,78,54,32,51,68,21,35,44,36,65
202111082145,80,64,51,109,64,55,27,47,81,19,35,40,43,64,78,65,51,110,67,56,33,50,76,19,37,45,42,64
202111082200,84,61,51,111,66,51,25,50,79,19,37,38,45,62,82,63,51,112,69,52,31,53,74,19,39,43,43,63
202111082215,79,55,48,110,52,55,23,48,82,18,36,39,39,60,76,57,48,111,56,56,29,51,77,18,37,44,38,60
202111082230,66,55,48,112,58,52,27,41,84,20,35,33,36,61,65,56,48,112,60,54,33,44,79,20,36,39,35,61
202111082245,64,49,44,110,54,47,29,36,80,17,30,39,33,58,62,50,44,110,56,49,34,39,75,18,31,44,33,58
202111082300,69,53,44,117,50,45,25,31,79,17,30,36,28,51,66,54,44,117,53,47,31,34,74,17,30,40,28,52
202111082315,69,46,37,116,47,40,26,29,75,16,31,33,28,43,66,48,37,116,50,43,31,32,71,16,31,36,28,44
202111082330,60,44,34,112,50,36,25,26,69,16,29,29,26,46,58,45,34,112,52,38,30,29,65,17,29,33,26,46
202111082345,54,41,33,93,45,25,22,24,66,13,27,25,24,40,52,42,33,93,47,28,27,27,62,13,27,29,24,40
202111090000,49,33,33,81,40,24,19,23,57,11,23,25,22,39,47,35,33,81,42,27,23,26,54,11,23,29,22,39
202111090015,39,29,33,79,38,13,11,25,55,15,22,22,21,37,37,30,33,79,40,17,16,27,51,15,22,26,21,37
202111090030,33,28,32,57,33,15,8,25,53,14,19,21,22,33,32,29,31,57,35,19,13,27,49,14,20,24,21,34
202111090045,30,31,30,52,29,11,7,26,41,11,18,20,21,29,28,31,29,53,31,14,11,28,38,11,19,23,21,30
202111090100,27,25,29,50,30,12,6,25,42,11,17,19,19,29,25,25,28,51,31,15,10,27,39,11,17,22,19,30
202111090115,24,22,23,47,31,14,7,24,42,9,19,19,18,25,22,22,22,47,32,17,11,26,39,9,19,21,18,25
202111090130,25,22,22,47,26,13,8,24,43,9,19,17,15,28,23,22,22,48,28,16,12,26,40,9,19,20,15,28
202111090145,27,19,22,50,27,13,9,22,41,9,19,14,12,27,26,20,22,51,29,16,12,24,38,9,19,17,12,27
202111090200,27,18,21,50,25,13,9,22,42,9,16,16,14,28,25,19,21,50,27,16,13,24,39,9,16,19,14,28
202111090215,29,19,20,49,22,14,7,19,41,7,18,15,13,30,27,20,20,50,24,17,11,21,38,7,18,18,13,30
202111090230,28,18,20,46,23,11,5,19,41,7,17,14,12,27,26,19,20,47,25,14,9,21,38,7,17,17,12,27
202111090245,31,18,20,44,23,11,4,19,37,8,16,15,12,26,29,20,20,45,25,14,8,21,34,8,16,18,12,26
202111090300,33,18,21,42,23,10,4,19,32,9,17,15,11,27,31,20,21,44,25,12,7,21,30,9,17,18,11,27
202111090315,31,19,15,43,22,9,4,18,32,8,12,16,10,27,29,21,15,44,24,12,7,20,30,8,12,19,10,26
202111090330,28,17,15,41,21,9,3,20,32,6,12,16,9,25,26,19,15,42,23,11,6,22,30,6,12,19,9,24
202111090345,27,16,16,39,22,7,4,19,32,7,11,14,10,26,25,17,16,40,24,9,7,21,30,7,11,17,10,25
202111090400,25,18,18,43,17,10,4,17,29,8,13,17,9,25,23,19,18,44,19,12,7,19,27,8,13,19,9,25
202111090415,21,17,19,46,20,9,3,18,31,6,13,15,8,25,19,18,19,47,22,11,6,20,29,6,13,18,8,25
202111090430,22,16,17,44,19,13,4,18,35,7,13,15,7,25,20,17,17,45,21,15,7,20,33,7,13,17,8,25
202111090445,22,17,17,41,19,11,5,17,31,7,13,16,10,26,20,18,17,42,21,13,8,19,29,7,13,19,10,26
202111090500,23,15,17,40,20,11,6,20,31,6,16,15,11,25,21,16,17,41,22,13,9,22,29,6,16,18,11,25
202111090515,22,13,20,39,19,9,5,21,31,5,15,13,11,23,20,14,20,40,21,11,8,23,29,5,15,16,11,23
202111090530,20,16,20,36,20,12,7,19,30,9,13,14,12,26,19,17,20,37,21,14,9,21,29,9,13,17,12,26
202111090545,20,17,24,37,19,11,8,20,30,11,18,15,13,29,18,18,24,38,21,13,10,22,28,11,18,18,13,29
202111090600,25,18,21,45,18,14,11,24,38,10,20,17,12,32,23,19,21,46,20,16,14,26,36,10,19,20,12,32
202111090615,30,19,23,46,19,18,11,24,48,12,18,20,16,32,28,20,23,47,21,21,15,26,45,12,18,23,16,32
202111090630,33,23,25,51,19,24,17,25,53,13,18,25,18,32,31,24,25,52,22,26,21,27,50,13,18,27,18,32
202111090645,32,25,28,57,24,26,18,39,57,16,20,29,19,32,30,26,28,57,26,28,22,41,54,16,20,31,20,32
202111090700,32,29,28,61,28,27,16,42,57,27,22,29,23,33,30,29,28,61,30,29,20,44,53,26,23,31,23,33
202111090715,36,30,34,65,44,31,17,47,57,28,22,35,27,41,35,31,34,66,45,33,21,49,53,27,23,38,27,41
202111090730,43,33,34,71,55,40,19,59,63,29,21,42,27,44,42,34,34,72,56,41,23,61,59,28,22,45,28,44
202111090745,44,38,34,69,56,41,18,68,61,31,23,53,31,47,43,39,34,70,57,42,22,69,57,30,24,55,32,47
202111090800,48,50,33,68,79,41,18,60,60,35,21,44,28,47,48,50,33,69,78,42,22,62,56,34,22,47,29,47
202111090815,48,42,31,75,62,37,17,56,53,33,20,33,30,44,47,43,31,76,62,38,21,58,50,32,22,36,30,44
202111090830,45,36,27,75,55,35,13,52,52,28,18,27,29,40,44,37,27,75,56,36,17,54,49,27,20,30,28,40
202111090845,38,31,22,72,55,27,13,43,49,30,16,28,24,36,37,32,22,72,55,29,17,45,46,29,17,31,24,35
202111090900,38,35,23,67,47,26,13,38,44,28,21,28,32,34,37,35,23,67,48,27,16,40,41,27,23,31,31,34
202111090915,39,34,25,63,49,28,12,42,46,32,19,27,32,30,38,34,25,64,50,29,15,44,43,30,21,29,31,30
202111090930,41,35,22,65,49,31,13,42,44,33,16,28,33,30,40,36,22,66,50,31,16,44,41,32,18,30,32,30
202111090945,44,33,24,65,48,31,15,44,40,30,18,31,34,28,43,34,24,66,49,31,18,45,38,29,20,33,33,28
202111091000,42,33,24,67,43,29,12,40,39,25,18,26,36,23,40,34,23,67,44,30,15,41,37,24,20,28,34,24
202111091015,45,34,25,68,46,30,12,42,42,34,17,29,36,23,43,35,24,69,47,31,15,43,39,32,20,30,35,24
202111091030,49,39,24,75,45,27,11,41,40,32,17,30,37,22,47,40,23,76,47,28,14,42,38,31,20,31,36,23
202111091045,44,40,24,76,46,28,12,43,36,28,16,30,38,23,43,40,23,76,47,28,14,44,34,27,19,31,37,23
202111091100,43,34,21,79,52,28,13,40,38,25,17,31,36,28,42,35,21,79,53,29,15,41,36,24,20,33,35,28
202111091115,45,32,22,82,54,29,14,40,42,28,16,34,31,28,44,33,22,82,55,30,17,41,40,27,18,36,31,28
202111091130,51,34,27,79,55,30,16,41,46,29,18,32,36,30,50,36,26,80,56,31,19,43,43,28,20,34,35,31
202111091145,55,39,29,83,52,29,15,41,47,31,19,34,36,35,53,41,29,84,54,30,18,43,44,30,21,36,35,35
202111091200,69,46,25,96,58,35,19,36,48,36,20,33,40,35,67,48,25,97,60,36,22,38,46,35,23,35,39,35
202111091215,71,54,27,88,57,37,17,40,47,31,22,31,38,39,69,55,27,90,59,37,20,42,45,30,24,34,37,39
202111091230,73,54,22,83,57,37,15,39,49,32,22,32,43,31,71,55,22,85,60,37,19,41,46,31,25,34,41,31
202111091245,64,50,24,81,55,36,13,37,51,27,20,33,42,32,62,51,24,83,57,37,17,39,48,26,23,35,40,32
202111091300,62,52,23,74,56,32,14,41,46,32,19,30,41,32,60,53,23,76,58,33,17,43,43,31,22,32,39,32
202111091315,58,53,20,70,56,35,15,37,40,29,21,26,33,30,56,53,20,72,58,35,18,39,38,28,23,28,32,30
202111091330,55,50,22,75,57,34,13,42,37,31,20,31,27,30,53,50,22,76,58,33,16,44,35,30,21,33,27,30
202111091345,50,46,24,70,57,31,15,41,34,34,19,31,30,31,49,46,24,71,58,31,17,43,32,33,21,33,30,31
202111091400,52,48,26,62,57,29,14,40,34,36,20,27,29,32,51,48,26,63,58,29,16,42,32,35,21,29,28,32
202111091415,51,44,25,67,58,33,12,40,37,33,18,28,31,30,50,45,25,68,59,33,15,42,35,32,20,30,30,30
202111091430,48,40,25,77,53,29,15,39,36,32,18,28,34,28,47,41,25,78,54,29,17,40,34,31,20,30,33,28
202111091445,51,36,26,71,46,30,18,35,43,30,17,34,33,30,49,37,26,72,48,31,21,37,41,29,19,36,32,30
202111091500,56,38,25,72,45,29,17,41,39,28,16,38,28,28,54,40,25,73,47,29,19,42,37,27,18,39,28,28
202111091515,56,40,23,66,53,25,14,44,40,32,20,34,31,30,54,41,23,68,55,26,17,45,38,31,22,36,31,30
202111091530,55,40,29,68,50,27,15,42,36,34,19,41,29,30,53,41,28,70,52,27,17,43,34,33,21,42,29,31
202111091545,56,37,26,70,51,27,15,45,34,35,20,40,30,28,54,39,25,72,53,27,17,46,33,33,22,41,30,28
202111091600,61,39,24,72,56,25,15,42,37,36,19,38,28,31,59,41,24,74,58,26,17,44,35,34,20,40,28,31
202111091615,58,38,24,67,56,26,14,41,36,27,15,38,33,32,57,40,24,69,58,26,16,43,34,26,17,40,33,32
202111091630,63,39,31,72,62,30,14,53,40,25,18,41,28,33,62,41,30,74,64,30,17,54,38,24,19,43,29,34
202111091645,63,45,27,73,67,35,14,70,42,26,16,53,31,39,62,47,27,75,68,35,17,71,40,25,18,55,32,39
202111091700,65,48,30,75,77,37,16,78,47,30,18,55,39,40,64,49,30,77,78,37,19,79,44,29,21,56,40,40
202111091715,68,46,31,75,92,42,18,87,45,33,21,57,37,42,68,48,31,77,92,41,21,87,43,32,23,59,38,42
202111091730,78,46,34,78,103,48,20,73,49,31,21,58,34,41,78,49,34,81,103,47,23,74,47,30,23,59,36,41
202111091745,88,53,35,85,113,44,18,64,53,32,22,57,32,48,88,56,35,88,113,44,22,66,50,31,24,59,34,48
202111091800,108,58,39,93,122,44,21,59,54,31,27,56,37,44,107,62,39,97,122,44,24,61,51,30,29,58,38,45
202111091815,117,62,42,92,135,55,23,59,64,33,25,62,38,44,116,67,41,96,135,54,27,61,61,32,27,63,39,45
202111091830,123,68,47,103,149,55,22,64,68,32,26,58,38,48,123,72,46,107,148,55,27,66,64,31,28,60,39,49
202111091845,106,72,45,103,130,59,23,67,66,31,28,52,39,52,106,74,45,106,130,58,27,69,62,30,30,55,39,53
202111091900,111,73,50,107,107,63,28,63,73,35,30,53,36,58,109,76,50,110,109,62,33,65,69,34,31,57,37,59
202111091915,106,69,54,105,96,65,25,63,73,29,30,54,41,56,104,72,53,108,98,64,30,65,69,28,32,58,41,57
202111091930,107,69,52,119,93,69,26,64,67,26,34,47,43,58,105,72,52,121,95,67,30,66,63,26,36,51,42,59
202111091945,109,64,52,125,93,69,28,65,72,24,37,46,42,59,107,68,52,127,95,67,32,67,68,24,38,50,42,60
202111092000,112,71,57,135,95,64,27,55,77,23,36,46,44,69,110,74,57,137,98,63,32,58,72,23,38,51,43,70
202111092015,105,70,55,125,87,59,27,54,75,23,35,37,41,63,103,73,54,127,90,59,32,57,71,23,36,42,40,64
202111092030,107,74,55,129,84,58,32,49,70,24,37,39,40,64,105,77,55,131,87,57,36,52,67,24,38,45,39,65
202111092045,94,68,50,125,83,55,33,50,69,25,39,41,41,60,92,70,50,126,85,55,37,53,66,25,40,46,40,61
202111092100,86,62,45,123,74,52,31,51,66,25,39,35,44,60,84,64,45,124,76,52,35,54,63,25,40,40,42,60
202111092115,84,64,46,116,69,51,34,50,62,24,38,36,45,59,82,65,46,117,71,51,37,53,60,24,39,41,43,59
202111092130,83,64,47,111,66,54,31,47,81,23,38,35,44,65,80,65,48,112,69,55,36,50,76,23,39,41,42,65
202111092145,83,60,46,114,64,56,32,47,90,23,37,38,47,64,80,62,47,115,67,58,38,50,85,23,39,44,45,64
202111092200,85,53,49,113,68,53,31,47,90,24,40,41,46,65,83,56,49,114,71,55,37,50,85,24,41,46,45,65
202111092215,79,53,42,119,70,52,27,44,87,23,36,40,39,62,77,55,43,119,72,54,33,47,82,23,37,45,38,62
202111092230,74,49,42,123,64,49,31,42,87,21,34,41,34,60,72,51,43,123,66,52,37,45,82,22,35,46,34,60
202111092245,76,46,39,121,64,45,28,37,84,19,30,41,33,59,74,49,40,121,66,48,34,40,79,19,31,46,33,59
202111092300,69,38,39,117,63,43,27,37,82,16,23,40,34,60,67,41,40,117,65,46,33,40,77,16,25,45,34,60
202111092315,63,40,34,119,62,35,22,30,83,16,23,36,30,58,61,42,35,118,63,39,29,33,78,16,24,41,30,57
202111092330,53,40,33,104,57,33,18,28,77,15,25,31,27,51,52,41,34,103,58,37,24,31,72,15,26,35,27,50
202111092345,53,40,33,99,50,30,21,24,70,16,25,26,25,45,51,41,33,98,52,33,26,27,66,16,25,30,25,45
202111100000,51,39,33,100,45,25,21,19,70,18,23,24,20,44,49,40,33,100,47,29,26,22,66,18,23,28,20,44
202111100015,40,36,31,117,36,19,23,15,41,20,23,18,6,18,39,36,29,115,38,21,25,17,40,20,21,19,7,20
202111100030,0,16,0,39,39,0,0,8,0,25,0,0,0,0,1,15,0,38,38,1,0,9,1,23,0,1,0,0
202111100045,0,13,0,27,30,0,0,6,0,25,0,0,0,0,0,12,0,27,30,0,0,7,1,23,0,1,0,0
202111100100,0,9,0,28,28,0,0,7,0,23,0,0,0,0,0,9,0,28,28,0,0,8,1,21,0,1,0,0
202111100115,0,8,0,33,23,0,0,7,0,21,0,0,0,0,0,8,0,33,23,0,0,8,0,19,0,1,0,0
202111100130,0,11,0,30,25,0,0,6,0,18,0,0,0,0,0,11,0,30,25,0,0,7,0,17,0,1,0,0
202111100145,0,8,0,27,24,0,0,9,0,19,0,0,0,0,0,8,0,27,24,0,0,10,0,18,0,1,0,0
202111100200,0,9,0,27,21,0,0,7,0,17,0,0,0,0,0,9,0,27,21,0,0,8,0,16,0,1,0,0
202111100215,0,9,0,27,19,0,0,8,0,16,0,0,0,0,0,9,0,27,19,1,0,9,0,15,0,1,0,0
202111100230,0,8,0,28,20,0,0,7,0,15,0,0,0,0,0,8,0,28,20,0,0,8,1,14,0,1,0,0
202111100245,0,11,0,29,20,0,0,8,0,13,0,0,0,0,0,11,0,29,20,0,0,9,1,12,0,1,0,0
202111100300,0,10,0,25,21,4,0,9,28,9,4,5,0,0,0,10,0,25,21,6,3,10,26,8,4,5,1,0
202111100315,0,7,0,23,22,3,0,8,31,8,4,6,0,0,0,7,0,23,22,6,3,9,29,7,4,6,1,0
202111100330,0,7,0,22,20,3,0,8,34,8,4,5,0,0,0,7,0,22,20,6,4,9,31,7,4,5,0,0
202111100345,0,7,0,22,18,4,0,9,35,9,4,5,0,0,0,7,0,22,18,7,4,10,32,8,4,5,0,0
202111100400,0,6,0,22,17,4,0,8,35,8,4,4,0,0,0,6,0,22,18,7,4,9,32,7,4,4,0,0
202111100415,0,7,0,18,18,3,0,8,34,9,4,5,0,0,0,7,0,18,18,6,4,9,31,9,4,5,0,0
202111100430,0,8,0,17,16,3,0,7,35,8,4,5,0,0,0,8,0,17,16,7,4,8,32,8,4,5,0,0
202111100445,0,7,0,19,14,4,0,8,37,7,4,5,0,0,0,7,0,19,15,8,4,9,34,6,4,5,0,0
202111100500,0,7,0,19,14,4,0,11,36,8,5,5,0,0,0,7,0,19,15,7,4,12,33,7,5,5,0,0
202111100515,0,6,0,19,13,4,0,11,38,8,4,6,0,0,0,6,0,19,14,8,4,12,35,7,4,6,1,0
202111100530,0,6,0,18,13,5,0,9,41,10,4,6,0,0,0,6,0,19,14,9,5,10,38,9,4,6,0,0
202111100545,19,13,10,39,11,9,5,8,38,13,10,8,4,11,17,14,9,40,13,12,9,10,35,12,9,9,4,11
202111100600,26,20,14,40,12,14,10,16,33,12,12,14,12,18,24,21,14,41,15,16,12,18,31,12,12,16,12,18
202111100615,27,22,19,47,14,16,13,19,38,13,14,17,14,25,25,23,19,48,17,18,16,21,36,13,14,19,14,25
202111100630,28,25,22,46,18,19,16,23,43,14,18,22,15,31,26,26,22,47,20,21,19,25,41,14,18,25,15,31
202111100645,34,29,26,54,21,23,21,31,46,16,17,26,19,31,32,30,26,55,23,25,23,33,44,16,18,29,19,31
202111100700,35,35,28,69,31,29,18,40,58,30,19,28,22,37,33,35,28,69,33,31,22,42,54,29,20,31,22,37
202111100715,38,32,30,66,40,33,19,42,53,28,26,37,20,43,37,33,30,66,41,34,22,44,50,27,26,40,21,43
202111100730,45,33,34,70,48,38,17,52,54,30,21,44,21,46,44,34,34,71,49,39,21,54,51,29,21,47,23,46
202111100745,40,35,34,69,60,38,16,51,57,30,20,45,22,46,40,36,34,69,60,39,20,53,53,29,21,48,24,46
202111100800,43,37,32,68,62,34,16,46,52,35,17,40,25,49,42,38,33,69,62,35,20,48,49,34,18,43,26,49
202111100815,44,31,29,68,58,32,16,48,50,32,18,38,26,46,43,32,30,69,59,33,20,50,47,31,19,41,27,46
202111100830,45,34,28,71,60,29,16,40,47,30,20,40,27,42,44,35,28,72,60,30,19,42,44,29,21,43,28,42
202111100845,39,35,25,58,57,22,15,40,39,31,18,38,29,31,39,36,25,59,57,23,18,42,37,30,20,40,29,31
202111100900,38,30,28,61,50,21,15,41,37,30,21,42,30,32,37,31,28,62,51,22,17,43,35,29,22,43,31,32
202111100915,42,37,29,63,46,21,14,38,40,33,23,38,29,30,41,38,28,64,47,23,17,40,38,32,24,39,29,31
202111100930,38,30,25,65,45,24,15,33,34,30,22,32,29,29,37,31,25,66,46,24,17,35,33,29,23,34,29,29
202111100945,39,32,26,68,49,24,13,35,34,31,19,37,27,26,38,33,25,68,50,24,15,36,32,30,20,38,27,27
202111101000,41,30,26,73,65,26,15,38,35,29,21,35,32,24,41,31,25,73,65,26,17,39,33,28,23,36,32,25
202111101015,43,31,23,69,66,24,15,37,43,32,15,35,34,26,43,32,23,70,66,25,18,38,41,31,18,36,34,26
202111101030,39,33,22,68,61,21,17,39,41,37,16,38,33,23,39,34,21,69,61,23,19,40,39,35,18,39,33,23
202111101045,41,38,26,69,62,26,16,41,45,37,18,37,37,26,41,38,25,70,62,28,19,42,43,35,21,38,36,26
202111101100,42,39,25,74,67,25,18,38,36,32,20,36,35,24,42,39,24,74,67,26,20,39,35,31,22,37,34,25
202111101115,44,37,25,68,58,26,15,36,34,29,17,39,36,23,43,38,24,69,59,26,17,37,33,28,20,40,36,24
202111101130,45,47,25,67,59,26,14,32,42,30,20,39,34,29,44,47,25,68,60,27,17,34,40,29,22,40,34,29
202111101145,60,48,27,77,62,32,16,37,55,30,23,40,34,29,59,49,26,78,63,34,20,39,52,29,25,41,34,29
202111101200,70,55,31,84,68,36,14,41,50,30,23,42,40,35,68,56,31,86,70,37,18,43,47,29,25,44,39,35
202111101215,73,56,27,101,71,39,16,37,51,26,22,41,40,36,71,57,27,102,73,39,20,39,48,25,25,43,39,36
202111101230,63,62,28,95,70,37,18,40,48,24,21,39,33,34,62,62,28,96,71,37,21,42,45,24,23,41,33,34
202111101245,65,59,24,89,63,31,16,33,47,24,20,38,38,37,63,59,24,90,65,32,19,35,44,23,22,40,37,37
202111101300,66,49,26,78,52,27,16,31,45,29,22,35,33,29,64,50,26,80,55,28,19,33,43,28,24,37,33,29
202111101315,52,47,21,81,53,31,16,32,39,29,21,31,31,27,50,47,21,81,54,31,18,34,37,28,23,33,30,27
202111101330,50,48,23,79,51,29,15,34,39,31,20,35,32,25,48,48,22,79,53,29,18,36,37,30,22,36,32,25
202111101345,51,46,27,72,57,24,14,33,38,33,16,32,36,26,50,46,26,73,58,25,17,35,36,32,19,33,35,27
202111101400,49,43,28,67,54,22,15,34,38,38,19,37,36,29,48,44,27,68,55,23,17,36,36,36,21,38,35,30
202111101415,44,39,28,63,56,21,15,35,36,33,21,35,30,28,43,39,27,64,57,22,17,37,34,32,22,36,30,29
202111101430,45,44,29,64,57,24,14,40,38,30,20,38,32,30,44,44,28,65,58,25,17,42,36,29,22,40,32,31
202111101445,45,41,29,74,60,29,15,35,38,29,22,32,30,27,44,41,28,75,60,29,17,37,36,28,23,34,30,28
202111101500,49,45,31,69,64,26,14,32,38,28,20,39,32,26,48,45,30,70,64,27,16,34,36,27,22,40,32,27
202111101515,49,41,31,74,72,27,12,36,32,32,20,35,32,27,49,42,30,75,72,27,14,38,31,31,22,36,32,28
202111101530,49,40,31,74,69,29,13,44,32,30,19,32,33,31,48,41,30,75,69,28,15,45,31,29,21,34,32,32
202111101545,50,43,27,67,71,27,11,37,30,31,19,32,29,28,50,44,26,68,71,27,13,39,29,29,21,34,29,28
202111101600,50,41,31,71,70,26,14,38,37,29,20,32,27,27,50,42,30,72,70,26,16,39,35,28,21,34,27,28
202111101615,53,40,33,71,71,25,13,42,38,27,17,36,28,26,52,41,32,72,71,26,16,43,36,26,19,37,28,28
202111101630,56,42,35,68,70,32,15,55,43,32,19,35,29,25,55,43,33,70,71,32,18,56,41,31,21,36,29,27
202111101645,64,45,40,74,79,31,17,67,47,35,17,48,28,36,63,47,39,76,79,32,20,68,44,34,19,49,29,37
202111101700,65,49,35,74,80,35,16,68,54,34,18,56,29,37,64,50,34,76,80,36,20,69,51,33,20,57,31,38
202111101715,65,54,36,80,87,42,16,74,50,37,22,53,31,39,65,55,35,82,87,42,20,75,47,35,24,54,32,40
202111101730,75,65,38,84,99,45,15,75,53,37,22,57,28,41,75,66,37,86,99,45,19,76,50,35,23,59,30,42
202111101745,87,63,43,85,107,50,17,67,59,38,23,57,40,35,87,65,42,88,107,49,21,68,56,36,26,58,41,37
202111101800,95,71,43,95,126,49,19,57,65,29,26,48,43,46,95,73,42,98,125,49,24,59,61,28,29,51,43,47
202111101815,105,60,43,94,138,51,21,64,72,33,27,42,42,55,106,64,43,98,137,52,26,66,67,32,29,46,41,55
202111101830,106,65,46,98,117,53,23,69,73,35,27,45,48,57,105,68,46,101,117,53,28,71,69,34,30,49,47,57
202111101845,109,70,54,105,103,59,26,60,71,30,30,50,46,60,107,73,54,108,105,58,31,62,67,30,33,54,46,61
202111101900,111,70,54,120,101,66,24,63,72,29,34,48,48,67,109,73,54,123,103,65,29,66,68,29,36,53,47,67
202111101915,118,73,46,125,95,59,22,63,75,26,32,54,48,62,116,77,46,128,98,59,28,66,70,26,34,58,48,62
202111101930,116,72,45,123,96,57,24,54,78,27,35,51,50,64,114,76,46,126,99,57,30,57,73,27,37,55,49,64
202111101945,107,74,45,120,95,55,25,56,84,28,34,54,47,64,105,77,46,122,97,56,31,59,79,28,36,58,47,64
202111102000,110,72,47,123,92,60,25,57,74,27,34,50,51,60,108,75,47,125,95,60,30,60,70,27,37,54,50,60
202111102015,104,64,44,120,89,51,25,49,76,28,36,50,46,64,102,67,45,122,92,52,30,52,71,28,38,55,46,64
202111102030,102,67,44,111,92,57,24,48,77,28,37,42,44,68,100,70,45,113,94,57,30,51,72,28,38,48,43,67
202111102045,97,69,46,116,81,53,24,42,82,24,43,47,46,69,95,71,47,118,84,55,30,46,77,24,44,53,45,69
202111102100,102,69,51,125,78,50,26,43,85,25,46,41,52,72,100,72,52,127,81,52,32,47,79,25,47,47,50,72
202111102115,98,66,47,121,72,43,30,39,86,22,44,34,46,71,96,69,48,123,75,46,36,43,81,22,45,41,44,70
202111102130,102,63,50,114,70,46,23,44,85,22,45,40,40,73,99,66,51,116,74,49,30,48,79,22,45,46,39,73
202111102145,98,58,52,110,75,44,30,44,88,22,38,38,47,68,95,62,52,112,78,47,36,48,83,22,40,44,45,68
202111102200,97,59,53,119,74,41,30,46,92,23,36,42,44,68,95,62,53,121,77,45,37,49,86,23,38,48,43,69
202111102215,89,59,49,124,70,40,29,45,97,22,34,41,42,73,87,62,50,125,73,45,36,49,91,22,36,47,41,73
202111102230,87,50,47,119,58,39,30,41,94,20,35,39,42,69,84,53,48,120,61,44,37,45,88,20,36,45,41,69
202111102245,81,47,47,113,58,38,26,46,99,17,35,38,39,65,78,50,47,114,61,43,34,49,92,17,36,44,38,65
202111102300,77,46,43,113,52,36,26,39,95,18,32,33,33,59,74,49,43,113,55,41,33,42,89,18,33,38,32,59
202111102315,71,45,40,111,46,36,26,39,96,19,27,33,28,56,68,47,40,111,49,41,33,42,89,19,28,38,28,56
202111102330,64,43,42,105,53,33,25,33,93,18,27,31,29,53,62,45,42,105,55,38,32,36,87,18,28,36,29,53
202111102345,70,40,40,105,51,30,24,29,91,16,24,30,25,48,68,42,40,105,54,35,31,32,85,16,25,34,25,48
202111110000,66,38,40,105,43,33,24,31,84,19,26,27,26,45,63,41,40,105,46,37,30,34,79,19,26,31,26,46
202111110015,63,36,39,85,40,30,23,25,83,13,25,27,24,40,60,39,38,86,43,35,29,28,78,14,25,31,24,41
202111110030,62,38,32,81,41,26,20,21,74,9,27,24,28,39,59,40,32,82,44,30,26,24,69,10,28,28,27,39
202111110045,52,32,27,72,41,26,19,20,67,11,26,23,19,39,50,34,27,73,43,30,24,23,63,11,26,27,19,39
202111110100,49,31,28,68,37,23,19,18,64,11,22,20,18,38,47,33,28,69,39,27,24,21,60,11,22,24,18,38
202111110115,45,26,23,68,34,23,14,14,62,14,24,21,16,36,43,28,23,69,36,26,19,17,58,14,24,25,16,36
202111110130,43,24,23,64,27,18,14,13,55,13,24,18,19,33,41,26,23,65,30,21,18,16,52,13,24,21,19,33
202111110145,43,25,23,62,26,15,13,14,55,13,19,14,17,33,40,27,23,63,29,19,17,17,52,13,19,18,16,33
202111110200,40,26,17,73,35,18,13,19,58,12,19,16,20,24,38,28,17,73,37,22,18,21,54,12,19,18,19,24
202111110215,25,29,0,73,38,8,1,19,52,9,17,13,21,0,25,29,0,72,39,12,7,20,48,8,18,13,20,0
202111110230,24,25,0,71,38,7,1,18,49,9,17,11,20,0,23,25,0,70,39,11,6,19,45,8,18,11,19,0
202111110245,25,24,0,69,33,6,1,19,46,9,15,10,19,0,24,24,0,68,34,10,6,20,42,8,16,10,18,0
202111110300,24,23,0,67,34,19,8,21,37,12,13,11,16,0,23,23,0,66,35,20,11,22,35,12,14,11,15,0
202111110315,26,24,0,63,29,16,7,19,39,11,13,11,16,0,24,24,0,63,30,18,10,20,36,11,14,11,15,0
202111110330,25,21,0,60,29,16,8,21,42,11,14,12,14,0,24,22,0,60,30,18,12,22,39,11,14,12,14,0
202111110345,27,23,0,57,26,8,0,19,44,8,15,14,15,0,25,24,0,57,28,12,5,20,40,7,15,14,15,0
202111110400,26,28,0,61,27,7,0,19,42,8,16,15,14,0,24,28,0,61,28,11,5,20,38,7,16,15,14,0
202111110415,22,21,0,60,28,7,0,19,41,12,15,13,10,0,20,22,0,60,29,11,4,20,38,11,15,13,10,0
202111110430,23,20,0,60,29,6,0,17,43,11,14,14,12,0,22,21,0,60,30,10,5,18,39,10,14,14,12,0
202111110445,21,22,0,55,26,7,0,19,43,11,15,15,10,0,20,22,0,55,27,11,5,20,39,10,15,15,10,0
202111110500,26,23,15,42,20,12,9,19,41,11,15,10,11,21,24,24,15,43,22,15,12,21,38,11,15,13,11,21
202111110515,24,20,17,37,19,12,12,18,40,11,16,12,12,22,22,21,17,38,21,15,15,20,38,11,16,15,12,22
202111110530,24,17,16,39,21,13,10,20,40,13,14,12,10,20,22,18,16,40,23,15,13,22,38,13,14,14,10,20
202111110545,23,17,18,42,20,11,13,19,38,15,17,15,12,20,21,18,18,43,22,14,16,21,36,15,17,17,12,20
202111110600,25,16,20,47,21,17,15,23,45,14,18,14,15,28,23,17,20,48,23,19,18,25,43,14,18,17,15,28
202111110615,25,18,20,47,23,17,14,26,52,14,20,17,15,29,23,19,20,48,25,20,18,28,49,14,20,20,15,29
202111110630,29,18,19,48,25,19,18,30,51,13,22,20,18,26,27,19,19,49,27,22,21,32,48,13,22,22,18,26
202111110645,36,26,18,54,29,24,19,38,54,22,22,25,23,31,34,27,18,55,31,26,23,40,51,22,23,28,23,30
202111110700,37,29,25,61,36,26,19,44,61,34,28,32,26,31,35,30,25,62,38,29,23,45,57,33,28,34,26,31
202111110715,40,32,34,65,45,27,18,48,65,32,31,33,28,45,39,33,34,66,46,30,23,50,61,31,31,37,28,45
202111110730,46,36,34,72,51,38,20,61,67,34,28,43,32,45,45,37,34,73,52,40,25,63,63,33,29,46,32,45
202111110745,48,43,32,70,65,39,18,73,65,30,23,39,30,42,47,43,32,71,65,41,23,74,61,29,24,42,30,42
202111110800,52,45,32,67,73,33,21,56,59,35,19,42,34,41,52,46,32,68,73,35,25,58,56,34,21,44,34,41
202111110815,53,39,28,66,68,30,18,46,57,33,20,34,32,38,52,40,28,68,68,32,22,48,54,32,22,37,32,38
202111110830,44,35,27,71,66,32,18,35,53,31,20,33,29,34,44,36,27,72,66,33,22,37,50,30,21,35,29,34
202111110845,45,31,24,65,72,25,14,32,44,26,18,32,29,36,45,32,24,66,72,26,17,34,42,25,20,34,29,36
202111110900,37,29,25,62,72,25,12,40,45,29,21,34,33,35,37,30,25,62,71,27,16,42,42,28,23,36,32,35
202111110915,38,27,25,58,65,26,13,40,47,31,21,36,35,31,38,28,25,59,65,28,17,42,44,30,23,38,35,31
202111110930,38,32,24,61,67,24,14,43,43,32,19,44,38,33,38,33,24,62,66,25,17,45,41,31,22,45,38,33
202111110945,39,33,25,62,63,24,15,38,42,29,16,39,38,29,39,34,25,63,63,25,18,40,40,28,19,40,37,29
202111111000,38,33,23,61,58,28,14,36,42,30,14,37,44,28,38,34,23,62,58,29,17,38,40,29,18,38,43,28
202111111015,40,36,22,63,56,30,15,38,39,31,12,41,37,27,39,37,22,64,56,30,17,39,37,30,15,42,37,27
202111111030,44,36,24,58,61,25,18,31,38,31,16,43,35,29,43,37,24,59,61,26,20,33,37,30,19,44,35,29
202111111045,45,37,30,61,60,27,13,37,40,30,19,38,37,25,44,38,29,62,61,28,16,38,38,29,22,39,36,26
202111111100,43,42,26,62,61,29,13,37,43,32,18,38,39,26,43,42,25,63,61,30,16,38,41,31,21,39,38,27
202111111115,48,43,24,66,62,27,18,38,37,32,17,40,36,24,47,43,23,67,62,27,20,39,36,31,20,41,36,24
202111111130,49,43,29,68,70,29,17,36,41,28,18,45,37,28,49,43,28,69,70,29,19,38,39,27,21,46,37,29
202111111145,59,47,31,72,64,37,15,38,44,28,20,47,35,33,58,48,30,73,65,37,18,40,42,27,22,48,35,34
202111111200,54,59,27,91,72,36,16,38,51,27,19,41,40,33,54,58,27,91,72,36,20,40,48,26,22,43,39,33
202111111215,60,57,25,91,66,38,18,37,52,31,17,38,42,29,59,57,25,91,67,38,21,39,49,30,20,39,41,29
202111111230,59,62,26,89,68,38,21,37,44,35,16,31,39,28,58,61,25,90,69,37,23,38,42,34,19,33,38,28
202111111245,60,55,26,83,66,33,19,39,42,30,18,27,38,28,59,55,25,84,67,33,21,40,40,29,21,29,36,28
202111111300,60,52,24,80,70,32,15,37,41,34,13,29,36,27,59,53,24,81,71,32,18,38,39,33,16,31,35,27
202111111315,54,47,26,72,70,31,15,34,44,34,9,26,36,28,54,48,25,73,70,31,18,36,42,33,12,28,34,28
202111111330,55,44,25,79,71,31,12,37,41,30,13,30,38,31,55,45,25,80,71,31,15,39,39,29,16,32,37,31
202111111345,54,41,28,75,75,31,12,35,35,27,14,34,35,26,54,42,27,76,75,31,14,36,33,26,17,35,34,27
202111111400,53,40,26,70,71,29,11,39,34,34,19,29,33,25,53,41,25,71,71,29,13,40,32,32,21,30,32,26
202111111415,48,44,23,67,73,30,11,37,38,34,20,27,31,29,48,44,23,68,73,30,14,39,36,32,22,29,30,29
202111111430,54,38,20,69,76,30,10,36,40,38,23,30,29,32,53,39,20,70,76,30,13,38,37,36,24,32,29,31
202111111445,50,33,25,68,78,31,10,33,38,34,17,33,31,29,50,35,25,69,77,31,13,35,36,32,19,35,31,29
202111111500,52,38,25,70,87,33,13,37,39,34,16,34,32,29,53,40,25,71,86,33,16,39,37,32,18,36,32,29
202111111515,54,37,24,75,83,33,10,36,37,32,18,36,29,23,54,39,23,76,82,33,13,37,35,30,20,37,29,24
202111111530,52,36,29,74,78,30,12,38,38,36,18,37,29,24,52,38,28,75,78,30,15,39,36,34,20,38,29,25
202111111545,52,42,32,78,81,30,12,38,40,35,16,29,31,21,52,43,30,79,80,30,15,39,38,33,18,30,30,23
202111111600,57,42,32,80,81,32,13,35,35,32,12,29,34,25,57,43,31,81,81,32,15,36,33,31,15,31,33,26
202111111615,55,37,30,78,75,32,10,37,36,33,15,34,34,24,55,39,29,79,75,32,13,38,34,31,18,35,33,25
202111111630,57,43,35,74,84,34,14,48,43,34,14,35,33,22,57,44,33,75,84,34,17,49,41,33,16,36,33,24
202111111645,58,47,35,79,84,37,13,62,43,33,18,45,36,27,58,48,34,80,84,37,16,63,40,32,21,46,36,28
202111111700,60,50,38,76,90,35,14,69,49,33,22,54,34,31,60,51,37,77,89,36,18,69,46,32,24,54,35,33
202111111715,74,49,37,83,100,36,14,71,51,38,23,54,32,28,74,51,36,85,100,37,18,71,48,36,24,54,33,30
202111111730,86,50,40,89,109,41,16,73,47,36,26,53,31,29,86,53,38,92,109,41,19,73,44,35,27,53,32,31
202111111745,109,53,46,93,125,40,18,56,49,35,24,56,39,33,109,58,44,97,125,40,21,57,47,34,26,56,40,35
202111111800,124,61,48,95,124,46,20,65,57,38,31,54,41,40,123,66,46,100,125,46,24,66,54,37,33,56,41,42
202111111815,120,66,46,101,127,52,24,68,57,33,30,53,44,49,119,70,45,105,128,51,27,69,54,32,32,56,44,50
202111111830,119,67,56,102,130,60,27,62,64,31,33,57,46,50,118,71,55,106,131,59,31,64,61,31,35,60,46,52
202111111845,121,69,56,112,111,69,25,71,63,28,28,50,53,49,119,73,54,116,113,66,29,72,60,28,31,53,52,51
202111111900,127,68,55,111,97,72,27,73,70,30,34,53,51,56,124,73,54,115,100,70,31,75,66,30,37,57,50,57
202111111915,122,61,56,110,92,66,30,67,69,32,32,49,40,58,119,66,55,114,96,64,34,69,66,32,34,53,40,59
202111111930,121,66,52,112,99,66,25,60,69,25,34,47,41,57,119,71,51,116,102,64,30,62,65,25,35,51,41,58
202111111945,115,62,55,112,92,64,25,59,73,27,30,49,41,52,113,67,54,115,95,63,30,61,69,27,32,52,41,54
202111112000,120,58,58,115,94,64,26,57,74,25,31,48,38,51,118,63,56,118,97,63,31,59,70,25,32,51,38,53
202111112015,115,63,60,107,90,57,29,54,80,24,32,36,39,55,113,67,59,110,93,57,34,56,76,24,33,41,38,57
202111112030,109,68,50,111,89,56,33,52,81,23,34,41,37,54,107,72,49,114,92,57,38,54,77,24,35,45,37,55
202111112045,107,65,53,113,82,57,28,59,83,23,35,36,41,53,104,68,52,116,85,58,34,61,78,23,36,40,40,54
202111112100,93,63,53,117,76,56,32,51,75,22,29,32,41,53,91,65,52,118,79,56,36,53,71,23,31,37,39,54
202111112115,95,60,48,121,76,54,33,50,76,26,29,36,39,47,93,63,47,122,79,55,37,52,72,26,31,40,38,48
202111112130,84,55,46,123,66,54,31,50,79,25,29,36,40,52,82,57,45,123,69,55,36,52,75,25,31,40,39,53
202111112145,84,54,47,120,68,58,30,43,85,26,33,37,34,59,82,57,47,121,71,59,36,46,80,26,34,42,34,59
202111112200,86,59,51,116,69,56,31,46,91,22,35,38,33,59,84,61,51,117,72,58,37,49,85,22,35,43,33,60
202111112215,80,58,47,116,67,52,32,41,86,26,34,38,35,57,78,60,47,117,69,54,38,44,81,26,35,43,35,57
202111112230,76,57,46,123,63,49,30,45,81,26,34,37,36,59,74,58,46,123,65,51,35,48,77,26,35,42,35,59
202111112245,81,56,46,118,53,47,26,42,83,21,37,34,29,62,78,58,46,118,56,49,32,45,78,21,37,40,29,62
202111112300,70,54,43,110,50,43,25,38,81,21,35,36,28,58,68,55,43,110,53,45,31,41,76,21,35,41,28,58
202111112315,71,53,40,102,48,39,23,35,79,20,31,32,25,54,68,55,40,103,51,42,29,38,74,20,31,37,25,54
202111112330,64,52,36,99,42,37,19,33,73,17,30,27,22,54,61,53,37,99,45,40,25,36,68,17,30,32,22,54
202111112345,61,52,39,92,40,32,20,32,72,16,29,29,23,49,59,53,39,92,43,35,25,35,67,16,29,33,23,49
202111120000,69,49,37,129,52,37,20,41,68,34,26,30,34,44,67,51,37,128,55,39,25,43,64,33,27,34,33,45
202111120015,63,44,0,139,54,0,0,23,0,31,0,0,39,0,61,46,0,137,56,0,0,24,0,29,5,1,35,0
202111120030,62,41,0,132,50,0,0,10,0,27,0,0,33,0,60,43,0,130,52,0,0,11,0,25,4,1,29,0
202111120045,52,40,0,124,44,0,0,7,0,22,0,0,32,0,50,41,0,122,46,0,0,8,1,20,4,1,29,0
202111120100,48,40,0,122,42,0,0,7,0,18,0,0,29,0,46,41,0,120,44,0,0,8,1,17,4,1,26,0
202111120115,42,36,0,112,36,0,0,6,0,16,0,0,27,0,40,37,0,110,38,0,0,7,1,15,3,1,24,0
202111120130,35,35,0,102,34,0,0,8,0,17,0,0,29,0,33,35,0,100,36,0,0,9,1,16,3,1,26,0
202111120145,36,34,0,99,32,0,0,7,0,16,0,0,25,0,34,34,0,98,34,0,0,8,1,15,3,1,22,0
202111120200,33,38,0,99,37,0,0,7,0,15,0,0,26,0,32,38,0,97,38,0,0,8,1,14,3,1,23,0
202111120215,28,33,0,95,33,0,0,6,0,14,0,0,27,0,27,33,0,93,34,0,0,7,0,13,3,1,24,0
202111120230,28,28,0,94,29,0,0,7,0,13,0,0,28,0,26,28,0,92,31,0,0,8,1,12,3,1,25,0
202111120245,23,28,0,91,28,0,0,7,0,15,0,0,26,0,21,28,0,89,29,0,0,8,1,14,3,1,23,0
202111120300,24,29,0,90,28,0,0,8,0,13,0,0,26,0,23,29,0,88,29,0,0,9,1,12,3,1,23,0
202111120315,26,29,0,86,27,0,0,9,0,11,0,0,23,0,25,29,0,84,29,0,0,10,1,10,3,1,21,0
202111120330,24,28,0,85,26,0,0,8,0,12,0,0,22,0,23,28,0,84,27,0,0,9,0,11,3,1,20,0
202111120345,24,30,0,85,24,0,0,7,0,12,0,0,24,0,22,30,0,84,26,0,0,8,0,11,3,1,21,0
202111120400,26,33,0,79,26,0,0,7,0,12,0,0,24,0,24,32,0,78,28,0,0,8,0,11,3,1,21,0
202111120415,23,25,0,79,27,0,0,8,0,12,0,0,16,0,22,25,0,78,28,0,0,9,0,11,2,1,14,0
202111120430,23,24,0,85,24,0,0,9,0,13,0,0,15,0,22,24,0,83,26,0,0,10,0,12,2,1,13,0
202111120445,18,23,0,82,22,0,0,7,0,13,0,0,12,0,17,23,0,80,23,0,0,8,1,12,1,1,11,0
202111120500,25,28,0,79,20,0,0,6,0,13,0,0,19,0,23,28,0,77,22,0,0,7,1,12,2,1,17,0
202111120515,29,27,0,77,24,0,0,8,0,14,0,0,22,0,27,28,0,76,26,0,0,9,1,13,3,1,20,0
202111120530,25,27,15,78,22,10,9,13,29,20,9,17,22,20,23,27,15,77,24,12,11,15,28,19,11,19,21,20
202111120545,20,25,18,52,15,10,8,15,30,12,13,14,10,22,18,25,18,52,17,12,10,17,28,12,13,16,10,22
202111120600,26,26,17,54,15,17,7,20,38,14,17,17,14,25,24,26,17,54,17,19,10,22,35,13,17,19,14,25
202111120615,25,28,22,54,18,18,9,23,46,15,18,20,12,27,23,28,22,54,20,20,13,25,43,14,18,22,12,27
202111120630,27,30,24,58,17,17,16,26,47,21,21,27,14,32,25,30,24,58,19,20,19,28,44,20,21,29,15,32
202111120645,31,29,23,58,20,22,16,33,52,26,24,26,13,31,29,29,23,59,22,25,20,35,49,25,23,28,14,31
202111120700,34,35,23,71,25,28,16,43,53,33,24,33,21,38,32,35,23,71,27,30,20,45,50,32,24,36,22,37
202111120715,38,38,31,72,37,35,17,45,63,33,24,38,20,42,36,38,31,72,39,37,22,47,59,32,24,41,21,42
202111120730,43,37,31,71,45,42,14,55,67,32,23,48,24,46,42,38,31,72,47,44,20,57,62,31,24,51,26,46
202111120745,45,42,29,73,44,43,14,51,64,34,22,50,30,50,43,42,30,74,46,44,19,53,60,33,23,53,31,49
202111120800,48,40,32,76,55,41,14,55,57,37,20,44,35,51,47,41,33,77,56,42,19,57,53,35,22,48,35,50
202111120815,50,34,31,71,55,38,13,50,53,36,24,40,35,41,49,36,31,72,56,38,17,52,50,34,26,43,35,41
202111120830,45,34,29,79,54,37,13,41,51,37,24,45,30,31,44,35,28,79,55,37,17,43,48,35,25,46,31,32
202111120845,42,30,26,73,58,31,12,42,52,36,24,42,29,33,42,31,26,73,58,32,16,44,48,34,25,44,30,33
202111120900,35,34,24,65,52,33,12,42,47,33,19,44,28,30,34,34,24,65,52,34,16,43,44,32,20,45,29,30
202111120915,33,34,31,62,54,30,13,42,42,34,20,44,28,27,32,34,30,62,54,30,16,43,40,32,21,45,29,28
202111120930,37,33,31,66,49,30,11,36,42,32,23,47,31,27,36,33,30,66,50,30,14,38,39,30,24,47,32,28
202111120945,41,31,27,69,52,27,11,34,39,36,27,44,35,26,40,32,26,69,53,28,14,36,37,34,29,45,35,27
202111121000,43,34,27,73,54,27,8,32,37,29,24,46,36,22,42,35,26,73,55,27,11,33,35,27,26,46,36,23
202111121015,44,34,22,76,60,24,11,39,34,30,25,44,32,26,43,35,22,76,60,24,13,40,32,29,26,45,32,26
202111121030,48,32,25,74,64,22,9,36,37,31,23,40,32,29,48,33,25,75,64,23,12,38,35,29,25,41,32,29
202111121045,44,34,28,71,62,27,12,40,37,30,21,42,34,30,44,35,27,72,62,27,15,42,35,29,23,43,34,30
202111121100,41,37,27,78,59,33,10,32,34,33,26,38,38,29,40,37,26,78,59,32,12,34,32,31,28,39,37,29
202111121115,44,37,25,77,56,35,9,40,37,35,21,35,34,25,43,38,24,77,57,34,12,41,35,33,23,36,33,25
202111121130,53,40,28,73,62,40,7,41,45,34,25,37,33,31,52,41,28,74,63,40,11,43,42,32,26,39,33,31
202111121145,64,46,28,78,66,41,7,40,45,37,24,40,31,33,63,48,28,79,67,40,11,42,42,35,25,42,31,33
202111121200,62,55,28,85,66,43,9,38,49,37,20,34,39,35,61,55,28,86,67,42,13,40,46,35,23,36,38,35
202111121215,65,58,24,86,51,41,11,33,57,36,21,33,35,38,63,58,24,87,54,42,16,35,53,34,23,36,34,37
202111121230,75,51,30,86,56,38,13,37,51,38,21,33,36,36,73,53,30,88,59,38,17,39,48,36,23,36,35,36
202111121245,66,48,32,80,57,38,11,34,44,38,22,31,38,38,64,50,32,82,59,38,14,36,41,36,24,34,37,38
202111121300,62,42,35,77,58,42,10,35,44,36,19,28,38,34,60,44,34,79,60,41,14,37,41,34,22,31,36,35
202111121315,54,39,31,81,60,36,9,37,44,37,16,33,37,38,53,41,31,82,61,36,13,39,41,35,19,36,36,38
202111121330,51,43,25,77,66,35,9,36,40,38,19,36,33,32,50,44,25,78,67,35,12,38,38,36,21,38,33,32
202111121345,51,37,25,69,64,34,8,37,42,38,23,35,37,31,50,38,25,70,65,34,12,39,39,36,25,37,36,31
202111121400,50,48,24,75,70,30,9,37,41,37,22,45,35,33,50,48,24,76,70,31,12,39,38,35,24,46,35,33
202111121415,51,40,29,83,66,30,8,40,42,36,22,42,31,30,50,41,28,83,66,31,12,42,39,34,24,43,31,31
202111121430,56,42,29,77,65,29,10,40,35,32,21,45,36,28,55,43,28,78,66,29,13,41,33,30,23,46,36,29
202111121445,57,38,26,72,62,27,10,37,37,33,23,41,36,29,56,40,25,74,63,27,13,39,35,31,25,42,36,29
202111121500,53,39,25,78,59,29,8,34,41,30,23,39,37,30,52,40,25,79,60,29,12,36,38,28,25,40,36,30
202111121515,48,39,26,80,58,28,8,32,40,30,23,40,37,30,47,40,26,80,59,28,11,34,37,28,25,41,37,30
202111121530,55,38,26,77,61,29,11,38,39,30,20,40,33,30,54,40,26,78,62,29,14,40,37,29,22,41,33,30
202111121545,58,38,29,73,60,28,9,39,38,28,21,35,30,29,57,40,28,75,61,28,12,41,36,27,23,37,30,30
202111121600,61,39,25,77,63,28,8,41,40,32,22,35,31,29,60,41,25,79,64,29,11,42,37,30,23,37,31,29
202111121615,55,41,29,75,64,31,8,44,37,30,24,36,28,33,54,42,29,76,65,31,11,45,35,29,25,38,28,34
202111121630,64,47,31,77,69,28,9,49,39,36,21,42,34,35,63,48,31,79,70,28,12,50,37,34,23,44,34,35
202111121645,74,46,35,75,78,40,11,63,43,33,25,58,28,33,73,48,34,77,79,39,14,64,40,31,26,58,30,34
202111121700,71,46,35,84,85,42,10,72,48,35,28,64,33,38,70,48,34,86,85,42,14,73,45,33,29,65,35,39
202111121715,74,52,40,83,84,48,13,80,52,37,27,64,35,40,73,54,39,85,85,47,17,81,49,35,28,65,37,41
202111121730,77,55,37,84,80,42,15,74,59,37,23,65,39,43,76,57,37,86,81,43,20,75,55,35,25,66,41,44
202111121745,95,61,43,88,93,51,18,60,61,35,23,55,37,44,94,64,42,91,95,51,23,62,57,34,25,57,38,45
202111121800,106,63,41,87,97,54,18,59,60,35,27,56,40,48,104,67,41,91,99,53,22,61,56,34,29,58,41,49
202111121815,105,64,46,83,99,55,24,69,59,36,27,50,46,41,104,67,45,87,101,54,28,70,56,35,30,52,46,43
202111121830,114,67,53,87,107,59,22,68,66,34,29,48,46,47,112,71,52,92,109,58,27,69,62,33,32,51,45,49
202111121845,118,74,51,86,106,64,20,66,71,33,29,46,46,54,116,77,50,91,108,63,25,68,66,32,31,50,45,55
202111121900,127,72,59,101,98,65,19,62,79,37,31,54,43,59,124,77,58,106,101,64,25,64,74,36,33,58,43,61
202111121915,129,89,51,99,97,61,20,63,81,35,34,48,40,55,126,92,50,104,101,61,26,65,76,34,35,52,40,56
202111121930,132,83,54,106,97,65,18,56,77,29,34,47,41,51,129,87,53,111,101,64,24,58,72,28,35,50,41,53
202111121945,122,90,58,106,97,63,17,51,78,28,33,48,39,48,120,92,56,110,100,63,24,53,72,27,34,51,39,50
202111122000,123,89,62,110,98,64,16,53,88,28,32,48,40,53,121,91,60,114,101,65,24,55,81,27,34,52,40,55
202111122015,117,87,58,109,91,63,20,46,86,30,31,44,41,58,115,89,57,113,94,63,27,49,80,29,33,48,41,60
202111122030,117,88,53,117,88,60,18,46,86,31,32,43,38,58,115,90,52,120,91,61,25,49,80,30,33,47,38,59
202111122045,119,87,64,112,85,59,16,44,81,27,34,42,40,55,116,89,62,116,89,60,23,47,75,26,35,46,40,58
202111122100,117,80,57,110,77,60,18,45,79,26,33,41,41,58,114,83,56,113,81,60,24,48,73,25,35,46,40,60
202111122115,103,72,52,118,78,56,21,46,85,22,31,36,38,62,100,74,52,120,81,57,28,49,79,22,32,41,37,63
202111122130,101,83,55,110,80,51,26,44,85,22,36,40,40,58,98,84,54,112,83,53,32,47,80,22,37,45,39,59
202111122145,91,77,56,106,66,56,28,40,90,20,39,42,37,62,88,78,56,108,69,58,35,43,84,20,39,47,37,63
202111122200,89,75,56,114,70,55,29,44,87,20,32,43,36,60,87,76,55,115,73,56,35,47,82,20,33,48,36,61
202111122215,87,70,57,114,67,48,29,44,93,20,32,44,38,56,85,71,56,115,70,51,36,47,87,20,33,48,38,58
202111122230,75,65,51,101,68,53,25,42,94,16,35,38,37,56,73,66,50,102,70,56,32,45,88,16,36,42,36,57
202111122245,72,57,45,106,67,53,27,40,91,14,35,35,37,49,70,58,44,107,69,55,34,43,85,15,36,39,36,50
202111122300,60,54,43,102,63,48,27,41,90,14,31,33,41,53,59,54,43,102,64,51,34,44,84,15,33,38,40,54
202111122315,64,55,41,96,56,46,25,40,88,15,28,32,36,48,62,56,41,97,58,49,32,43,82,16,29,36,35,49
202111122330,59,52,40,91,50,39,22,37,90,14,30,29,34,51,57,52,40,92,52,43,29,40,84,14,31,34,33,51
202111122345,59,51,39,85,52,36,21,33,87,11,25,29,30,52,57,52,39,86,54,40,28,36,81,12,26,34,29,52
202111130000,56,49,36,88,45,27,21,25,78,11,25,24,23,52,54,50,36,88,47,32,27,28,73,12,25,29,23,52
202111130015,49,38,32,79,44,19,16,21,73,11,22,17,11,34,47,39,31,80,46,24,22,24,68,11,21,20,11,35
202111130030,0,0,32,0,37,0,0,19,0,5,12,12,9,21,0,1,30,1,36,0,0,21,0,5,12,14,9,23
202111130045,0,0,30,0,41,0,0,18,0,3,12,11,9,19,1,1,28,1,40,0,0,20,1,3,12,13,9,21
202111130100,0,0,28,0,32,0,0,17,0,2,13,12,7,17,0,1,26,2,31,0,0,19,1,2,13,14,7,18
202111130115,0,0,25,0,34,0,0,16,0,3,12,12,6,15,0,1,24,2,33,0,0,18,1,3,12,14,6,16
202111130130,0,0,18,0,29,0,0,15,0,4,11,11,8,14,0,0,17,2,29,1,0,17,1,4,11,12,8,15
202111130145,0,0,21,0,28,0,0,17,0,3,11,11,8,12,0,0,20,2,28,0,0,19,1,3,11,12,8,13
202111130200,0,0,23,0,26,0,0,15,0,3,14,10,7,12,0,1,22,2,26,0,0,17,1,3,13,11,7,13
202111130215,0,0,21,0,19,0,0,14,0,2,11,10,7,10,0,1,20,1,19,0,0,15,1,2,11,11,7,11
202111130230,0,0,20,0,18,0,0,14,0,2,14,11,9,12,0,1,19,1,18,0,0,16,1,2,14,12,9,13
202111130245,0,0,20,0,16,0,0,13,0,3,13,10,8,13,0,1,19,1,16,0,0,15,0,3,13,12,8,14
202111130300,0,0,19,0,14,0,0,13,0,2,15,9,6,12,0,1,18,1,15,0,0,15,0,2,14,10,6,13
202111130315,0,0,17,0,16,0,0,11,0,3,12,9,8,14,0,1,16,2,16,0,0,13,0,3,12,11,8,14
202111130330,0,0,19,0,14,0,0,11,0,3,12,9,7,12,0,1,18,2,15,0,0,13,1,3,12,10,7,13
202111130345,0,0,18,0,15,0,0,11,0,3,13,9,6,14,0,1,17,2,16,0,0,13,1,3,12,11,6,15
202111130400,0,0,17,0,16,0,0,10,0,3,11,8,5,14,0,1,16,2,17,0,0,12,1,3,10,10,5,15
202111130415,0,0,18,0,14,0,0,9,0,3,11,8,4,16,0,1,17,1,15,0,0,11,1,3,10,10,4,16
202111130430,0,0,18,0,15,0,0,11,0,4,12,5,4,15,0,1,17,2,16,0,0,13,1,4,11,7,4,15
202111130445,0,0,16,0,13,0,0,10,0,3,11,7,4,15,0,1,15,2,14,0,0,12,1,3,10,9,4,15
202111130500,0,0,16,0,13,0,0,10,0,4,12,6,5,13,0,1,15,2,14,0,0,12,1,4,11,8,5,13
202111130515,0,0,17,0,12,0,0,13,0,4,13,8,6,12,0,1,16,1,13,0,0,15,1,4,12,10,6,13
202111130530,0,0,15,0,13,0,0,16,0,4,14,9,5,12,0,1,14,1,14,0,0,17,1,4,13,10,5,12
202111130545,22,14,17,32,17,11,10,23,26,8,17,11,12,18,20,15,17,33,19,12,12,25,25,8,17,13,12,18
202111130600,25,15,18,36,19,12,9,22,27,10,17,12,12,24,23,16,18,37,21,13,11,24,26,10,17,15,12,24
202111130615,29,18,20,45,24,18,7,19,28,9,21,15,14,26,27,19,20,46,26,19,9,21,26,9,21,18,14,26
202111130630,31,19,24,50,23,19,10,25,36,13,26,15,14,23,29,20,23,51,25,20,13,27,34,13,25,17,14,23
202111130645,31,22,26,57,21,25,12,24,40,18,29,20,13,24,29,23,25,58,23,26,15,26,38,17,28,22,13,25
202111130700,37,27,31,68,27,27,15,31,47,22,26,25,16,28,35,28,30,68,29,28,18,33,44,21,25,27,16,29
202111130715,44,31,31,75,28,26,14,31,54,28,26,26,20,33,42,32,30,75,31,28,18,33,51,27,26,29,20,34
202111130730,43,33,34,79,34,25,15,32,56,31,29,31,19,37,41,34,34,79,36,28,19,34,53,30,28,34,20,38
202111130745,40,35,35,78,42,29,16,35,63,34,28,31,18,38,39,36,35,78,43,32,21,37,59,33,27,34,19,39
202111130800,46,43,35,81,50,31,18,42,67,30,31,36,20,44,45,43,35,81,51,34,23,44,63,29,30,39,21,44
202111130815,47,46,36,92,52,27,20,41,66,30,29,40,21,49,46,46,36,92,53,30,25,44,62,29,29,44,22,49
202111130830,46,44,36,92,57,24,21,43,67,28,27,40,22,52,45,44,37,92,58,28,26,46,63,27,27,44,23,52
202111130845,51,45,35,88,60,29,18,42,61,26,30,40,21,47,50,46,35,88,61,32,23,44,57,25,30,43,22,47
202111130900,49,43,37,87,60,27,18,45,66,29,31,38,24,51,48,44,37,87,61,30,23,48,62,28,31,42,25,51
202111130915,51,45,37,87,60,23,20,47,70,29,30,37,25,48,50,45,37,87,61,27,25,49,66,28,30,41,26,48
202111130930,47,42,34,90,65,24,23,55,74,32,32,39,23,49,47,42,34,90,65,29,28,57,70,31,32,43,24,49
202111130945,56,41,34,89,70,21,23,54,69,31,33,40,27,53,55,42,35,89,70,25,28,56,65,30,33,44,28,53
202111131000,54,48,37,85,78,24,22,57,66,29,32,49,30,49,54,48,37,85,78,28,27,59,62,28,32,52,31,49
202111131015,55,49,42,86,80,21,21,57,63,34,32,47,29,44,55,49,41,86,80,25,25,59,59,33,32,50,30,45
202111131030,69,44,43,88,80,24,22,54,59,32,30,48,27,50,68,46,43,89,81,27,26,56,56,31,30,51,28,51
202111131045,70,49,47,95,77,24,19,51,55,28,31,46,28,47,69,51,46,96,78,27,23,53,52,27,31,49,29,48
202111131100,77,55,44,97,82,20,21,46,63,31,33,46,33,45,76,57,43,98,83,24,25,48,59,30,34,49,34,46
202111131115,81,53,40,94,88,24,17,49,62,35,35,42,30,52,80,55,40,96,89,27,22,51,58,34,35,46,31,52
202111131130,81,55,41,100,88,29,19,53,66,31,36,45,27,53,80,57,41,102,89,32,24,55,62,30,36,49,28,53
202111131145,92,61,44,98,88,29,17,53,65,33,37,46,31,48,90,64,43,100,90,32,22,55,61,32,37,49,32,49
202111131200,95,74,42,110,88,29,19,50,64,29,38,42,38,44,93,75,41,112,90,32,24,52,60,28,39,45,38,45
202111131215,98,83,38,113,86,30,22,46,67,25,36,40,36,51,96,84,38,115,88,33,27,48,63,25,37,44,36,51
202111131230,101,79,33,102,79,26,22,45,60,27,35,38,39,56,99,80,34,105,82,29,26,48,57,27,36,43,38,55
202111131245,98,65,33,113,78,25,20,43,59,30,36,33,31,55,96,68,34,115,81,28,24,46,56,29,36,38,31,54
202111131300,91,76,33,110,78,30,17,44,63,31,37,34,33,47,89,77,33,112,81,33,22,46,59,30,37,38,33,47
202111131315,83,73,32,95,81,28,17,42,60,30,39,37,33,46,81,73,32,97,83,31,22,44,56,29,39,40,33,46
202111131330,87,70,34,92,85,25,16,45,59,28,32,35,33,44,86,71,34,94,87,28,21,47,55,27,33,38,33,44
202111131345,85,64,33,92,81,23,17,51,58,31,30,39,28,40,84,66,33,94,83,26,21,53,54,30,30,42,28,40
202111131400,92,65,32,93,78,25,19,50,60,31,32,40,35,40,90,67,32,96,80,28,23,52,57,30,33,42,35,40
202111131415,90,64,33,96,75,26,21,51,57,33,32,39,37,42,88,66,33,98,78,28,25,53,54,32,33,42,37,42
202111131430,95,64,35,99,79,25,22,55,64,31,33,38,35,45,93,66,35,102,82,28,26,57,60,30,34,41,35,45
202111131445,94,63,31,92,94,22,23,53,53,30,35,41,32,40,93,65,31,95,95,25,26,55,50,29,35,43,32,40
202111131500,88,68,34,96,93,25,24,52,57,29,37,38,37,42,87,69,34,98,94,28,27,54,54,28,38,41,36,42
202111131515,94,67,35,94,84,28,21,48,57,32,34,40,40,44,92,69,35,97,86,30,25,50,54,31,35,43,39,44
202111131530,99,69,34,91,93,29,22,58,63,37,33,46,36,48,98,71,34,94,95,32,26,60,60,36,34,49,36,48
202111131545,101,74,33,101,91,28,24,57,59,35,35,47,33,47,99,76,33,104,93,30,28,59,56,34,35,50,34,47
202111131600,107,71,34,93,91,29,25,56,57,34,35,38,33,40,105,74,34,97,93,31,28,58,54,33,35,41,33,40
202111131615,98,74,34,99,85,29,26,55,63,35,39,39,33,38,96,76,34,102,87,32,30,56,60,34,39,41,33,39
202111131630,105,74,34,99,98,27,25,57,67,31,34,42,31,43,103,76,34,102,100,31,29,59,63,31,34,45,31,43
202111131645,111,79,44,94,103,33,24,62,69,32,32,43,30,45,109,81,43,98,105,36,29,64,65,31,32,46,31,46
202111131700,106,82,41,93,105,35,22,61,68,32,34,45,30,47,105,84,41,97,106,37,27,63,64,31,34,48,31,48
202111131715,115,80,46,97,103,38,23,56,69,34,35,47,34,46,113,83,45,101,105,40,28,58,65,33,36,50,34,47
202111131730,115,73,46,104,114,42,24,65,68,37,34,45,33,44,114,76,45,108,115,44,29,66,64,36,34,48,33,45
202111131745,119,81,53,107,109,42,23,63,68,34,38,43,34,42,117,84,51,111,111,44,28,64,64,33,38,45,34,44
202111131800,122,92,55,120,117,40,23,66,67,36,39,46,33,46,121,94,53,123,119,42,28,67,63,35,39,49,34,48
202111131815,133,93,57,123,109,43,24,65,69,32,37,41,34,54,131,96,56,127,112,44,29,67,65,31,37,45,34,56
202111131830,142,102,51,136,115,54,23,55,68,34,35,43,33,58,139,105,51,140,118,54,28,58,64,33,35,47,33,59
202111131845,154,113,49,147,121,47,26,47,74,37,32,43,32,50,151,116,48,151,125,48,31,49,70,36,32,47,32,51
202111131900,162,109,52,147,111,47,23,52,84,33,35,44,34,51,158,113,51,151,116,49,30,54,78,32,35,48,34,53
202111131915,154,111,49,146,108,48,22,48,88,32,36,45,36,51,150,114,48,150,113,51,29,50,82,31,37,48,36,52
202111131930,143,110,49,143,107,49,24,48,94,26,40,42,34,53,140,112,48,146,111,52,32,51,88,26,40,46,34,54
202111131945,146,109,53,145,105,50,24,57,89,27,38,36,32,50,143,111,52,149,109,53,31,59,83,27,38,40,32,52
202111132000,142,101,48,143,102,45,24,65,94,29,38,40,32,51,139,104,47,146,106,49,31,67,88,29,38,44,32,52
202111132015,130,93,48,133,100,43,23,58,94,33,38,42,35,55,128,96,48,136,103,47,31,60,87,32,38,46,35,56
202111132030,135,79,48,137,99,41,28,59,84,32,37,43,29,55,132,84,48,140,103,44,34,61,79,32,37,47,30,56
202111132045,127,79,52,141,96,42,27,57,91,36,35,35,31,59,124,83,52,143,99,46,34,59,85,35,35,40,31,60
202111132100,124,74,51,143,94,40,29,50,90,35,35,42,34,54,121,78,50,145,97,44,35,52,85,34,35,46,34,55
202111132115,111,73,48,141,96,40,28,45,96,32,33,38,34,56,109,76,48,142,98,45,35,48,90,32,34,43,34,57
202111132130,108,76,49,139,97,42,29,45,97,26,33,34,33,62,106,78,49,140,99,46,36,48,91,26,34,40,33,62
202111132145,102,70,49,136,86,37,31,40,95,26,29,34,35,59,100,72,49,137,88,42,38,43,89,26,30,39,34,60
202111132200,100,68,52,141,93,34,28,41,90,22,30,33,37,54,98,71,51,141,95,39,34,44,84,22,31,38,36,55
202111132215,93,66,50,138,89,37,29,36,87,25,29,31,34,55,92,68,49,138,91,41,35,39,82,25,30,36,33,56
202111132230,84,65,46,134,84,36,25,36,94,24,30,29,30,64,83,66,47,134,85,41,32,40,88,24,30,35,29,64
202111132245,79,66,41,132,68,42,24,37,97,22,29,29,30,59,77,67,42,132,70,46,32,40,90,22,30,35,29,59
202111132300,80,57,41,133,68,37,21,34,93,21,27,31,29,56,78,59,41,133,70,42,29,37,86,21,28,36,29,56
202111132315,70,56,40,123,61,34,28,34,83,21,27,30,36,55,68,57,40,122,63,38,34,37,78,21,29,35,35,55
202111132330,59,51,37,115,56,33,27,28,77,20,26,28,34,51,58,52,37,114,58,37,32,31,72,20,27,33,33,51
202111132345,57,48,35,109,47,29,21,32,72,16,26,27,28,44,55,49,35,108,49,33,26,35,67,16,27,31,27,44
202111140000,58,48,32,111,48,29,21,28,71,17,30,28,27,41,56,49,32,110,50,32,26,31,67,17,30,32,27,41
202111140015,51,45,33,121,55,24,16,28,83,16,33,32,25,38,50,46,33,119,56,29,23,30,77,16,33,35,25,38
202111140030,0,17,0,39,52,9,0,12,74,14,15,22,0,0,1,16,0,38,50,15,8,13,67,13,13,21,2,0
202111140045,0,15,0,35,43,10,0,10,71,14,12,20,0,0,1,14,0,35,42,16,8,11,64,13,11,19,2,0
202111140100,0,11,0,28,41,7,0,10,64,11,11,18,0,0,0,10,0,28,40,13,7,11,58,10,10,17,2,0
202111140115,0,12,0,26,38,5,0,8,63,9,10,14,0,0,0,11,0,26,37,11,7,9,57,8,9,14,1,0
202111140130,0,13,0,23,33,4,0,7,56,9,10,14,0,0,0,12,0,23,32,9,6,8,51,8,9,14,1,0
202111140145,0,12,0,23,31,4,0,7,54,8,10,11,0,0,0,11,0,23,31,9,6,8,49,7,9,11,1,0
202111140200,0,16,0,22,23,5,0,6,48,7,8,10,0,0,0,15,0,22,23,10,5,7,44,7,7,10,1,0
202111140215,0,12,0,20,20,3,0,8,42,7,9,8,0,0,0,12,0,20,20,7,5,9,38,7,8,8,1,0
202111140230,0,13,0,23,18,2,0,6,41,7,8,10,0,0,0,12,0,23,18,6,5,7,38,6,7,10,1,0
202111140245,0,9,0,22,19,3,0,6,36,8,7,9,0,0,0,9,0,22,19,6,4,7,33,7,6,9,1,0
202111140300,0,8,0,20,18,2,0,5,38,7,6,9,0,0,0,8,0,20,19,6,4,6,35,6,6,9,1,0
202111140315,0,7,0,20,17,2,0,5,38,6,6,10,0,0,0,7,0,20,17,6,4,6,35,5,5,10,1,0
202111140330,0,8,0,18,14,1,0,6,37,8,7,10,0,0,0,8,0,18,15,5,4,7,34,7,6,10,1,0
202111140345,0,7,0,18,18,1,0,5,37,6,7,10,0,0,0,7,0,18,18,5,4,6,34,6,6,10,1,0
202111140400,0,5,0,18,15,3,0,6,39,5,8,10,0,0,0,5,0,19,16,7,4,7,36,5,7,10,1,0
202111140415,0,6,0,14,16,3,0,6,38,5,6,8,0,0,0,6,0,15,17,7,4,7,35,5,5,8,1,0
202111140430,0,7,0,15,16,3,0,6,37,4,8,8,0,0,0,7,0,16,17,7,4,7,34,4,7,8,1,0
202111140445,0,8,0,15,16,3,0,7,36,3,8,7,0,0,0,8,0,16,17,6,4,8,33,3,7,7,1,0
202111140500,0,5,0,15,13,4,0,7,41,5,7,8,0,0,0,5,0,16,14,8,5,8,38,5,6,8,1,0
202111140515,0,5,0,14,15,4,0,6,37,4,8,11,0,0,0,5,0,15,16,7,4,7,34,4,7,11,1,0
202111140530,0,5,0,18,17,5,0,6,36,6,8,8,0,0,0,5,0,18,17,8,4,7,33,6,7,8,1,0
202111140545,17,10,12,32,14,8,8,8,32,9,12,10,5,9,15,11,11,33,16,10,11,10,30,9,12,11,5,9
202111140600,19,16,15,43,11,12,11,9,31,8,12,9,10,16,17,17,14,43,13,14,13,11,30,8,12,11,10,16
202111140615,19,20,14,39,14,17,12,11,35,8,12,10,12,20,17,20,14,40,16,18,14,13,33,8,12,12,12,20
202111140630,22,18,17,44,18,21,14,15,38,12,17,15,19,24,20,19,17,45,20,22,16,17,36,12,17,18,18,24
202111140645,26,20,19,46,19,25,14,17,38,17,23,17,20,24,24,21,19,47,21,26,16,19,36,17,23,19,19,24
202111140700,27,27,24,55,22,25,18,18,46,18,23,21,22,32,25,27,24,55,24,26,21,21,44,18,23,24,21,32
202111140715,30,35,22,58,26,26,14,23,48,23,26,22,27,34,28,35,22,58,28,28,18,25,45,22,27,25,26,34
202111140730,30,36,30,60,27,34,17,31,56,23,22,26,29,37,28,36,30,60,29,35,21,33,52,22,23,29,28,37
202111140745,36,44,29,61,30,36,19,33,63,26,21,31,31,44,34,43,29,62,32,38,24,35,59,25,22,35,30,44
202111140800,36,44,28,71,40,41,17,36,70,26,26,34,33,48,35,43,29,71,41,43,23,39,65,25,27,38,33,47
202111140815,36,48,31,68,47,40,16,41,66,27,28,41,31,45,35,47,31,68,48,41,21,43,62,26,29,44,31,45
202111140830,39,42,32,72,50,45,15,43,67,27,26,40,37,48,38,42,33,72,51,46,20,45,62,26,28,44,37,48
202111140845,42,45,33,66,50,44,20,42,66,30,25,43,47,49,41,45,34,67,51,45,25,45,62,29,28,47,46,49
202111140900,48,45,34,71,57,47,24,43,68,35,28,47,50,51,47,45,35,72,58,48,29,46,64,34,31,50,49,51
202111140915,49,43,32,74,62,46,21,44,76,32,32,44,48,49,48,43,33,75,63,48,27,46,71,31,34,47,47,49
202111140930,53,42,31,69,60,49,21,43,72,30,32,48,51,51,52,43,32,70,61,50,26,46,67,29,35,51,50,50
202111140945,59,45,36,68,63,48,23,47,67,34,34,51,54,49,58,46,36,70,64,49,28,49,63,33,37,54,53,49
202111141000,66,48,42,70,71,44,23,52,62,35,34,47,59,49,65,49,42,72,72,45,27,54,59,34,38,50,57,50
202111141015,65,53,44,72,68,40,25,54,60,34,32,52,60,50,64,54,44,74,69,41,29,56,57,33,36,55,58,51
202111141030,69,56,45,69,70,44,26,57,59,29,32,53,51,50,68,57,44,71,71,44,29,59,56,28,35,56,50,51
202111141045,73,58,47,72,77,39,25,57,58,30,37,52,46,55,72,59,47,75,78,40,28,59,55,29,39,55,46,56
202111141100,83,63,41,72,76,44,23,59,64,27,37,49,47,59,81,64,41,75,78,45,27,61,60,27,39,53,46,59
202111141115,76,63,44,70,76,42,25,56,52,24,36,51,48,58,75,64,44,73,77,42,28,59,50,24,38,55,47,58
202111141130,77,66,42,76,71,45,23,56,52,29,34,52,51,50,76,67,42,79,73,45,26,58,50,28,37,55,50,50
202111141145,85,78,42,81,63,49,23,58,53,25,36,49,53,51,83,78,42,84,66,48,26,60,51,25,39,52,52,51
202111141200,92,88,45,81,68,49,24,61,61,26,36,49,50,58,89,88,45,84,71,49,28,63,58,26,38,53,49,58
202111141215,97,74,42,85,78,48,18,61,64,31,36,45,45,53,95,76,42,88,81,48,23,63,60,30,38,49,44,53
202111141230,99,87,44,88,83,55,24,55,67,34,38,40,43,52,97,87,44,91,85,55,28,57,63,33,39,44,42,53
202111141245,105,84,40,87,78,48,24,48,64,32,43,39,45,51,102,85,40,91,81,48,28,50,60,31,44,43,44,51
202111141300,100,82,38,84,80,51,26,46,66,32,41,43,45,50,97,83,38,88,83,51,30,48,63,31,42,46,44,50
202111141315,93,73,34,88,74,47,24,42,59,31,41,48,44,51,90,74,35,91,77,47,28,45,56,30,42,51,44,51
202111141330,89,70,37,89,75,44,21,39,58,38,40,49,43,50,87,71,37,92,77,44,25,42,55,37,41,52,43,50
202111141345,90,74,37,89,80,43,21,45,57,36,37,39,41,50,88,75,37,92,82,43,25,47,54,35,38,43,40,50
202111141400,102,79,38,96,84,46,19,46,61,38,38,42,38,45,100,80,38,99,87,46,23,48,57,37,39,45,38,46
202111141415,103,73,38,91,77,48,19,52,59,31,40,42,41,44,100,75,38,95,80,48,23,54,56,30,41,45,40,45
202111141430,94,65,42,87,83,42,20,43,62,35,34,43,37,50,92,67,42,90,85,43,24,46,58,34,35,47,37,51
202111141445,92,69,44,85,80,43,22,43,62,30,29,44,38,49,90,71,44,88,82,44,26,46,58,29,31,47,38,50
202111141500,94,69,47,83,89,51,26,43,58,32,30,42,37,53,93,71,47,86,91,50,29,46,55,31,31,46,37,54
202111141515,93,63,45,84,88,48,27,43,53,30,29,43,37,52,91,65,45,87,90,47,30,46,51,30,30,47,37,53
202111141530,100,66,45,85,90,48,27,51,62,30,31,44,40,55,98,69,45,89,92,48,31,53,59,30,33,48,40,56
202111141545,96,72,46,82,90,40,27,51,63,29,32,49,39,52,94,74,46,85,92,41,31,53,60,29,33,52,39,53
202111141600,98,70,52,88,102,43,25,58,62,32,30,48,42,47,97,72,51,91,103,44,29,60,59,31,32,51,42,49
202111141615,98,67,46,77,96,45,20,65,65,33,30,46,39,46,97,69,45,81,98,46,25,66,61,32,32,49,39,47
202111141630,94,71,48,78,89,48,23,57,65,35,29,47,36,49,93,73,47,82,91,49,27,59,61,34,30,50,36,50
202111141645,96,72,50,83,91,46,24,55,57,39,32,48,35,47,94,74,49,86,93,46,27,57,54,38,33,51,36,49
202111141700,96,73,50,82,87,51,27,67,61,41,32,48,37,55,94,75,50,86,89,51,30,69,58,40,33,52,37,56
202111141715,100,69,45,82,92,54,25,66,70,36,32,49,36,61,98,71,45,86,94,54,30,68,66,35,33,53,36,61
202111141730,102,78,48,79,102,54,25,65,72,34,34,45,43,53,101,79,47,83,103,54,30,67,68,33,36,49,42,54
202111141745,119,89,44,85,103,54,30,64,66,38,37,49,37,54,117,91,44,90,105,54,34,66,63,37,38,53,37,55
202111141800,113,78,49,90,108,58,28,62,67,38,37,52,43,54,112,80,49,94,110,57,32,64,64,37,38,55,43,55
202111141815,128,82,48,98,104,61,28,53,69,36,37,41,45,55,125,85,48,103,107,60,32,55,66,35,39,45,44,56
202111141830,128,79,51,100,113,68,26,56,74,33,42,39,51,59,126,83,51,105,115,67,31,59,70,32,44,44,49,60
202111141845,133,79,56,85,107,67,32,50,81,27,43,42,50,59,131,83,55,91,110,66,37,53,77,27,44,47,48,60
202111141900,126,82,58,96,105,66,31,55,79,35,36,43,52,61,124,85,57,101,108,65,36,58,75,35,38,48,50,62
202111141915,114,77,56,98,109,70,27,53,75,36,35,43,46,60,113,80,55,102,111,68,32,56,71,35,37,48,45,61
202111141930,109,71,61,100,101,65,29,53,73,31,38,51,47,66,107,74,60,104,103,64,34,56,69,31,40,56,47,67
202111141945,106,69,56,102,93,68,29,50,70,32,37,42,44,67,104,72,56,105,95,66,33,53,66,32,38,47,43,68
202111142000,113,72,54,104,82,66,27,47,65,31,36,40,50,61,110,75,54,108,85,64,31,50,62,31,38,45,48,62
202111142015,104,71,50,103,78,63,27,49,75,26,42,36,52,58,101,74,50,106,81,62,32,52,71,26,44,41,50,59
202111142030,106,68,51,98,74,60,28,43,80,24,43,34,52,58,103,71,51,101,77,60,33,46,75,24,45,39,49,59
202111142045,103,61,49,101,75,62,29,47,74,28,43,35,46,60,100,65,49,104,78,61,33,50,70,28,44,40,44,61
202111142100,106,64,55,104,71,60,24,46,74,29,41,45,48,56,103,68,54,107,75,60,29,49,70,28,43,49,47,57
202111142115,98,59,60,100,73,57,27,43,76,24,42,38,50,57,95,62,59,103,76,57,32,46,72,24,44,43,48,59
202111142130,99,61,55,96,67,52,34,41,83,24,40,38,49,58,96,64,54,99,71,54,39,44,79,25,42,43,47,59
202111142145,94,62,52,99,65,54,32,37,93,25,42,40,45,58,91,65,52,102,68,56,38,40,87,25,43,45,44,59
202111142200,98,63,49,106,63,50,33,42,96,25,36,37,42,55,95,66,49,109,67,53,40,45,90,25,37,42,41,56
202111142215,92,60,53,105,58,53,33,41,97,20,37,35,39,56,89,63,52,107,62,56,40,44,91,21,38,40,38,57
202111142230,84,57,49,105,54,47,31,38,95,19,40,39,36,56,81,59,49,106,58,50,38,41,89,20,40,43,36,57
202111142245,80,54,48,107,53,37,29,36,88,19,37,38,37,62,77,56,48,108,56,41,35,40,83,20,38,43,36,62
202111142300,77,41,50,100,55,40,34,33,78,14,37,32,35,62,74,44,50,101,58,43,38,37,74,15,37,38,34,63
202111142315,67,35,41,99,49,38,35,33,74,11,36,26,35,51,65,38,41,100,52,41,39,36,71,12,36,31,34,51
202111142330,65,36,36,96,43,35,30,28,68,13,33,28,31,45,62,39,36,97,46,38,34,31,65,14,33,32,30,45
202111142345,60,32,31,93,43,35,27,26,59,14,28,27,26,42,58,35,31,94,46,37,30,29,56,15,28,31,26,42
202111150000,57,40,32,89,40,32,26,26,61,14,27,24,26,39,55,41,32,90,43,34,29,29,58,15,27,28,25,39
202111150015,49,37,31,84,37,32,24,25,63,14,24,18,22,37,47,38,31,84,39,34,28,27,60,14,24,22,21,37
202111150030,47,31,29,79,33,23,23,20,59,12,26,19,21,30,45,33,28,79,36,26,27,22,56,13,26,22,20,31
202111150045,45,29,28,72,29,25,19,20,56,14,23,16,24,34,43,31,28,72,32,28,23,23,53,14,23,20,23,34
202111150100,41,27,30,70,27,20,20,17,57,12,24,15,21,28,39,29,29,70,30,23,24,19,54,12,24,18,20,29
202111150115,37,25,28,66,24,15,19,13,54,8,23,16,22,25,35,26,27,66,27,19,23,15,51,9,23,18,21,26
202111150130,37,24,25,65,25,13,17,14,51,9,18,13,23,24,35,25,24,65,28,17,20,16,48,9,19,16,22,25
202111150145,37,22,26,66,21,15,19,13,48,7,18,10,23,22,35,24,25,66,24,18,22,15,46,8,19,13,21,23
202111150200,40,22,20,84,24,14,17,16,60,8,20,13,25,14,38,24,19,83,27,18,21,18,56,8,21,14,23,15
202111150215,26,23,0,88,28,0,0,18,56,6,20,11,23,0,24,24,0,86,29,6,6,19,51,5,21,11,22,0
202111150230,29,25,0,89,28,0,0,16,53,5,17,11,22,0,27,26,0,88,30,6,6,17,48,5,18,11,21,0
202111150245,27,24,0,87,30,0,0,16,53,5,16,11,21,0,26,25,0,86,31,6,6,17,48,5,17,11,20,0
202111150300,24,22,0,80,26,9,0,16,46,7,19,11,22,0,22,22,0,79,28,13,5,17,42,7,20,11,21,0
202111150315,24,22,0,80,27,9,0,15,49,7,16,9,22,0,23,22,0,78,28,13,5,16,45,7,17,9,20,0
202111150330,22,23,0,76,28,9,0,14,45,5,18,9,19,0,21,23,0,75,29,13,5,15,41,5,19,9,18,0
202111150345,20,21,0,77,27,8,0,14,44,5,17,11,18,0,19,21,0,75,28,12,5,15,40,5,17,11,17,0
202111150400,20,19,0,79,28,8,0,12,47,5,17,13,19,0,19,19,0,77,29,12,5,13,43,5,18,13,18,0
202111150415,21,17,0,78,29,9,0,13,47,5,17,14,16,0,20,18,0,77,30,13,5,14,43,5,17,14,16,0
202111150430,20,16,0,78,26,9,0,13,45,5,17,14,18,0,19,17,0,77,27,13,5,14,41,5,17,14,17,0
202111150445,22,15,0,73,27,9,0,16,44,5,17,13,18,0,21,16,0,72,28,12,5,17,40,5,18,13,17,0
202111150500,25,16,17,52,18,12,10,14,42,9,16,12,17,14,23,17,16,52,20,15,14,16,39,9,17,14,16,15
202111150515,25,18,20,51,18,10,11,15,43,9,15,13,17,16,23,19,19,51,20,13,15,17,40,9,16,15,16,17
202111150530,25,18,18,51,19,11,11,16,46,9,18,14,18,20,23,19,18,51,21,14,15,18,43,9,18,16,17,20
202111150545,29,18,18,57,17,11,12,18,49,11,20,17,17,23,27,19,18,57,19,15,16,20,46,11,20,19,17,23
202111150600,31,20,20,53,19,16,16,18,48,14,23,16,19,26,29,21,20,54,21,19,19,20,45,14,23,19,19,26
202111150615,29,21,20,50,18,19,18,20,49,17,24,21,19,27,27,22,20,51,20,22,21,22,46,17,24,23,19,27
202111150630,34,25,21,52,25,21,20,24,50,21,24,28,20,31,32,26,21,53,27,23,23,26,48,21,24,30,20,31
202111150645,35,25,21,54,26,24,19,35,54,23,25,26,24,33,33,26,21,55,28,26,23,37,51,22,25,29,24,32
202111150700,39,28,27,58,31,22,20,42,57,32,28,33,24,37,37,29,27,59,33,25,24,44,54,31,28,36,24,37
202111150715,39,31,33,62,42,26,20,43,59,32,31,38,25,41,37,32,33,63,43,29,24,45,56,31,31,41,26,41
202111150730,45,34,37,62,43,37,23,58,62,36,29,41,25,41,43,35,36,63,45,38,27,60,59,35,29,43,26,42
202111150745,45,39,34,60,53,38,24,57,65,36,27,41,25,38,44,40,33,61,54,40,28,58,61,35,27,43,26,39
202111150800,48,40,36,61,68,35,25,53,58,37,26,40,30,39,47,41,35,62,68,36,28,55,55,36,27,42,30,40
202111150815,48,39,35,66,63,37,20,44,53,34,22,38,28,36,47,40,34,67,63,37,23,46,50,33,23,40,28,37
202111150830,43,34,29,64,46,34,18,46,48,34,22,32,27,28,42,35,28,65,47,34,21,47,46,33,23,34,27,29
202111150845,36,35,30,67,48,26,18,38,48,31,22,30,22,25,35,35,29,67,49,28,21,39,45,30,22,32,22,26
202111150900,34,32,24,65,42,28,16,36,44,29,20,30,24,23,33,32,23,65,43,29,19,37,42,28,21,31,24,24
202111150915,31,30,25,65,41,28,15,31,46,27,20,27,25,22,30,30,24,65,42,29,18,32,43,26,21,28,25,23
202111150930,29,30,27,64,43,25,17,34,41,32,19,23,24,26,28,30,26,64,43,26,19,36,39,31,20,25,24,27
202111150945,36,27,25,68,46,26,18,32,42,32,19,24,23,24,35,28,24,68,47,27,20,34,40,31,20,26,23,25
202111151000,37,28,26,70,50,27,19,33,37,32,18,26,25,24,36,29,25,70,51,27,21,35,36,31,19,28,25,25
202111151015,36,28,25,73,45,28,18,37,39,35,19,27,27,26,35,29,24,73,46,28,20,39,37,34,20,29,27,27
202111151030,38,27,29,67,56,29,17,39,46,31,18,28,31,27,38,28,28,67,56,30,20,40,44,30,20,30,30,28
202111151045,46,29,29,75,50,27,17,39,43,33,20,31,33,26,45,31,28,75,51,28,20,40,41,32,22,33,32,27
202111151100,50,31,30,70,49,29,19,42,39,33,17,30,31,26,48,33,29,71,51,29,21,43,37,32,19,32,30,27
202111151115,49,34,29,66,50,34,19,44,40,39,16,28,29,24,48,36,28,67,51,34,21,45,38,37,18,29,28,25
202111151130,57,38,31,68,57,38,22,40,45,35,21,31,30,28,55,40,30,69,58,38,24,41,43,34,23,33,29,29
202111151145,61,40,30,68,58,37,17,41,47,36,20,35,30,30,59,42,29,70,60,37,20,42,44,34,22,37,30,31
202111151200,61,50,29,69,57,41,16,40,48,34,20,33,36,33,59,51,29,71,59,41,19,42,45,33,22,35,35,33
202111151215,61,56,26,72,54,38,17,33,49,37,18,27,35,32,59,56,26,74,56,38,20,35,46,35,20,30,34,32
202111151230,56,56,27,77,53,38,16,32,44,35,19,21,30,34,54,56,27,78,55,38,19,34,42,34,21,24,29,34
202111151245,53,50,31,73,56,41,18,34,42,36,23,25,32,34,52,50,30,74,57,40,20,36,40,35,25,28,31,35
202111151300,49,49,29,69,52,44,15,38,43,37,21,29,34,35,47,49,29,70,53,43,18,40,41,35,23,32,33,35
202111151315,53,50,29,70,54,43,13,33,42,35,26,28,30,32,51,50,28,71,56,42,16,35,40,33,27,30,29,32
202111151330,58,44,33,68,48,41,14,35,37,40,24,29,24,29,56,45,32,70,50,40,16,37,35,38,25,31,24,30
202111151345,52,48,34,69,54,44,13,34,39,35,18,25,29,30,51,48,33,70,55,42,16,36,37,33,20,27,28,31
202111151400,50,48,32,66,52,40,15,35,41,40,17,26,32,31,48,48,31,67,53,39,18,37,39,38,19,29,31,32
202111151415,54,49,34,65,49,31,15,37,48,39,19,27,30,33,52,49,33,67,51,32,18,39,45,37,21,30,29,34
202111151430,41,42,30,63,50,27,15,36,47,37,19,26,28,35,40,42,30,64,51,28,18,38,44,36,20,29,27,35
202111151445,44,41,31,65,46,29,13,29,47,36,17,24,29,33,43,41,30,66,47,30,17,31,44,34,19,27,28,33
202111151500,45,36,33,65,51,30,18,32,41,39,17,26,28,35,44,37,32,66,52,30,20,34,39,37,19,29,27,36
202111151515,47,37,26,69,53,32,17,38,37,37,15,27,29,36,46,38,26,70,54,32,19,40,36,35,17,30,28,36
202111151530,46,35,23,69,57,31,17,40,35,39,14,27,27,37,45,36,23,70,58,31,19,42,34,37,16,30,26,37
202111151545,46,39,21,67,60,32,14,37,35,40,14,25,24,36,45,40,22,68,61,32,16,39,33,38,15,28,24,35
202111151600,55,42,25,71,58,32,13,35,40,38,15,27,26,34,53,43,25,72,59,32,16,37,38,36,17,30,26,34
202111151615,51,46,27,66,61,33,14,35,36,38,18,31,29,35,50,46,27,67,62,33,16,37,34,36,20,34,29,35
202111151630,54,41,34,64,61,37,14,46,43,36,17,31,28,43,53,42,34,65,62,37,17,48,41,34,19,35,28,43
202111151645,57,43,40,73,63,38,16,64,43,37,16,44,30,48,56,44,40,74,64,38,19,66,41,36,18,47,31,48
202111151700,58,52,39,69,70,46,17,67,46,38,17,49,33,42,57,52,38,71,71,45,20,68,44,36,19,51,34,43
202111151715,61,49,39,73,74,44,18,75,50,37,23,49,36,37,60,50,38,75,75,43,21,76,47,36,25,51,37,38
202111151730,68,50,42,74,72,50,20,81,50,35,25,43,36,39,67,52,41,76,73,49,23,82,48,34,27,45,36,40
202111151745,77,64,46,76,83,59,19,68,57,38,29,43,33,41,76,65,45,79,84,57,23,69,54,36,30,45,33,43
202111151800,90,72,50,79,86,60,22,70,56,37,28,45,37,46,88,73,49,82,88,58,25,71,53,36,30,48,37,48
202111151815,101,68,43,81,92,62,19,71,59,39,26,49,33,51,99,71,43,85,94,60,23,72,55,37,27,52,34,52
202111151830,98,66,43,85,85,64,24,62,71,34,29,41,42,50,96,68,43,89,87,63,29,64,67,33,31,45,41,51
202111151845,98,71,47,92,87,68,24,60,72,35,32,47,45,53,96,73,47,95,89,66,29,62,68,34,34,51,44,54
202111151900,108,76,49,97,95,66,25,70,80,34,35,45,45,53,106,78,48,101,97,66,31,72,75,33,37,49,44,54
202111151915,110,75,55,96,93,64,26,57,74,33,38,49,47,57,108,78,54,100,95,63,31,60,70,33,40,53,46,58
202111151930,110,78,47,97,94,62,28,62,77,29,42,51,47,54,108,80,47,101,96,62,33,64,73,29,43,54,46,55
202111151945,105,72,51,101,90,63,35,60,78,27,36,49,45,53,103,74,50,104,92,63,39,62,74,27,38,52,45,54
202111152000,102,75,50,100,100,69,29,54,83,25,32,50,44,56,101,77,50,103,102,68,35,56,78,25,34,54,44,57
202111152015,104,80,45,94,93,61,26,48,91,27,39,49,43,59,102,82,45,97,95,62,33,51,85,27,40,53,43,59
202111152030,104,75,45,88,89,53,28,47,96,30,38,44,41,58,102,77,45,92,91,56,35,50,90,30,39,48,41,58
202111152045,98,68,47,96,86,54,33,48,87,30,40,42,45,58,96,70,47,99,88,56,39,51,82,30,41,47,44,59
202111152100,98,65,50,89,81,53,31,47,88,30,37,42,44,60,96,68,50,92,83,55,37,50,83,30,39,47,43,61
202111152115,86,65,50,95,80,55,32,43,85,32,32,40,45,62,84,67,50,97,82,56,37,46,80,32,34,45,44,63
202111152130,89,63,45,98,78,57,33,48,87,31,35,44,43,64,87,65,46,100,80,58,39,51,82,31,36,49,42,64
202111152145,84,54,51,105,76,59,31,46,85,27,35,47,46,61,82,57,51,106,78,60,37,49,80,27,37,51,45,62
202111152200,95,52,44,103,71,54,28,41,91,25,33,46,42,65,93,56,45,105,74,56,35,44,85,25,35,51,42,65
202111152215,95,47,45,103,74,57,30,40,92,25,35,44,42,69,93,51,46,105,77,59,36,44,86,25,36,50,41,69
202111152230,83,44,44,106,67,52,28,42,94,26,35,39,44,61,81,48,44,107,70,55,35,45,88,26,37,44,43,61
202111152245,76,44,42,113,60,52,28,42,96,24,36,38,42,58,74,47,42,113,63,55,35,45,90,24,37,43,41,58
202111152300,68,44,38,112,60,50,29,40,85,24,31,33,36,54,66,46,38,112,62,52,35,43,80,24,32,38,35,54
202111152315,63,45,31,103,55,42,25,37,84,18,26,31,35,55,61,47,32,103,57,45,31,40,79,18,28,36,34,54
202111152330,57,40,35,96,54,37,22,31,70,13,27,30,33,56,56,42,36,96,56,39,27,34,66,14,28,35,32,55
202111152345,52,35,32,90,51,33,17,30,61,15,23,28,24,51,51,37,33,90,53,35,22,33,57,15,23,33,24,50
202111160000,52,37,29,79,46,29,17,27,64,18,23,24,22,44,50,38,29,80,48,32,22,30,60,18,23,28,22,43
202111160015,46,38,27,80,39,31,18,22,59,13,23,20,21,35,44,39,27,80,41,33,22,25,56,13,23,23,20,35
202111160030,39,38,27,69,30,27,18,18,55,11,22,18,21,29,37,38,26,69,32,29,22,20,52,11,22,21,20,30
202111160045,38,34,28,65,32,24,15,14,54,11,19,21,21,26,36,35,27,65,34,26,19,16,51,11,20,23,21,27
202111160100,39,31,22,63,32,23,18,13,55,10,17,21,22,24,37,32,21,64,34,26,22,15,52,10,18,23,21,24
202111160115,35,31,23,59,25,21,13,15,52,10,19,19,23,25,33,32,22,60,27,24,17,17,49,10,20,21,22,25
202111160130,37,26,20,59,23,18,12,15,53,10,20,18,21,24,35,27,20,60,26,21,16,17,49,10,21,20,20,24
202111160145,35,27,20,54,25,13,15,12,54,8,19,18,21,24,33,28,20,55,27,17,19,14,51,8,20,20,20,24
202111160200,32,25,17,65,28,11,13,14,63,7,19,19,22,16,30,26,16,65,30,16,18,16,59,7,20,20,21,16
202111160215,29,25,0,67,28,0,0,19,61,4,16,12,21,0,27,26,0,67,30,7,7,20,56,4,17,12,20,0
202111160230,26,27,0,66,25,0,0,20,59,4,16,12,19,0,24,27,0,66,27,6,6,21,54,4,17,12,18,0
202111160245,25,26,0,63,26,0,0,20,58,3,14,13,19,0,23,26,0,63,27,6,6,21,53,3,15,13,18,0
202111160300,25,23,0,57,24,6,0,19,55,5,16,14,20,0,23,23,0,57,26,11,6,20,50,5,17,14,19,0
202111160315,23,25,0,64,23,5,0,19,53,6,15,13,18,0,21,25,0,64,25,10,6,20,48,6,16,13,17,0
202111160330,23,24,0,65,22,5,0,19,53,7,16,12,19,0,21,24,0,64,24,10,6,20,48,6,17,12,18,0
202111160345,20,23,0,67,22,4,0,18,48,6,17,13,20,0,18,23,0,66,23,8,5,19,44,6,18,13,19,0
202111160400,19,20,0,66,22,3,0,19,47,6,15,12,22,0,18,20,0,65,23,8,5,20,43,6,16,12,21,0
202111160415,18,16,0,60,22,5,0,16,48,5,13,12,19,0,17,17,0,59,23,10,5,17,44,5,14,12,18,0
202111160430,21,15,0,59,22,6,0,16,48,7,16,13,17,0,19,16,0,59,24,10,5,17,44,7,16,13,16,0
202111160445,21,14,0,59,20,4,0,17,47,7,14,11,19,0,19,15,0,59,22,9,5,18,43,7,15,11,18,0
202111160500,23,15,14,49,14,12,10,16,44,9,18,13,18,13,21,16,13,49,16,15,14,18,41,9,18,14,17,13
202111160515,26,15,14,48,14,14,9,17,44,10,16,13,15,15,24,16,14,49,16,17,13,19,41,10,16,15,15,15
202111160530,29,17,15,48,17,13,11,17,46,13,18,15,14,17,27,18,15,49,19,16,15,19,43,13,18,17,14,17
202111160545,27,20,15,49,18,15,14,18,44,12,18,17,12,24,25,21,15,50,20,18,17,20,42,12,18,19,12,23
202111160600,24,16,14,50,22,18,14,22,45,9,20,16,12,28,22,17,15,50,24,20,17,24,42,9,19,19,12,27
202111160615,27,15,18,52,20,22,15,27,47,13,18,19,14,26,25,17,18,52,22,24,18,29,44,13,18,22,14,26
202111160630,29,21,18,57,21,23,21,25,50,17,23,20,15,28,27,22,18,57,23,25,24,27,48,17,22,23,15,28
202111160645,30,20,21,55,23,27,20,34,54,23,24,26,15,30,28,21,21,56,25,29,24,36,51,23,23,29,16,30
202111160700,35,28,28,61,27,31,20,44,60,30,25,30,20,32,33,29,28,62,29,33,24,46,56,29,25,32,21,32
202111160715,40,29,34,65,38,31,20,44,63,35,25,31,20,35,38,30,33,66,40,33,24,46,59,34,25,34,21,36
202111160730,40,31,34,65,47,37,19,57,65,34,24,33,22,41,39,32,34,66,48,39,24,59,61,33,24,36,23,41
202111160745,45,37,33,64,59,35,18,50,62,31,27,41,24,39,44,38,33,65,60,37,23,52,58,30,27,43,25,39
202111160800,48,37,32,72,60,38,16,46,60,38,24,38,25,37,47,38,32,73,61,39,21,48,56,36,25,40,26,38
202111160815,41,36,33,71,52,41,15,47,57,37,21,35,27,37,40,37,33,71,53,41,19,49,53,35,22,38,27,38
202111160830,38,33,28,68,46,38,16,35,54,37,22,31,21,38,37,34,28,68,47,39,20,37,51,35,22,34,21,38
202111160845,34,29,22,66,48,30,14,34,46,33,22,29,20,33,33,30,22,66,49,31,17,36,43,32,22,32,20,33
202111160900,29,27,24,68,43,31,15,33,44,31,20,30,24,31,28,27,24,68,44,31,18,35,42,30,21,32,24,31
202111160915,38,28,24,68,47,32,16,36,41,32,22,32,24,30,37,29,24,68,48,32,19,38,39,31,23,34,24,30
202111160930,33,31,23,66,44,30,15,35,40,31,20,29,26,34,32,31,23,66,45,30,18,37,38,30,21,32,26,34
202111160945,37,32,28,63,49,33,15,33,37,34,17,26,26,31,36,33,28,64,50,33,17,35,35,33,18,28,26,32
202111161000,36,32,30,67,49,32,16,32,38,43,18,25,31,33,35,33,29,67,50,32,18,34,36,41,20,28,30,34
202111161015,35,28,29,67,47,30,15,33,36,41,15,24,33,33,34,29,29,67,48,30,17,35,34,39,17,27,32,33
202111161030,39,29,25,72,49,31,14,33,38,38,16,29,35,29,38,30,25,72,50,31,16,35,36,36,19,31,34,29
202111161045,40,29,34,71,49,30,14,35,40,35,17,30,37,33,39,30,33,71,50,30,17,37,38,34,20,32,36,34
202111161100,37,33,33,70,47,30,15,40,39,35,23,37,34,36,36,33,32,70,48,30,17,42,37,34,25,39,34,37
202111161115,42,35,35,62,48,34,13,43,45,30,24,34,31,36,41,36,34,63,49,34,16,45,42,29,25,36,31,37
202111161130,48,41,31,67,51,40,13,39,43,30,20,37,34,37,47,42,31,68,52,39,16,41,41,29,22,39,34,37
202111161145,45,48,29,70,51,42,12,44,48,38,17,41,38,36,44,48,29,71,52,41,16,46,45,36,20,43,38,36
202111161200,50,52,32,74,59,44,13,39,52,35,19,38,36,38,49,52,32,75,60,44,17,41,49,34,21,40,35,38
202111161215,57,50,31,83,57,42,18,31,51,32,20,32,32,31,55,50,30,84,59,42,21,33,48,31,22,34,32,32
202111161230,56,53,31,83,53,42,17,32,46,36,20,30,32,31,54,53,30,84,55,41,20,34,44,35,22,32,31,32
202111161245,60,52,35,73,49,37,16,35,45,33,21,32,31,32,58,53,34,75,51,37,19,37,43,32,23,34,31,33
202111161300,56,52,34,75,44,37,13,35,47,30,20,33,26,33,54,52,33,76,46,37,17,37,44,29,21,35,26,34
202111161315,49,42,31,70,52,36,14,36,48,30,14,35,28,34,48,43,31,71,53,36,18,38,45,29,16,37,28,35
202111161330,47,39,28,68,52,35,11,36,46,30,16,36,33,35,46,40,28,69,53,35,15,38,43,29,18,38,33,35
202111161345,47,42,27,63,45,35,11,32,43,31,16,32,32,35,45,43,27,64,47,35,14,34,40,30,18,34,31,35
202111161400,46,41,31,64,50,30,12,35,42,32,17,31,32,31,45,42,30,65,51,30,15,37,39,31,19,33,31,32
202111161415,43,39,31,69,50,29,15,36,39,32,16,27,23,30,42,39,30,69,51,29,17,38,37,31,17,29,23,31
202111161430,44,39,30,70,48,30,13,38,40,34,15,31,29,29,43,39,29,70,49,30,16,40,38,33,17,33,29,30
202111161445,49,44,29,67,47,30,12,37,43,30,16,29,26,31,47,44,28,68,49,31,15,39,41,29,17,31,26,32
202111161500,54,37,30,66,48,35,16,32,42,37,14,27,27,30,52,39,29,68,50,35,19,34,40,35,16,29,26,31
202111161515,54,36,31,70,49,34,12,31,35,35,15,30,27,31,52,38,30,72,51,33,14,33,33,33,17,32,27,32
202111161530,51,39,31,68,54,36,15,37,34,34,17,30,24,30,50,40,30,69,55,35,17,39,33,33,18,32,24,31
202111161545,52,33,30,65,52,38,14,39,36,34,16,33,26,30,51,35,29,67,54,37,16,41,34,33,18,35,26,31
202111161600,51,39,27,60,51,38,12,43,36,33,17,31,28,31,50,40,27,62,53,37,14,45,34,32,19,33,28,31
202111161615,52,43,29,63,55,39,14,43,44,33,17,37,34,37,51,44,29,65,56,39,17,45,42,32,19,39,34,37
202111161630,55,45,33,67,52,40,15,55,44,33,20,37,32,37,53,46,33,69,54,39,18,56,42,32,22,39,32,37
202111161645,58,48,40,64,62,36,17,66,45,31,20,47,30,39,57,49,39,66,63,36,20,67,43,30,22,49,31,40
202111161700,65,41,37,69,62,37,16,70,49,34,20,53,32,37,63,43,36,72,64,37,19,71,46,33,22,54,33,38
202111161715,64,45,45,66,71,44,14,71,52,37,23,51,33,39,63,47,44,69,72,44,18,72,49,35,25,53,34,41
202111161730,61,47,42,69,78,46,16,72,51,38,26,49,42,42,60,48,41,71,78,45,20,73,48,36,28,51,42,43
202111161745,76,53,46,76,102,53,17,63,54,39,30,49,42,38,76,55,45,79,102,52,21,64,51,37,32,51,42,40
202111161800,90,56,49,75,97,60,18,68,60,39,34,51,48,46,89,59,48,79,98,58,22,69,56,38,36,54,47,48
202111161815,104,63,48,82,93,61,21,68,68,36,37,51,50,50,102,67,47,86,95,60,26,69,64,35,39,54,49,51
202111161830,106,71,55,91,92,72,24,62,79,27,38,52,50,50,104,74,54,95,94,71,30,64,74,27,40,55,49,52
202111161845,104,85,52,94,90,69,27,62,77,30,34,56,43,53,102,86,51,97,92,68,32,64,73,30,36,59,43,54
202111161900,112,81,54,92,94,67,26,63,79,31,37,57,46,62,110,83,54,96,97,66,31,65,74,31,39,61,46,63
202111161915,114,80,53,100,104,67,24,54,85,32,34,51,51,60,112,82,53,104,106,67,30,57,80,31,37,55,50,61
202111161930,110,76,58,106,103,66,22,57,81,33,36,49,51,59,109,79,57,109,105,66,28,59,75,32,38,53,50,61
202111161945,113,68,56,112,94,65,21,50,82,26,39,51,46,59,111,72,55,115,97,65,27,53,76,26,41,55,46,60
202111162000,108,73,54,103,90,59,19,57,82,26,37,50,38,57,106,76,53,106,93,59,26,59,76,25,38,54,38,58
202111162015,108,74,48,105,88,55,22,55,80,28,37,46,38,53,105,77,47,108,91,56,28,57,75,28,38,50,38,54
202111162030,107,70,60,102,77,52,23,53,82,27,35,42,36,55,104,73,59,105,81,54,29,56,77,27,36,46,36,57
202111162045,106,69,61,106,72,60,24,49,88,24,41,39,33,58,103,72,60,109,76,61,31,52,82,24,41,44,33,60
202111162100,104,70,58,111,72,50,28,50,81,27,37,36,33,60,101,73,57,113,76,52,33,53,76,27,37,41,33,62
202111162115,101,67,57,108,72,52,23,47,79,26,34,31,34,63,98,70,56,110,75,53,29,50,74,26,35,37,33,64
202111162130,86,69,57,104,67,58,25,46,76,23,35,34,32,63,84,70,56,106,70,58,30,49,72,23,35,40,32,64
202111162145,84,59,58,101,65,50,23,48,72,21,34,34,41,63,82,61,57,103,68,51,28,51,68,21,35,40,40,64
202111162200,87,58,52,107,63,49,21,53,81,19,30,39,42,62,84,60,52,109,66,51,27,56,76,19,32,44,41,63
202111162215,82,53,47,107,64,47,22,46,88,19,33,35,37,62,79,56,47,108,67,50,29,49,82,19,34,40,36,62
202111162230,85,55,49,116,58,42,25,43,79,19,34,34,38,65,82,58,49,117,61,45,31,46,74,19,35,40,37,65
202111162245,77,51,49,110,61,37,19,40,83,20,32,38,31,57,75,53,49,111,64,41,26,43,77,20,32,43,31,58
202111162300,67,48,46,104,54,38,18,34,82,21,34,37,28,55,65,50,46,104,56,41,25,37,76,21,34,42,28,56
202111162315,64,51,42,95,53,33,17,32,83,19,36,34,28,52,62,52,42,96,55,37,24,35,77,19,36,39,28,53
202111162330,63,47,42,84,53,34,19,30,78,16,28,32,27,46,61,48,41,85,55,38,25,33,73,16,28,36,27,47
202111162345,64,42,38,83,49,32,17,27,72,16,26,27,26,39,62,44,37,84,52,35,23,30,67,16,26,31,26,40
202111170000,58,39,38,78,48,33,17,26,72,13,24,26,26,38,56,41,37,79,50,36,23,29,67,13,25,29,26,39
202111170015,45,35,29,70,39,24,13,23,65,11,24,21,15,28,43,36,28,70,41,27,18,25,60,11,23,24,15,29
202111170030,0,26,0,31,41,9,0,9,59,11,13,13,0,0,1,24,0,31,40,14,6,10,54,10,12,13,1,0
202111170045,0,23,0,32,36,10,0,9,55,14,10,11,0,0,1,21,0,32,35,14,6,10,50,13,9,11,1,0
202111170100,0,23,0,31,34,11,0,8,53,12,10,11,0,0,0,21,0,31,33,15,6,9,48,11,9,11,1,0
202111170115,0,22,0,32,30,9,0,8,48,10,9,11,0,0,0,20,0,32,30,13,5,9,44,9,8,11,1,0
202111170130,0,19,0,29,35,9,0,9,47,10,9,11,0,0,0,18,0,29,34,13,5,10,43,9,8,11,1,0
202111170145,0,21,0,32,35,8,0,9,46,9,8,11,0,0,0,19,0,32,34,12,5,10,42,8,7,11,1,0
202111170200,0,22,0,33,30,6,0,7,44,10,8,11,0,0,0,20,0,33,30,10,5,8,40,9,7,11,1,0
202111170215,0,22,0,35,27,6,0,7,42,8,9,11,0,0,0,20,0,35,27,10,5,8,38,8,8,11,1,0
202111170230,0,16,0,30,26,5,0,8,40,8,9,9,0,0,0,15,0,30,26,9,4,9,37,7,8,9,1,0
202111170245,0,18,0,30,25,5,0,7,39,9,9,11,0,0,0,17,0,30,25,9,4,8,36,8,8,11,1,0
202111170300,0,13,0,22,20,5,0,6,40,9,10,10,0,0,0,12,0,22,20,9,4,7,37,8,9,10,1,0
202111170315,0,12,0,21,19,4,0,6,37,9,9,8,0,0,0,11,0,21,19,7,4,7,34,8,8,8,1,0
202111170330,0,7,0,18,20,6,0,5,35,7,9,7,0,0,0,7,0,19,20,9,4,6,32,6,8,7,1,0
202111170345,0,8,0,19,15,7,0,6,36,7,8,7,0,0,0,8,0,19,16,10,4,7,33,6,7,7,1,0
202111170400,0,8,0,18,17,7,0,6,35,8,8,7,0,0,0,8,0,18,18,10,4,7,32,7,7,7,1,0
202111170415,0,7,0,18,15,8,0,7,37,8,9,8,0,0,0,7,0,18,16,11,4,8,34,7,8,8,1,0
202111170430,0,7,0,18,16,8,0,6,39,8,9,7,0,0,0,7,0,18,17,11,4,7,36,7,8,7,1,0
202111170445,0,7,0,15,15,8,0,6,40,8,9,7,0,0,0,7,0,15,16,11,4,7,37,7,8,7,1,0
202111170500,0,7,0,18,15,8,0,6,38,8,10,8,0,0,0,7,0,18,16,11,4,7,35,7,9,8,1,0
202111170515,0,7,0,23,14,9,0,6,39,10,10,7,0,0,0,7,0,23,15,12,4,7,36,9,9,7,1,0
202111170530,0,8,0,24,13,7,0,7,42,11,8,8,0,0,0,8,0,24,14,11,5,8,38,10,7,8,1,0
202111170545,24,20,18,48,16,16,12,21,44,15,21,15,13,16,22,21,17,48,18,19,15,23,41,15,20,16,13,17
202111170600,24,19,17,42,16,19,14,22,40,12,20,14,13,21,22,20,17,43,18,21,17,24,38,12,20,16,13,21
202111170615,28,17,20,40,20,18,15,24,44,13,23,16,13,24,26,18,20,41,22,20,18,26,42,13,22,18,13,24
202111170630,34,20,18,47,24,22,15,26,47,14,23,17,17,28,32,22,18,48,26,24,18,28,44,14,23,20,17,28
202111170645,30,24,20,53,24,24,17,37,52,17,25,21,20,32,28,25,20,54,26,26,21,39,49,17,25,24,20,31
202111170700,35,29,25,55,27,27,19,43,54,29,28,25,22,35,33,30,25,56,29,29,23,45,51,28,28,28,22,35
202111170715,34,35,27,56,33,30,18,43,62,32,27,29,24,35,32,35,27,57,35,33,23,45,58,31,27,32,24,35
202111170730,38,36,30,58,45,39,14,54,63,31,30,34,27,37,37,36,30,59,46,40,19,56,59,30,30,37,27,37
202111170745,39,40,33,52,52,41,16,43,58,30,29,34,25,35,38,40,32,53,53,41,20,45,54,29,29,36,25,36
202111170800,38,38,31,55,67,41,16,47,63,39,28,35,25,35,38,38,31,56,67,42,21,49,59,37,28,37,25,35
202111170815,38,40,32,57,68,34,16,43,52,34,20,32,24,35,38,40,32,58,67,35,20,45,49,33,21,35,24,35
202111170830,32,33,31,58,62,32,16,39,52,35,18,28,24,33,32,33,30,58,61,33,20,41,49,34,19,31,24,33
202111170845,31,31,23,62,59,29,15,36,44,34,16,29,23,27,31,31,23,62,59,30,18,37,42,32,17,31,23,27
202111170900,31,30,23,60,53,27,13,37,43,29,20,25,30,28,31,30,23,60,53,28,16,38,41,28,22,27,29,28
202111170915,33,30,28,61,50,30,12,40,47,32,17,25,29,30,32,31,27,62,50,31,16,42,44,30,19,28,28,31
202111170930,32,28,27,64,49,31,11,34,44,31,19,28,27,27,31,29,26,64,49,32,14,36,41,30,20,30,27,28
202111170945,33,33,30,67,50,29,12,40,44,28,17,30,24,28,32,33,29,67,50,30,15,42,41,27,18,32,24,29
202111171000,34,30,32,63,45,31,11,37,41,30,17,33,24,25,33,30,31,64,46,31,14,38,39,29,18,34,24,26
202111171015,33,29,26,60,49,27,9,36,40,30,17,39,24,28,33,29,25,60,49,28,12,38,37,29,18,40,25,29
202111171030,32,30,24,62,46,30,11,29,40,32,20,37,29,28,31,30,24,62,47,30,14,31,38,31,21,38,29,28
202111171045,42,32,26,61,47,33,10,30,35,31,20,32,30,26,41,33,25,62,48,32,13,32,33,30,22,33,30,27
202111171100,42,34,24,65,46,35,13,36,38,31,21,36,27,29,40,35,24,66,47,34,16,38,36,30,22,38,27,29
202111171115,37,37,26,66,56,33,11,37,41,32,23,31,26,32,36,37,26,66,56,33,14,39,39,31,24,33,26,32
202111171130,44,37,32,64,57,34,11,42,42,30,21,34,23,33,43,38,31,65,58,34,14,44,39,29,22,36,24,34
202111171145,56,43,32,62,66,37,13,44,48,31,20,31,23,34,55,44,31,64,67,37,17,46,45,30,21,33,23,35
202111171200,61,50,29,74,60,43,13,43,54,30,22,30,33,36,60,51,29,75,62,43,17,45,51,29,24,33,32,36
202111171215,63,47,25,79,60,44,11,44,51,31,18,28,35,39,62,48,25,80,62,44,15,46,47,30,20,31,34,38
202111171230,64,54,23,75,69,42,13,41,51,31,23,24,34,37,63,55,23,77,70,42,17,43,48,30,25,27,32,37
202111171245,58,48,25,70,64,35,14,38,43,30,25,25,26,34,57,49,25,72,65,35,17,40,41,29,26,28,25,34
202111171300,53,42,26,70,59,44,13,42,46,36,20,29,26,33,52,43,26,71,60,43,17,44,43,34,21,32,26,33
202111171315,60,41,24,66,64,42,11,42,42,36,23,26,25,29,59,43,24,68,65,41,14,43,39,34,24,28,25,29
202111171330,51,40,24,66,60,37,10,40,42,38,22,24,25,31,50,41,24,67,61,37,13,42,39,36,23,27,25,31
202111171345,52,36,23,67,51,32,10,36,43,35,22,28,24,26,50,38,23,68,53,32,13,37,40,33,23,30,24,26
202111171400,50,42,25,67,57,32,9,38,39,33,21,31,19,27,48,43,24,68,58,32,12,39,37,31,21,33,20,27
202111171415,49,38,23,68,51,31,12,37,41,31,20,31,18,26,47,39,23,69,52,31,15,38,39,30,20,33,19,26
202111171430,49,39,25,65,50,32,12,35,39,31,21,28,17,22,48,40,24,67,51,32,15,36,37,30,21,29,18,23
202111171445,55,35,24,67,55,32,9,33,36,28,19,26,21,28,54,37,24,69,56,32,12,35,34,27,20,28,21,28
202111171500,46,40,28,71,60,31,12,35,37,32,18,28,19,25,45,40,27,72,60,31,15,37,35,30,18,30,19,26
202111171515,47,40,28,76,55,32,14,38,47,34,19,34,24,26,46,41,27,77,56,33,17,39,44,32,20,35,24,27
202111171530,57,40,27,77,55,29,14,40,44,36,21,34,22,28,55,42,26,78,57,30,17,41,42,34,21,36,23,29
202111171545,62,35,21,71,57,27,13,38,40,31,19,30,23,26,60,37,21,73,59,28,16,39,38,30,20,32,23,26
202111171600,66,35,22,77,59,33,12,41,38,35,22,33,20,26,64,38,22,79,61,33,15,42,36,33,22,34,21,26
202111171615,61,45,23,72,56,34,13,39,37,33,22,34,26,26,59,46,23,74,58,33,16,40,35,32,23,35,26,26
202111171630,54,46,25,67,62,34,14,48,42,38,21,35,28,25,53,47,24,69,63,34,17,49,40,36,22,36,28,25
202111171645,61,45,29,72,71,34,12,67,47,36,19,47,28,30,60,46,28,74,72,34,16,67,44,34,20,48,29,31
202111171700,60,48,31,69,74,37,17,76,51,36,20,52,33,32,59,49,30,71,74,37,21,76,48,35,22,53,34,33
202111171715,67,50,36,71,86,35,18,72,56,34,24,52,29,36,67,52,35,73,86,36,22,73,53,33,25,53,31,37
202111171730,71,57,36,74,94,42,22,74,60,39,25,51,30,36,71,58,35,76,94,43,26,75,57,38,26,52,31,37
202111171745,83,64,40,73,88,48,20,60,62,39,27,53,35,40,82,65,39,76,89,48,24,61,59,38,29,54,36,41
202111171800,89,66,45,85,93,50,22,58,65,39,31,54,33,42,88,68,44,88,94,50,27,60,61,38,32,56,34,43
202111171815,97,63,55,84,94,57,22,58,63,38,35,49,30,49,96,66,54,88,96,56,26,60,59,37,35,52,31,51
202111171830,109,77,48,86,101,61,21,59,72,32,39,51,33,52,107,79,47,90,103,60,26,61,67,31,39,54,34,53
202111171845,108,71,46,91,101,66,23,58,71,41,39,51,33,57,106,74,46,95,103,65,28,60,67,40,39,55,34,58
202111171900,114,64,48,93,96,71,24,62,74,39,36,56,38,58,112,68,48,97,99,69,29,64,69,38,37,60,39,59
202111171915,107,64,47,91,97,64,27,57,84,40,35,53,37,56,106,67,47,95,99,64,33,59,79,39,36,57,38,57
202111171930,105,65,47,96,101,61,28,55,78,38,39,60,40,60,104,68,47,99,103,61,33,58,73,37,40,63,41,60
202111171945,112,68,47,87,98,53,25,58,80,33,37,57,38,67,110,72,48,92,100,54,31,61,75,32,38,61,39,67
202111172000,106,63,53,93,96,58,22,56,84,35,38,51,40,66,104,67,53,97,98,59,29,59,78,34,39,56,40,67
202111172015,102,60,51,95,94,59,24,53,78,36,40,44,41,73,101,63,52,98,96,59,30,56,73,35,41,50,40,73
202111172030,96,55,55,89,87,54,28,50,86,36,36,45,39,64,94,59,55,92,89,56,34,53,81,35,37,50,39,65
202111172045,92,53,53,87,86,51,27,51,88,31,35,39,39,63,91,56,53,90,88,53,33,54,83,31,36,44,38,64
202111172100,83,53,53,102,78,56,27,43,91,29,38,39,39,70,82,55,53,104,80,58,34,47,85,29,39,45,38,70
202111172115,86,50,56,100,78,58,33,42,87,32,36,33,39,71,84,53,56,102,80,59,39,46,82,32,37,40,38,72
202111172130,86,59,55,105,74,57,32,40,95,31,36,35,37,73,84,61,55,107,76,59,39,44,89,31,37,42,36,73
202111172145,84,58,52,114,65,47,31,40,90,29,36,35,42,70,82,60,52,115,68,50,37,44,85,29,37,41,40,70
202111172200,85,59,53,112,66,43,32,39,94,26,37,36,41,68,83,61,53,113,69,47,38,43,88,26,38,42,40,68
202111172215,79,53,54,110,62,44,28,38,96,24,39,33,38,65,77,55,54,111,65,48,35,42,90,24,39,39,37,65
202111172230,79,45,46,117,60,39,29,36,89,26,37,31,35,59,77,48,46,117,63,43,35,39,84,26,37,36,34,59
202111172245,80,40,44,107,57,35,24,35,91,25,35,32,37,57,78,44,44,108,60,40,31,38,85,25,36,37,36,57
202111172300,67,42,37,98,56,36,23,29,91,22,32,30,34,59,65,44,38,99,58,41,30,33,85,22,33,35,33,58
202111172315,64,47,37,97,48,35,25,28,81,20,29,26,30,53,62,48,37,98,51,39,31,31,76,20,30,31,29,53
202111172330,62,39,35,94,48,32,24,23,75,20,26,26,27,47,60,41,35,95,50,36,30,26,70,20,27,30,26,47
202111172345,59,35,33,94,48,26,20,22,73,19,24,24,26,43,57,37,33,95,50,30,26,25,68,19,25,28,25,43
202111180000,56,37,33,89,40,28,17,22,68,16,24,20,23,43,54,39,33,89,42,31,22,25,63,16,24,24,22,43
202111180015,53,45,29,96,35,27,16,20,67,16,22,17,22,37,51,46,29,96,38,30,21,23,62,16,22,21,21,37
202111180030,48,39,30,88,30,19,14,18,64,14,18,15,20,35,46,40,30,88,33,23,19,21,60,14,19,19,19,35
202111180045,44,38,28,78,28,19,14,16,59,12,16,16,19,33,42,39,28,78,31,23,19,19,55,12,17,19,18,33
202111180100,45,36,28,72,28,22,12,18,61,12,16,14,19,27,42,37,27,73,31,26,17,20,57,12,17,17,18,28
202111180115,42,35,27,65,26,24,9,15,53,9,16,13,16,27,39,36,26,66,29,26,14,17,49,9,16,16,15,28
202111180130,40,34,27,60,26,24,9,13,51,9,14,15,16,27,38,35,26,61,29,26,14,15,47,9,14,18,16,28
202111180145,42,30,30,63,23,21,11,11,48,9,14,12,14,28,40,31,29,64,26,23,15,14,45,9,14,15,14,29
202111180200,43,29,32,66,21,14,11,11,58,8,14,11,13,27,40,30,31,67,24,18,16,13,54,8,14,14,13,28
202111180215,38,29,30,67,18,0,3,10,62,7,10,12,13,24,36,30,29,67,21,6,9,12,57,6,11,15,13,25
202111180230,39,27,31,66,18,0,6,11,60,8,10,12,13,26,36,28,30,66,21,6,12,13,55,8,11,15,13,27
202111180245,39,25,31,63,18,0,5,10,54,9,11,10,13,24,36,27,30,64,21,6,10,12,50,9,11,13,13,25
202111180300,39,30,24,68,21,0,5,11,59,9,13,10,13,30,37,31,24,69,24,6,11,14,54,9,13,14,13,30
202111180315,24,29,0,68,18,0,0,9,47,10,13,11,11,30,22,29,2,67,20,5,5,12,43,9,13,14,11,28
202111180330,22,29,0,67,18,0,0,9,45,10,13,11,11,31,20,29,2,66,20,5,5,12,41,9,13,15,11,28
202111180345,22,28,0,65,21,0,0,11,45,9,12,9,11,27,20,28,2,64,23,5,5,14,41,8,12,12,11,25
202111180400,31,24,10,58,19,0,0,12,47,10,12,9,10,27,29,25,11,58,21,5,5,14,43,9,12,12,10,26
202111180415,31,23,9,57,15,0,0,15,49,10,14,0,8,28,29,24,10,58,18,5,5,17,45,9,14,4,7,27
202111180430,31,23,10,57,17,0,0,11,49,8,12,0,8,28,29,24,11,58,20,5,5,14,45,8,12,4,7,27
202111180445,31,20,11,52,17,0,0,10,49,9,15,0,7,30,29,21,12,53,20,5,5,13,45,8,14,4,6,29
202111180500,28,22,17,45,13,16,7,11,45,9,12,9,7,22,26,23,17,46,16,19,11,13,42,9,12,12,7,22
202111180515,30,19,18,46,15,15,9,13,41,8,13,9,7,19,28,20,17,47,18,18,12,15,38,8,13,11,7,19
202111180530,31,21,18,49,15,16,10,14,42,11,13,10,7,22,29,22,18,50,18,18,13,16,39,11,13,12,7,22
202111180545,29,18,19,48,18,18,12,17,41,11,15,12,10,24,27,19,19,49,20,20,15,19,39,11,15,15,10,24
202111180600,27,16,23,51,21,17,13,22,46,14,17,13,12,25,25,17,22,52,23,20,16,24,43,14,17,16,12,25
202111180615,28,16,27,56,21,20,13,20,48,15,19,16,12,28,26,18,26,56,23,22,17,22,45,15,19,19,12,28
202111180630,32,21,29,55,27,24,19,25,48,20,20,20,14,32,30,22,28,56,29,26,22,27,46,20,20,23,14,32
202111180645,35,24,33,57,27,26,21,34,54,25,27,21,17,31,33,25,32,58,29,28,24,36,51,25,26,24,17,32
202111180700,40,29,35,59,31,31,22,38,56,32,28,27,20,35,38,30,34,60,33,33,25,40,53,31,28,30,20,36
202111180715,45,34,39,62,44,38,20,43,62,35,27,34,29,42,44,35,38,63,46,39,24,45,58,34,28,37,29,43
202111180730,46,32,44,68,47,42,18,51,65,40,27,37,27,44,45,33,43,69,48,43,23,53,61,38,28,40,27,45
202111180745,50,39,38,66,55,42,14,52,63,29,25,41,32,45,49,40,38,67,56,43,19,54,59,28,26,44,32,46
202111180800,52,44,39,67,72,40,17,49,61,43,23,42,28,46,52,45,39,68,72,41,22,51,57,41,24,45,29,47
202111180815,52,37,33,66,68,36,14,41,56,36,20,38,30,36,51,38,33,67,68,37,18,43,52,34,22,40,30,37
202111180830,47,35,31,69,68,33,15,39,48,30,19,35,28,35,47,36,31,70,68,34,18,41,45,29,21,37,28,35
202111180845,46,33,29,73,56,26,13,36,48,30,18,31,30,27,45,34,28,74,57,28,17,37,45,29,20,33,30,28
202111180900,47,32,30,74,50,21,12,38,41,37,20,28,28,30,46,33,29,75,51,23,15,40,39,35,21,30,28,31
202111180915,41,25,29,68,51,24,11,39,40,33,19,28,28,28,40,27,28,69,52,25,14,40,38,31,20,30,28,29
202111180930,45,28,31,66,48,31,14,39,36,32,18,27,29,28,44,30,30,67,49,31,16,40,34,31,20,29,28,29
202111180945,50,29,25,73,52,31,13,37,40,30,17,29,31,28,49,31,25,74,53,31,16,39,38,29,19,31,30,28
202111181000,50,32,24,75,56,33,11,39,40,33,17,32,31,29,49,34,24,76,57,33,14,41,38,31,19,34,30,29
202111181015,51,31,22,74,56,31,11,39,37,30,19,25,32,27,50,33,22,75,57,31,14,40,35,29,21,27,31,27
202111181030,55,35,25,74,55,36,11,39,41,35,22,30,32,29,53,37,25,75,57,35,14,41,39,33,24,32,31,29
202111181045,50,37,25,74,55,35,13,42,39,35,22,27,29,25,48,38,24,75,56,34,16,43,37,33,23,29,28,26
202111181100,56,40,24,75,52,32,13,40,36,30,17,28,34,27,54,42,24,76,54,32,15,41,34,29,19,30,33,27
202111181115,59,41,23,71,47,30,12,42,39,27,18,30,41,30,57,43,23,73,49,30,15,43,37,26,21,32,39,30
202111181130,62,39,24,68,54,30,13,41,41,30,20,27,36,31,60,41,24,70,56,31,16,43,39,29,22,30,34,31
202111181145,63,46,26,75,62,37,10,37,44,30,23,30,39,32,61,47,26,77,64,37,14,39,41,29,25,32,38,32
202111181200,70,53,29,77,62,37,11,39,50,29,24,25,42,38,68,55,29,79,64,37,15,41,47,28,27,28,40,38
202111181215,76,56,30,80,61,37,10,40,49,29,20,24,42,36,74,58,30,83,64,37,14,42,46,27,23,27,40,36
202111181230,75,55,32,77,56,40,10,36,45,32,19,23,36,36,73,57,32,80,59,39,14,38,42,30,21,26,34,36
202111181245,63,48,31,72,57,38,11,34,45,28,20,26,35,32,61,49,30,74,59,37,15,36,42,27,22,29,33,33
202111181300,66,51,28,74,60,38,12,36,42,30,20,25,31,36,64,52,28,76,62,37,15,38,39,29,22,28,30,36
202111181315,60,46,31,71,59,35,13,35,36,36,18,30,32,33,59,47,30,73,61,34,15,37,34,34,20,32,31,34
202111181330,51,38,30,69,56,35,11,39,36,40,20,33,35,27,50,39,29,70,57,34,14,40,34,38,22,34,34,28
202111181345,51,40,29,63,57,34,10,38,32,39,17,37,34,27,50,41,28,65,58,33,12,40,30,37,19,38,34,28
202111181400,51,37,29,61,57,29,9,44,35,38,18,43,32,26,50,38,28,63,58,29,12,45,33,36,20,44,32,27
202111181415,54,38,23,61,48,29,10,44,37,35,19,44,36,29,52,40,23,63,50,29,13,45,35,33,21,45,36,29
202111181430,55,31,23,63,51,31,11,43,32,34,21,41,37,28,53,33,23,65,53,31,13,44,31,32,23,42,37,28
202111181445,50,38,24,63,59,30,11,46,32,37,19,39,39,25,49,39,23,64,60,30,13,47,31,35,22,40,38,25
202111181500,50,43,27,64,64,36,11,51,34,34,22,33,34,23,49,44,26,65,65,35,13,52,32,32,24,34,33,24
202111181515,54,44,28,63,69,34,12,54,39,32,22,30,30,27,53,45,27,65,69,34,15,55,37,31,23,32,29,28
202111181530,59,41,25,59,63,30,11,57,35,30,18,32,31,28,58,43,25,61,64,30,13,58,33,29,20,34,30,28
202111181545,59,33,25,61,62,32,11,55,41,28,17,32,31,25,57,35,24,63,63,32,14,56,38,27,19,33,30,25
202111181600,66,43,25,63,68,32,12,52,41,28,22,29,31,28,65,45,25,66,69,32,15,53,39,27,23,31,30,28
202111181615,55,39,26,57,68,32,12,42,38,28,24,33,27,30,54,41,26,59,69,32,15,44,36,27,25,35,27,30
202111181630,56,43,29,61,77,38,14,48,42,34,24,41,29,34,56,44,29,63,77,38,17,50,40,33,25,43,30,34
202111181645,58,42,35,62,74,40,12,68,45,34,27,43,26,39,58,44,35,64,74,40,15,69,42,32,27,45,27,40
202111181700,60,38,32,70,72,39,13,75,49,31,30,45,33,43,59,40,32,72,73,39,17,76,46,30,31,48,33,43
202111181715,63,35,35,75,84,43,14,76,49,38,31,45,34,40,63,38,35,77,84,42,18,77,46,36,32,47,34,41
202111181730,70,44,41,80,95,43,14,71,48,40,33,54,35,41,70,46,40,82,95,42,17,72,45,38,34,56,36,42
202111181745,88,55,47,79,104,45,16,71,55,42,35,48,40,44,88,58,46,82,104,45,20,72,52,40,36,51,40,46
202111181800,98,71,49,85,100,54,16,68,61,43,38,57,41,51,97,73,48,89,101,53,21,70,57,41,39,60,42,52
202111181815,97,76,53,87,107,54,19,69,64,39,38,58,44,52,96,77,52,90,108,53,24,71,60,38,39,61,44,53
202111181830,101,73,55,95,100,57,25,65,71,41,34,55,46,57,100,75,54,98,101,57,30,67,67,40,36,59,46,58
202111181845,105,70,55,111,93,64,29,70,70,41,37,58,43,55,103,73,54,114,95,63,33,72,66,40,38,61,44,56
202111181900,112,66,56,110,96,59,27,77,68,39,41,60,42,54,110,70,55,113,98,58,31,78,64,38,42,63,43,56
202111181915,117,66,48,108,92,59,25,72,72,36,44,59,44,57,114,70,48,112,95,59,30,74,68,35,45,62,44,58
202111181930,112,67,47,105,87,57,25,68,76,38,42,54,47,67,109,71,48,109,90,57,30,71,71,37,43,59,47,67
202111181945,113,67,49,110,95,60,25,60,76,35,42,52,43,65,111,71,49,113,98,60,30,63,71,34,43,57,43,65
202111182000,120,68,52,106,86,68,22,54,85,30,41,58,42,57,117,72,51,110,90,68,29,56,79,29,42,61,43,58
202111182015,109,67,57,110,86,65,20,55,85,27,38,54,38,57,107,70,56,113,89,65,27,57,79,26,39,57,39,59
202111182030,102,64,56,119,79,70,24,53,82,26,33,50,39,59,100,67,55,121,82,69,30,56,77,26,34,54,39,60
202111182045,99,67,61,107,77,65,24,56,85,25,36,46,36,61,97,70,60,109,80,65,31,59,79,25,37,51,36,63
202111182100,99,70,53,110,80,66,24,52,82,26,39,46,34,60,97,72,53,112,83,66,30,55,77,26,39,51,34,61
202111182115,81,65,48,108,83,60,24,48,85,25,35,45,38,62,80,66,48,109,84,61,30,51,79,25,36,50,38,62
202111182130,85,61,50,105,75,61,24,47,92,23,34,41,36,69,83,63,51,106,77,62,31,50,86,23,35,47,36,69
202111182145,85,57,46,104,79,67,22,44,92,23,36,38,33,65,83,59,47,106,81,67,29,47,86,23,36,44,33,65
202111182200,88,54,54,105,83,67,22,46,95,22,38,42,36,68,86,57,54,107,85,68,30,49,88,22,38,48,36,69
202111182215,88,48,51,111,75,61,23,42,85,22,33,39,34,76,86,52,52,113,77,62,30,46,79,22,34,46,34,76
202111182230,88,46,52,122,71,59,27,42,85,25,33,36,34,66,86,50,52,123,74,60,33,46,80,25,34,42,33,66
202111182245,79,44,48,118,68,51,27,43,82,23,30,32,27,67,77,47,49,118,70,53,33,46,77,23,30,38,27,67
202111182300,68,42,44,105,65,47,25,37,83,20,25,28,30,62,66,44,45,105,67,49,31,40,78,20,26,34,29,62
202111182315,62,37,42,102,60,41,25,38,81,19,25,25,24,55,61,39,42,102,62,44,31,41,76,19,25,31,24,55
202111182330,63,36,35,93,54,42,22,34,73,20,24,24,25,49,61,39,35,94,56,44,27,37,68,20,25,29,24,49
202111182345,60,31,32,93,55,40,29,30,67,17,18,23,27,48,58,34,33,93,57,42,33,33,64,18,20,28,26,48
202111190000,59,31,36,84,52,37,27,28,64,22,16,21,25,44,57,34,36,85,54,39,31,31,61,22,17,25,24,44
202111190015,49,29,32,84,45,32,21,22,63,22,14,18,22,36,47,31,32,84,47,34,25,25,59,22,15,22,21,37
202111190030,46,25,32,76,40,26,17,24,58,19,13,17,19,33,44,27,31,77,42,28,21,26,55,19,14,20,18,34
202111190045,41,25,31,69,40,24,12,22,56,19,15,15,16,30,40,27,30,70,42,27,17,24,52,18,15,18,16,31
202111190100,38,23,28,69,35,22,14,20,53,17,15,13,16,25,37,25,27,69,37,25,18,22,50,17,15,16,16,26
202111190115,36,18,29,66,32,21,11,17,55,16,15,14,19,26,35,20,28,66,34,24,16,19,51,16,16,17,18,27
202111190130,35,17,27,63,28,22,13,15,50,15,17,16,17,26,33,19,26,63,30,25,17,17,47,15,17,19,17,27
202111190145,31,19,23,64,28,20,13,15,47,13,16,17,19,25,29,20,23,64,30,22,17,17,44,13,17,20,18,25
202111190200,31,20,25,65,29,16,15,15,53,13,13,17,19,25,29,21,24,65,31,19,19,17,50,13,14,20,19,25
202111190215,32,20,23,64,22,0,9,12,59,12,11,15,21,23,30,22,22,64,24,6,14,14,55,12,12,17,20,23
202111190230,27,17,22,58,19,0,9,14,54,12,11,14,17,23,25,18,21,58,21,6,14,16,50,12,12,16,16,23
202111190245,29,14,25,60,23,0,10,14,51,11,11,15,18,26,27,16,24,60,25,5,14,16,47,11,12,18,17,26
202111190300,29,18,24,67,21,0,9,17,57,13,10,13,20,30,27,19,24,67,23,6,14,19,53,13,11,16,19,30
202111190315,21,18,0,69,22,0,0,16,45,12,10,12,18,28,19,19,2,68,24,5,5,18,41,11,11,15,17,26
202111190330,20,20,0,70,20,0,0,17,44,13,10,11,17,28,18,20,2,69,22,5,5,19,40,12,11,14,16,26
202111190345,21,19,0,68,20,0,0,16,46,14,8,10,14,32,19,20,2,67,22,5,5,19,42,13,9,14,13,29
202111190400,26,19,11,55,19,0,0,18,44,13,9,7,15,29,24,20,12,55,21,5,5,20,40,12,10,11,14,28
202111190415,25,18,13,56,18,0,0,16,44,13,10,0,12,29,23,19,14,56,20,5,5,18,40,12,11,4,11,28
202111190430,27,13,15,55,15,0,0,16,44,12,11,0,12,28,25,15,15,55,17,5,5,18,40,11,11,4,11,27
202111190445,25,14,13,55,17,0,0,14,43,13,10,0,9,30,23,15,14,55,19,5,5,17,39,12,10,4,8,29
202111190500,28,11,21,49,18,14,11,15,34,13,9,9,10,25,26,13,21,50,20,16,13,17,32,13,9,12,10,25
202111190515,28,11,23,48,19,17,10,16,35,15,11,11,12,24,26,13,23,49,21,19,13,18,33,14,11,14,12,24
202111190530,28,14,22,50,18,17,9,17,35,16,14,12,13,26,26,16,22,51,20,19,12,19,33,16,14,15,13,26
202111190545,27,17,22,48,21,17,11,18,39,15,12,13,11,24,25,18,22,49,23,19,14,20,37,15,12,16,11,24
202111190600,30,16,20,47,21,21,13,21,39,18,13,18,13,24,28,18,20,48,23,22,16,23,37,18,13,20,13,24
202111190615,35,17,21,52,25,26,13,23,43,20,15,18,15,27,33,19,21,53,27,27,16,25,41,19,15,21,15,27
202111190630,33,22,25,58,31,27,16,29,46,21,20,23,15,27,31,23,24,58,33,28,19,31,44,20,20,25,15,27
202111190645,36,22,27,60,32,27,16,35,52,27,22,25,20,31,34,24,26,61,34,29,20,37,49,26,22,28,20,31
202111190700,38,30,29,69,38,28,17,43,58,34,25,30,20,36,36,31,29,69,40,30,21,45,55,33,25,33,20,36
202111190715,45,29,34,67,45,38,19,49,62,34,25,40,25,41,43,31,34,68,47,39,23,51,58,33,25,43,26,41
202111190730,48,34,34,71,55,41,20,60,61,34,26,41,28,42,47,35,34,72,56,42,24,61,57,33,27,44,29,42
202111190745,48,32,31,63,65,32,19,53,62,37,27,45,29,41,47,34,31,64,65,34,24,55,58,36,28,47,30,41
202111190800,53,35,33,67,64,41,18,56,62,42,26,42,29,40,52,36,33,68,65,42,23,57,58,40,27,44,30,40
202111190815,54,36,32,69,70,34,17,43,59,38,23,34,29,37,53,38,32,70,70,36,21,45,55,36,24,37,29,37
202111190830,48,33,27,71,60,32,14,49,58,30,23,29,25,35,47,35,27,72,61,34,19,51,54,29,24,32,25,35
202111190845,45,26,24,64,60,32,14,38,52,30,23,25,22,31,44,28,24,65,60,33,18,40,49,29,23,28,22,31
202111190900,47,31,24,66,54,28,14,36,47,28,22,29,25,28,46,33,24,67,55,29,18,38,44,27,23,31,25,28
202111190915,40,34,24,61,47,23,12,42,45,28,20,29,26,24,39,35,23,62,48,25,16,43,42,27,21,30,26,24
202111190930,39,26,26,60,48,25,11,40,41,28,21,30,30,24,38,28,25,61,49,26,14,41,39,27,23,31,29,25
202111190945,42,28,28,58,55,28,10,38,38,29,20,26,27,23,41,30,27,59,56,29,13,39,36,28,21,28,26,24
202111191000,39,28,26,64,51,30,11,46,37,30,17,32,25,25,38,29,25,65,52,30,14,47,35,29,18,33,25,26
202111191015,34,31,26,67,56,29,11,47,37,28,19,32,28,25,34,31,25,67,56,29,14,48,35,27,20,33,28,26
202111191030,42,35,29,63,52,27,15,39,38,29,18,31,32,27,41,36,28,64,53,27,17,41,36,28,20,33,31,28
202111191045,45,31,26,66,49,27,16,37,39,27,19,32,40,27,44,32,25,67,50,28,18,39,37,26,22,34,39,27
202111191100,46,35,28,62,50,29,14,40,39,25,20,34,39,27,45,36,27,63,51,29,17,41,37,24,23,35,38,28
202111191115,52,32,26,67,49,28,14,44,37,26,17,28,34,29,50,34,26,68,51,28,16,45,35,25,19,30,33,29
202111191130,52,35,26,66,48,34,13,46,40,27,19,31,37,33,50,37,26,67,50,34,16,47,38,26,22,33,36,33
202111191145,47,46,29,62,49,35,11,43,43,27,21,30,38,39,46,46,29,63,50,35,14,45,40,26,24,33,37,39
202111191200,62,57,33,72,60,36,13,44,44,30,26,27,38,36,60,57,32,74,62,36,16,46,41,29,28,30,36,37
202111191215,63,56,35,79,55,40,13,44,38,29,27,25,41,41,61,57,35,80,57,39,16,46,36,28,29,29,39,41
202111191230,61,54,32,79,55,42,13,37,35,30,23,29,44,41,59,55,32,81,57,40,15,39,33,29,26,32,42,41
202111191245,57,51,30,72,56,39,14,40,36,28,22,31,39,36,55,51,30,74,57,38,16,42,34,27,24,34,38,36
202111191300,59,50,26,65,57,34,14,42,40,31,21,29,37,31,57,51,26,67,59,34,17,44,38,30,23,31,36,31
202111191315,56,51,24,67,57,30,15,40,40,29,19,29,35,32,55,51,24,69,58,30,18,42,38,28,21,31,34,32
202111191330,59,42,21,61,63,33,14,38,37,35,15,28,37,28,58,43,21,63,64,33,16,40,35,34,18,30,35,28
202111191345,57,43,21,62,57,31,10,43,32,35,17,29,39,29,56,44,21,64,58,30,12,44,30,33,20,31,37,29
202111191400,54,40,22,64,60,32,11,44,36,30,15,30,38,28,53,41,22,66,61,32,14,45,34,28,18,32,37,28
202111191415,52,39,25,61,58,29,13,39,38,26,16,29,39,29,51,40,25,63,59,29,16,41,36,25,19,31,37,29
202111191430,48,38,21,63,56,30,11,41,39,30,17,31,38,25,47,39,21,64,57,30,14,42,37,29,20,32,37,25
202111191445,50,42,23,57,59,26,12,40,46,30,16,31,35,28,49,43,23,59,60,27,16,41,43,29,19,33,34,28
202111191500,52,41,26,59,63,29,12,37,42,32,18,30,33,28,51,42,25,61,64,30,15,39,40,31,20,32,32,28
202111191515,53,42,26,65,60,38,14,40,43,30,22,36,33,30,52,43,26,67,61,37,17,42,41,29,24,38,33,30
202111191530,50,43,24,58,61,35,13,42,41,33,20,34,29,30,49,43,24,60,62,35,16,43,39,32,22,36,29,30
202111191545,47,39,25,57,66,30,14,38,42,35,17,32,29,29,46,40,25,59,66,31,17,40,40,34,19,34,29,29
202111191600,51,40,29,55,73,30,17,35,39,33,19,35,31,31,51,41,28,57,73,30,19,37,37,32,21,37,31,31
202111191615,55,41,27,55,70,32,15,40,41,36,19,34,33,37,54,42,27,57,70,32,18,42,39,35,21,37,33,37
202111191630,58,40,30,59,72,30,15,51,42,33,19,39,30,40,57,42,30,61,73,30,18,53,40,32,21,42,30,40
202111191645,57,41,34,55,74,36,16,67,44,33,22,56,32,39,57,42,34,58,74,36,19,68,42,32,24,57,34,39
202111191700,58,40,34,67,80,44,16,76,50,30,25,56,35,45,58,42,34,69,80,43,20,77,47,29,27,58,36,45
202111191715,68,45,33,73,89,42,16,78,52,33,29,50,39,43,67,47,33,75,89,42,20,79,49,32,31,52,39,43
202111191730,66,50,34,72,91,45,17,74,49,30,28,51,37,45,66,51,34,74,91,44,20,75,46,29,30,53,38,45
202111191745,80,58,41,76,92,43,18,73,57,32,29,49,41,48,79,60,41,79,93,43,22,74,53,31,31,52,41,49
202111191800,93,64,48,79,109,51,20,66,59,28,32,46,44,50,93,66,47,83,109,50,24,68,55,27,34,49,43,51
202111191815,104,69,54,83,115,62,22,68,55,32,31,45,42,51,103,72,53,87,116,59,25,70,52,31,33,48,42,53
202111191830,116,72,53,88,116,59,24,62,61,35,36,41,44,59,114,75,52,93,117,57,28,64,58,34,38,46,43,60
202111191845,122,72,55,95,110,67,24,60,73,35,36,46,42,62,120,76,55,100,112,66,29,63,69,34,37,51,42,63
202111191900,131,83,60,103,119,65,23,63,82,36,35,55,46,53,129,87,58,108,121,65,29,65,77,35,37,58,46,55
202111191915,139,80,58,107,116,63,22,62,80,31,39,49,48,55,137,85,57,112,119,63,28,64,75,30,41,53,47,57
202111191930,148,82,63,110,117,62,24,67,82,32,38,47,47,60,145,87,62,116,120,62,30,69,77,31,40,51,46,62
202111191945,135,84,63,119,118,66,25,65,86,32,36,46,42,55,133,88,61,123,120,66,31,67,80,31,37,50,42,57
202111192000,133,84,55,116,108,65,22,62,86,28,34,48,44,57,131,88,54,120,111,65,29,64,80,27,36,52,44,58
202111192015,132,82,52,119,101,67,25,57,83,27,37,46,43,56,129,86,51,123,105,67,31,59,78,27,38,50,42,57
202111192030,140,74,48,114,93,66,22,53,83,26,37,43,44,61,136,79,48,119,98,66,29,56,78,26,39,48,43,61
202111192045,141,71,52,107,92,64,24,55,79,28,38,45,39,63,137,77,52,112,97,64,30,58,74,28,39,50,39,64
202111192100,127,77,51,114,102,60,25,56,73,27,34,43,35,63,125,81,51,118,105,60,30,59,69,27,35,48,35,64
202111192115,127,73,41,112,97,56,25,59,79,27,32,45,38,65,124,78,42,116,101,57,31,62,74,27,33,50,38,64
202111192130,117,65,37,119,91,55,24,59,88,22,32,45,38,70,114,70,39,122,94,57,31,62,82,22,33,51,38,68
202111192145,112,64,43,127,84,57,19,55,89,20,30,43,41,74,109,68,44,129,87,58,26,58,83,20,32,49,41,73
202111192200,114,66,41,124,89,57,25,51,89,20,32,46,35,68,111,70,42,126,92,59,32,54,83,20,33,51,35,67
202111192215,104,63,46,117,83,54,25,49,92,19,30,48,37,69,102,67,47,119,86,56,32,52,86,19,31,53,37,68
202111192230,96,63,49,121,78,47,27,47,94,19,31,40,37,67,94,66,49,122,81,50,34,50,88,19,32,46,37,67
202111192245,88,57,48,111,65,51,29,42,93,17,31,32,36,74,85,60,49,112,68,54,36,46,87,18,32,39,35,73
202111192300,72,56,42,106,61,43,28,39,91,15,31,28,37,67,70,57,43,107,63,47,35,43,85,16,32,35,35,66
202111192315,69,52,42,101,57,44,27,38,89,12,30,28,33,67,67,54,43,102,59,47,34,42,83,13,31,35,32,66
202111192330,59,48,41,99,54,42,32,35,83,13,24,25,31,60,57,49,42,99,56,45,37,38,78,14,25,31,30,60
202111192345,56,45,35,94,52,39,30,33,77,14,23,25,29,54,55,46,36,94,54,42,35,36,73,15,24,30,28,53
202111200000,58,43,41,92,48,35,29,30,78,14,23,24,27,50,56,44,41,92,50,38,34,33,74,15,24,29,26,50
202111200015,48,37,39,87,41,33,29,29,68,16,22,25,24,50,46,38,39,87,43,36,33,32,65,17,23,30,24,50
202111200030,43,37,38,83,40,28,25,25,67,15,22,25,25,45,41,38,38,83,42,31,29,28,63,15,23,29,25,45
202111200045,43,37,35,69,38,24,22,23,64,18,19,20,20,43,41,38,35,70,40,27,26,26,60,18,19,24,20,43
202111200100,40,36,35,66,32,21,19,22,67,15,17,19,20,43,38,37,35,67,34,25,24,25,63,15,18,23,20,43
202111200115,38,33,31,69,31,17,13,22,64,12,18,18,20,38,36,34,31,69,33,22,18,25,60,12,19,22,19,38
202111200130,36,33,32,68,27,18,12,21,58,12,15,19,18,36,34,33,32,68,29,22,17,24,54,12,16,23,18,37
202111200145,36,34,32,67,27,20,13,19,53,12,11,17,16,34,34,34,31,67,29,23,17,22,50,12,12,20,16,35
202111200200,36,33,35,66,27,21,13,19,58,11,12,16,15,32,34,33,34,66,29,24,18,21,54,11,12,19,15,33
202111200215,36,30,29,59,26,0,7,17,58,9,10,14,16,32,34,31,29,60,28,6,13,20,54,9,11,17,16,32
202111200230,35,25,26,55,25,0,7,20,58,11,10,14,13,32,33,26,26,56,27,6,12,22,53,11,11,17,13,32
202111200245,30,28,25,56,23,0,6,20,57,11,10,14,14,31,28,28,25,56,25,6,11,22,52,11,11,17,14,31
202111200300,27,28,23,64,26,0,6,21,58,12,10,14,16,34,25,28,23,63,28,6,12,24,53,11,11,18,15,34
202111200315,22,28,0,65,24,0,0,18,46,12,10,12,14,35,21,28,2,64,25,5,5,21,42,11,11,16,13,32
202111200330,21,26,0,64,23,0,0,18,45,12,10,11,14,35,20,26,2,63,24,5,5,21,41,11,11,15,13,32
202111200345,21,25,0,59,23,0,0,17,47,13,13,12,13,35,19,25,2,58,24,5,5,20,43,12,13,16,13,32
202111200400,26,22,13,58,23,0,0,18,47,12,13,12,13,36,24,23,14,58,25,5,5,21,43,11,13,16,13,35
202111200415,24,23,16,55,20,0,0,15,46,9,12,0,9,37,22,24,17,56,22,5,5,18,42,8,12,5,8,36
202111200430,24,20,14,56,21,0,0,14,43,9,12,0,8,35,22,21,15,56,23,5,5,17,39,8,12,5,7,34
202111200445,26,18,15,58,18,0,0,17,44,10,12,0,9,36,24,19,16,58,20,5,5,20,40,9,12,5,8,35
202111200500,24,21,24,51,16,13,10,15,42,11,13,11,13,30,22,22,24,51,18,16,13,18,39,11,13,14,13,30
202111200515,26,20,20,48,17,13,10,17,40,11,12,12,14,33,24,21,20,49,19,16,13,20,38,11,13,16,14,32
202111200530,26,17,23,48,16,18,11,19,38,8,14,14,14,34,24,18,23,49,18,20,14,22,36,8,14,18,14,34
202111200545,29,18,23,52,18,14,14,18,39,12,14,15,13,29,27,19,23,52,20,16,17,20,37,12,14,18,13,29
202111200600,29,18,23,54,21,17,16,23,41,10,16,15,14,30,27,19,23,54,23,19,18,25,39,10,16,18,14,30
202111200615,25,21,22,57,19,20,15,18,41,9,20,17,15,35,23,22,22,57,21,22,18,21,39,9,20,21,15,35
202111200630,31,26,28,62,20,22,13,21,49,12,24,18,17,38,29,27,28,62,22,24,17,24,46,12,24,22,17,38
202111200645,34,26,32,63,22,23,15,28,51,16,22,23,19,38,32,27,32,63,24,25,19,31,48,16,22,27,19,38
202111200700,38,31,38,60,24,34,18,31,51,19,24,28,23,47,36,32,38,61,27,35,22,34,48,19,24,32,23,47
202111200715,39,33,39,65,30,34,17,33,58,22,25,31,28,51,37,34,39,66,32,36,21,36,54,21,26,36,28,51
202111200730,46,36,38,72,33,36,23,37,67,23,27,30,31,51,44,37,38,73,35,38,28,40,63,23,28,35,30,51
202111200745,50,40,33,72,39,37,19,38,69,29,30,34,34,54,48,41,34,73,41,39,24,41,64,28,31,39,33,53
202111200800,52,45,39,83,50,40,23,40,74,35,29,37,37,62,51,46,40,83,52,42,28,43,69,34,30,42,36,61
202111200815,52,48,41,75,58,42,23,43,72,35,28,41,36,60,51,48,42,76,59,44,28,46,68,34,29,46,36,60
202111200830,53,41,41,70,60,33,19,46,64,36,27,33,33,53,52,42,41,71,61,35,24,49,60,35,28,38,32,53
202111200845,55,42,35,71,60,33,21,42,60,36,27,34,36,50,54,43,35,72,61,35,25,44,57,35,29,38,35,50
202111200900,53,42,39,73,63,36,18,49,55,38,32,32,36,48,52,43,39,74,64,37,22,51,52,37,33,36,35,48
202111200915,50,43,40,73,67,36,18,48,57,37,31,37,31,48,49,44,40,74,67,37,22,50,54,36,32,41,31,48
202111200930,50,41,41,71,69,36,20,49,59,43,27,39,34,51,49,42,41,72,69,37,24,51,56,41,28,43,34,51
202111200945,56,40,42,73,70,44,20,50,65,40,25,43,39,53,55,42,42,74,70,45,25,52,61,39,27,47,39,53
202111201000,55,46,44,77,73,38,19,50,62,40,29,44,39,49,55,47,43,78,73,39,23,52,58,38,31,47,39,50
202111201015,57,44,39,78,83,41,18,57,63,43,25,44,38,48,57,45,39,79,83,42,23,59,59,41,27,47,38,48
202111201030,61,48,46,81,88,40,18,59,59,40,29,41,36,49,61,49,45,82,88,41,22,61,55,38,30,45,36,50
202111201045,68,44,47,81,84,43,19,58,52,42,22,46,37,49,68,46,46,83,84,43,22,60,49,40,24,49,37,50
202111201100,78,52,40,83,82,40,17,55,59,37,24,50,44,51,77,54,40,86,83,41,22,57,55,36,27,53,44,51
202111201115,79,60,41,85,78,41,19,56,55,32,27,47,39,50,78,61,41,87,80,41,23,58,52,31,29,50,39,50
202111201130,85,62,41,87,87,40,20,57,55,32,23,45,42,48,84,64,41,90,88,40,24,59,52,31,26,48,42,49
202111201145,94,67,45,83,86,38,20,54,57,29,22,39,44,50,92,69,45,87,88,39,24,56,54,28,25,43,43,51
202111201200,100,77,40,83,86,49,20,55,65,33,26,42,46,47,98,79,40,87,88,49,25,57,61,32,29,45,45,47
202111201215,108,82,40,91,82,51,21,51,65,39,28,41,45,47,105,84,40,95,85,51,26,53,61,38,30,44,44,47
202111201230,95,91,41,87,79,51,21,54,64,36,24,35,41,48,93,91,41,91,82,51,26,56,60,35,26,39,40,49
202111201245,96,81,41,85,80,51,18,48,63,34,24,35,38,45,94,82,40,89,83,51,23,50,59,33,26,38,37,46
202111201300,95,74,42,83,74,48,18,50,61,36,24,35,41,45,93,75,41,87,77,48,23,52,57,35,26,39,40,46
202111201315,90,71,42,82,79,43,18,48,59,38,23,40,43,41,88,72,41,85,81,44,22,50,55,37,26,43,42,42
202111201330,92,70,44,79,85,43,17,51,61,35,29,44,42,39,90,72,43,82,87,44,22,53,57,34,31,46,41,41
202111201345,88,61,38,80,80,50,18,53,57,35,28,44,44,39,86,63,37,83,82,49,22,55,54,34,30,46,43,40
202111201400,93,59,37,81,78,48,21,51,63,28,28,47,48,46,91,62,37,85,81,48,25,53,59,27,31,50,47,46
202111201415,94,55,35,78,82,42,20,47,66,28,30,46,44,44,92,58,35,82,84,43,25,49,62,27,32,49,43,44
202111201430,90,54,40,75,85,44,22,51,63,34,26,46,47,41,88,57,39,79,87,45,26,53,59,33,29,48,46,42
202111201445,86,57,45,74,78,45,21,52,59,34,26,48,46,42,84,59,44,77,80,45,25,54,56,33,29,50,45,43
202111201500,97,49,43,79,83,47,22,51,63,38,25,47,50,44,95,53,42,83,85,47,26,53,60,37,28,49,49,45
202111201515,93,52,39,79,85,50,21,51,64,34,28,46,52,42,92,56,38,83,87,50,26,53,60,33,31,48,51,43
202111201530,98,54,39,80,92,51,23,51,64,34,33,43,48,45,97,58,39,84,94,51,27,53,60,33,35,46,47,46
202111201545,100,54,40,81,87,49,24,51,58,38,34,39,43,44,98,58,39,85,89,49,27,53,55,37,36,42,42,45
202111201600,104,59,44,85,91,53,24,58,64,36,31,44,44,50,102,63,44,89,93,53,28,60,61,35,33,47,43,51
202111201615,95,59,38,91,90,53,25,55,62,39,28,42,39,51,93,62,38,94,92,52,29,57,59,38,30,46,39,51
202111201630,100,59,39,94,100,57,28,57,66,40,31,48,37,49,99,63,39,97,102,56,32,59,63,39,32,51,37,49
202111201645,106,62,46,94,99,54,26,61,64,35,34,55,42,49,104,66,45,98,101,54,30,63,61,34,36,57,42,50
202111201700,107,65,48,97,111,49,29,62,64,37,31,49,46,46,106,68,47,101,112,49,33,64,61,36,33,52,45,48
202111201715,107,73,54,94,119,46,25,64,67,28,32,41,42,49,107,76,53,98,119,47,29,66,63,28,34,44,41,51
202111201730,108,76,46,94,118,54,26,59,71,23,31,43,37,56,107,78,46,98,119,54,31,61,67,23,32,47,37,56
202111201745,110,74,41,95,114,55,23,58,69,25,32,51,42,53,109,77,41,99,115,55,28,60,65,25,34,54,42,53
202111201800,121,77,44,102,120,57,23,63,66,25,31,53,44,44,120,80,43,106,121,56,28,64,62,25,33,55,44,45
202111201815,120,84,50,106,115,59,25,55,68,27,32,48,44,50,119,87,49,110,117,58,29,57,64,27,34,51,43,51
202111201830,123,82,49,105,111,65,20,51,63,25,37,51,42,48,121,85,48,109,113,63,24,53,59,25,38,54,42,49
202111201845,127,82,50,101,108,64,20,54,65,23,34,46,42,49,125,85,49,106,111,62,25,56,61,23,36,49,42,51
202111201900,129,72,47,114,99,70,22,51,73,21,41,46,41,53,126,77,47,118,102,68,27,53,68,21,42,50,41,54
202111201915,133,76,47,115,99,72,28,42,71,19,38,40,39,54,130,80,47,119,103,70,32,45,67,19,39,44,38,55
202111201930,127,73,49,115,96,65,23,47,69,23,41,44,41,52,124,77,48,119,99,63,28,49,65,23,42,48,40,53
202111201945,109,72,48,113,91,60,26,44,69,23,39,37,36,51,107,75,47,116,94,59,30,47,65,23,39,41,35,52
202111202000,113,79,50,118,85,62,27,46,67,25,39,39,36,54,110,82,49,121,88,61,31,49,63,25,39,43,36,55
202111202015,108,68,48,111,75,59,24,39,69,25,34,34,38,53,105,71,47,114,79,58,29,42,65,25,35,39,37,54
202111202030,114,64,49,113,77,63,28,41,72,24,35,35,37,59,111,68,49,116,81,62,33,44,68,24,36,40,36,60
202111202045,104,66,52,116,80,62,27,38,75,23,37,36,35,56,101,69,51,118,83,62,32,41,71,23,37,41,34,57
202111202100,108,67,52,115,80,59,30,41,69,23,37,37,38,61,105,70,52,118,83,59,34,44,66,23,38,42,37,62
202111202115,106,62,49,112,71,58,30,40,72,22,34,44,37,65,103,66,49,115,75,58,34,44,68,22,35,49,37,65
202111202130,107,59,45,112,67,59,31,39,77,21,29,46,39,67,103,63,46,115,71,59,36,43,73,21,31,51,39,67
202111202145,105,59,46,110,64,59,27,35,80,19,28,43,39,70,101,63,47,113,68,59,32,39,75,19,30,49,39,70
202111202200,98,62,47,112,65,56,29,41,81,21,36,44,40,72,95,65,48,114,69,57,34,45,76,21,37,50,40,72
202111202215,94,61,45,113,63,53,29,35,81,22,32,40,42,72,91,64,46,115,67,54,34,39,76,22,34,46,41,71
202111202230,90,59,46,116,60,50,23,37,78,23,31,36,35,71,87,62,47,117,63,51,29,41,73,23,32,42,34,71
202111202245,88,56,44,117,70,51,23,41,78,24,32,38,33,69,86,59,45,118,73,52,29,45,73,24,33,44,33,68
202111202300,80,52,40,105,66,42,19,34,73,19,27,34,36,67,78,54,41,106,68,44,25,38,68,19,28,40,35,66
202111202315,77,50,37,106,58,44,18,33,69,19,24,33,32,64,75,52,38,107,61,45,23,37,65,19,25,39,31,63
202111202330,72,51,34,98,55,42,19,37,64,17,22,33,30,60,70,53,35,99,58,43,24,40,60,17,23,38,30,59
202111202345,69,50,31,101,48,35,18,35,64,16,18,32,25,59,67,52,32,102,51,37,23,38,60,16,19,37,25,58
202111210000,62,43,32,93,51,32,18,32,64,17,16,30,21,51,60,45,33,94,53,34,23,35,60,17,17,35,21,50
202111210015,55,42,28,82,50,30,14,25,68,20,14,25,21,47,53,43,29,83,52,33,20,28,63,19,15,29,21,46
202111210030,48,43,28,82,46,29,15,25,68,18,17,22,20,47,46,43,29,82,48,32,21,28,63,18,18,27,20,46
202111210045,50,38,28,69,38,30,15,23,64,19,16,19,19,43,48,39,28,70,41,33,20,26,60,19,17,24,19,43
202111210100,48,35,26,70,40,30,16,20,59,15,14,18,17,36,46,36,26,71,42,32,20,23,55,15,15,22,17,36
202111210115,47,36,23,70,39,28,14,19,58,11,15,16,15,36,45,37,23,71,41,30,19,22,54,11,15,20,15,36
202111210130,45,36,22,65,33,28,13,18,54,11,11,16,15,34,43,37,22,66,36,30,17,21,50,11,12,20,15,33
202111210145,45,36,24,62,36,25,11,17,56,10,11,16,15,27,43,37,24,63,38,28,16,19,52,10,12,19,15,27
202111210200,44,34,24,63,30,18,11,18,56,9,11,14,13,27,42,35,24,64,32,21,16,20,52,9,11,17,13,27
202111210215,39,33,23,65,23,0,8,16,60,7,9,13,12,28,37,34,23,66,26,6,14,18,55,7,10,16,12,28
202111210230,35,31,25,55,22,0,7,16,58,6,8,14,14,24,33,32,24,56,25,6,13,18,54,6,9,16,14,25
202111210245,35,34,23,53,21,0,8,16,54,6,8,13,13,23,33,34,22,54,23,6,13,18,50,6,9,16,13,24
202111210300,34,38,21,60,22,0,8,15,62,7,7,16,15,31,32,38,21,60,24,7,14,18,57,7,8,19,15,31
202111210315,25,36,0,66,21,0,0,13,52,7,9,15,10,28,23,35,2,65,23,6,6,16,47,7,9,18,10,26
202111210330,24,34,0,64,23,0,0,12,49,6,11,14,9,25,22,33,1,64,25,5,6,14,45,6,11,17,9,23
202111210345,23,36,0,61,21,0,0,11,49,9,10,15,10,24,21,35,1,61,23,5,5,13,45,8,10,18,10,22
202111210400,29,31,13,56,18,0,0,11,47,7,10,10,11,25,27,31,13,56,20,5,5,13,43,6,10,13,11,24
202111210415,27,28,15,52,17,0,0,11,49,7,10,0,9,26,25,28,15,52,19,5,5,14,45,6,10,4,8,25
202111210430,27,26,14,52,18,0,0,13,44,7,9,0,10,24,25,26,14,52,20,5,5,15,40,6,9,4,9,23
202111210445,27,27,13,53,20,0,0,14,47,8,10,0,10,25,25,27,13,53,22,5,5,16,43,7,10,4,9,24
202111210500,28,28,16,48,16,11,7,13,41,8,7,9,14,26,26,28,16,49,19,14,11,15,38,8,8,12,13,26
202111210515,24,29,19,46,16,11,8,14,40,8,7,9,13,23,22,29,19,46,18,14,11,16,37,8,8,12,12,23
202111210530,25,29,18,48,16,11,10,13,38,8,8,10,12,21,23,29,18,49,18,14,13,15,36,8,9,13,12,21
202111210545,28,28,19,46,20,13,13,17,36,10,11,10,13,21,26,28,19,47,22,15,15,19,34,10,12,12,12,21
202111210600,29,26,18,48,23,14,12,18,36,10,11,11,13,21,27,26,18,49,25,16,15,20,34,10,11,13,13,21
202111210615,29,27,19,51,18,17,13,21,40,13,14,10,15,25,27,27,19,51,20,19,16,23,38,13,14,13,14,25
202111210630,30,29,19,57,20,18,14,22,39,17,15,12,17,28,28,29,19,57,22,20,17,24,37,17,15,15,16,28
202111210645,28,28,19,62,26,21,14,22,42,16,17,14,17,29,26,28,19,62,28,23,17,24,40,16,17,17,16,29
202111210700,33,34,21,69,28,22,18,20,44,20,20,20,18,35,31,34,21,69,30,24,21,23,42,20,20,23,18,34
202111210715,36,37,26,77,32,23,18,25,50,24,22,22,24,35,34,37,26,77,34,25,21,27,47,24,23,25,23,35
202111210730,44,40,29,74,35,27,23,28,55,26,22,23,26,40,42,41,29,74,37,29,26,30,52,26,23,27,25,40
202111210745,47,42,32,77,39,29,20,28,66,28,22,27,29,51,45,43,33,77,41,32,25,31,62,27,23,32,28,51
202111210800,51,47,30,77,44,35,22,35,65,30,19,29,30,59,49,47,31,78,46,37,27,38,61,30,21,35,29,58
202111210815,51,43,31,78,53,40,21,47,62,25,21,33,30,58,50,44,32,79,54,41,25,50,58,25,22,38,30,57
202111210830,52,47,31,80,63,38,22,43,65,29,24,34,33,57,51,47,32,81,64,40,26,46,61,28,26,39,32,56
202111210845,52,44,33,76,63,35,24,45,65,35,23,34,33,58,51,45,34,77,64,37,28,48,62,34,25,39,32,57
202111210900,54,47,32,80,62,36,20,47,67,33,26,39,38,57,53,48,33,81,63,38,25,50,63,32,28,44,37,56
202111210915,55,45,35,83,69,38,21,55,68,33,27,45,44,57,54,46,36,84,70,40,26,57,64,32,30,49,43,56
202111210930,59,45,32,82,69,46,19,57,65,27,30,41,45,56,58,46,33,83,70,47,24,59,61,26,32,45,44,55
202111210945,65,44,39,81,69,41,23,58,63,28,27,44,46,58,64,46,40,83,70,42,27,60,60,28,30,48,45,58
202111211000,62,41,37,90,74,42,21,56,63,29,29,47,49,60,61,43,38,91,75,43,25,59,59,28,32,51,48,59
202111211015,64,44,38,88,76,43,21,55,70,31,32,51,48,58,63,46,39,89,77,45,26,58,66,30,35,55,47,58
202111211030,68,44,40,87,79,37,23,61,66,29,33,54,49,62,67,46,41,88,80,39,28,64,62,29,36,58,49,62
202111211045,74,54,41,87,83,40,22,63,65,30,31,50,46,59,73,56,42,89,84,42,27,65,61,29,33,54,45,59
202111211100,86,59,45,86,87,42,26,61,68,32,28,47,50,54,85,61,45,89,88,44,30,63,64,31,31,51,49,55
202111211115,90,60,46,83,84,44,24,62,64,30,33,50,47,52,88,62,45,86,86,45,28,64,61,29,35,53,46,53
202111211130,96,61,50,92,85,40,20,57,64,31,40,51,43,58,94,64,50,95,87,41,24,59,60,30,41,55,43,59
202111211145,91,58,45,95,83,48,23,57,71,27,35,51,42,56,89,61,45,98,85,49,28,59,67,27,36,55,42,56
202111211200,97,61,45,96,87,53,22,52,79,33,34,49,44,53,95,64,45,99,89,54,28,54,74,32,36,52,44,54
202111211215,96,70,40,95,89,56,23,50,73,32,34,41,39,53,94,72,40,98,91,56,28,52,69,31,35,45,39,53
202111211230,94,71,42,84,85,56,25,50,83,33,37,48,42,56,92,73,42,87,87,57,31,53,78,32,38,52,42,56
202111211245,97,72,43,81,85,60,23,46,71,30,37,49,37,53,95,74,43,85,87,59,28,49,67,29,38,52,37,53
202111211300,93,66,38,85,82,55,21,42,72,36,38,46,45,47,91,68,38,88,84,55,26,44,67,35,40,49,44,47
202111211315,92,60,36,85,78,52,22,40,80,34,35,43,37,47,90,63,36,88,80,53,28,43,75,33,36,46,37,47
202111211330,91,61,33,76,84,53,17,47,75,31,28,43,38,53,89,63,34,80,86,54,23,50,70,30,30,47,38,52
202111211345,92,63,36,80,86,54,17,43,72,27,28,40,43,48,90,65,36,83,88,54,23,46,67,26,30,43,42,48
202111211400,97,62,40,86,80,47,23,43,67,29,33,42,43,47,95,65,40,89,83,48,28,45,63,29,35,45,42,47
202111211415,96,69,43,83,87,50,20,43,67,29,31,40,41,50,94,71,43,87,89,50,25,46,63,28,33,44,40,50
202111211430,89,66,41,88,93,51,22,48,71,27,32,41,44,44,88,68,40,91,94,52,27,50,67,27,34,44,43,45
202111211445,98,86,41,103,94,51,22,48,74,28,36,49,48,42,96,86,40,105,96,52,27,50,69,27,38,51,47,43
202111211500,33,119,41,104,88,45,22,50,76,29,40,50,50,46,34,110,40,102,86,47,28,52,71,28,42,53,49,47
202111211515,34,126,41,100,92,48,20,49,73,34,47,46,50,48,36,116,41,98,89,49,26,51,68,33,48,49,49,49
202111211530,37,121,40,91,92,49,24,55,72,32,42,46,52,44,38,112,40,90,90,50,29,57,68,31,44,49,50,45
202111211545,30,110,40,98,85,49,25,54,69,30,43,43,57,47,31,102,40,96,83,50,29,56,65,30,45,46,55,48
202111211600,30,113,39,83,92,52,25,49,70,30,46,48,57,46,32,104,39,82,89,52,30,51,66,30,48,51,55,47
202111211615,28,103,40,88,97,51,25,56,68,32,41,50,60,40,30,95,39,86,94,51,29,58,64,31,44,52,58,41
202111211630,31,98,43,76,96,49,24,59,69,32,36,47,55,45,33,91,42,75,93,49,29,61,65,31,39,50,53,46
202111211645,32,101,44,81,94,47,23,53,65,31,35,46,48,49,34,94,44,80,91,47,27,55,61,30,37,49,47,50
202111211700,35,105,38,83,99,47,24,58,64,33,40,48,51,49,37,98,38,82,96,47,28,60,61,32,42,51,50,49
202111211715,35,111,43,80,90,51,24,58,68,35,36,45,49,45,36,103,42,79,88,51,29,60,64,34,38,48,48,46
202111211730,37,115,43,85,96,53,23,60,77,34,40,46,50,42,39,107,42,84,93,54,29,61,72,33,42,48,49,43
202111211745,105,123,48,98,103,54,20,57,77,37,39,44,52,52,104,120,47,102,105,55,26,59,72,36,41,48,50,53
202111211800,96,65,45,81,94,57,21,60,80,32,39,42,43,55,95,68,45,85,96,58,27,62,75,31,40,46,42,55
202111211815,103,71,44,90,93,60,19,50,84,31,36,42,38,60,101,73,44,94,95,61,26,53,78,30,37,47,38,60
202111211830,112,74,44,93,97,66,20,51,81,38,35,43,42,55,110,77,44,97,100,65,27,54,76,37,36,47,41,55
202111211845,110,73,47,97,100,64,21,47,82,40,35,44,43,54,108,76,47,101,102,64,28,50,77,39,36,48,42,55
202111211900,116,73,53,102,100,65,24,49,80,36,40,47,40,52,114,76,52,106,102,65,30,51,75,35,41,50,40,53
202111211915,116,63,53,96,101,64,27,48,82,35,43,43,39,52,114,67,52,100,103,64,33,51,77,34,43,47,39,54
202111211930,113,75,51,107,92,67,26,43,95,34,40,39,46,61,111,78,51,110,95,68,33,46,89,33,41,44,44,61
202111211945,103,70,51,102,88,60,26,38,99,33,38,37,46,59,101,73,51,105,90,62,34,41,92,32,40,42,44,60
202111212000,100,70,53,103,84,63,28,44,98,34,41,39,48,64,98,72,53,106,87,65,35,47,92,34,43,45,46,65
202111212015,96,67,52,110,77,59,27,37,99,30,39,41,44,65,94,69,52,112,80,61,35,41,92,30,40,47,43,66
202111212030,100,64,47,103,77,57,29,41,97,29,36,38,46,67,98,67,48,106,80,59,36,45,91,29,38,44,45,67
202111212045,92,63,50,97,71,57,30,40,92,30,39,42,43,69,90,65,51,100,74,59,37,44,86,30,40,48,42,69
202111212100,87,66,47,104,71,60,33,39,91,31,49,41,39,65,85,68,47,106,73,61,39,43,86,31,49,46,38,65
202111212115,83,65,46,107,77,59,29,38,93,29,41,40,46,66,81,66,47,109,79,61,36,42,87,29,42,46,45,66
202111212130,63,55,52,102,75,56,35,38,97,29,37,37,43,65,62,56,52,102,75,58,41,42,91,29,38,43,42,66
202111212145,62,57,57,99,64,49,28,38,108,24,32,43,46,67,61,57,57,99,65,53,37,42,101,24,34,48,45,68
202111212200,65,62,60,109,64,51,25,41,101,25,32,41,46,64,64,62,59,109,66,55,33,44,94,25,34,46,45,65
202111212215,64,57,52,105,63,47,26,40,98,22,31,39,47,58,63,57,52,105,65,51,34,43,91,22,33,44,45,59
202111212230,65,55,48,109,68,47,26,40,100,21,33,40,44,55,64,56,48,109,69,51,34,43,93,21,35,44,43,56
202111212245,66,51,47,106,65,46,29,36,88,20,30,35,42,47,65,52,46,106,66,49,35,39,83,20,32,39,41,48
202111212300,60,45,42,101,55,39,27,41,86,18,27,37,37,50,58,46,42,101,57,43,33,44,81,19,29,41,36,51
202111212315,53,47,43,98,55,35,27,39,84,18,25,38,33,43,52,48,42,98,56,39,33,41,79,18,26,41,33,44
202111212330,52,43,37,93,49,28,24,41,81,17,21,29,32,48,50,44,37,93,51,33,30,44,76,17,23,33,31,48
202111212345,51,39,35,79,42,30,26,38,82,13,17,26,30,44,49,40,35,80,44,34,32,40,77,14,19,30,29,44
202111220000,48,38,33,75,41,27,21,31,76,15,16,28,30,38,46,39,33,76,43,31,27,33,71,15,18,31,29,38
202111220015,47,36,32,69,38,24,19,25,71,11,20,26,27,38,45,37,32,70,40,28,25,28,66,11,21,29,26,38
202111220030,45,32,31,63,35,23,19,21,65,14,16,22,27,38,43,33,31,64,37,27,24,24,61,14,18,26,26,38
202111220045,47,36,29,51,32,25,16,21,65,14,14,24,28,35,45,37,29,53,35,28,21,24,61,14,16,27,27,35
202111220100,38,34,27,49,29,24,17,22,62,12,15,26,22,32,36,34,27,51,31,27,22,24,58,12,16,29,22,32
202111220115,36,33,26,51,24,18,14,20,56,10,12,22,21,29,34,33,26,52,26,21,18,22,52,10,13,25,21,30
202111220130,34,27,25,46,24,19,14,21,54,10,10,19,20,27,32,28,24,47,26,22,18,23,51,10,11,22,20,27
202111220145,33,27,23,46,22,16,15,21,52,10,10,17,22,27,31,28,23,47,24,19,19,23,49,10,12,20,21,27
202111220200,34,28,22,48,21,14,17,18,59,9,9,19,18,28,32,29,22,49,24,18,21,20,55,9,10,22,18,28
202111220215,33,25,21,46,21,0,7,17,61,7,7,18,17,28,31,26,21,47,23,6,13,19,56,7,8,21,17,28
202111220230,30,25,21,44,20,0,6,16,57,8,7,17,17,27,27,26,21,45,22,6,11,18,53,8,8,20,17,27
202111220245,27,19,20,41,18,0,7,17,54,7,8,17,15,27,25,20,20,42,20,6,12,19,50,7,9,20,15,27
202111220300,27,17,15,47,21,0,8,16,57,6,9,16,15,31,25,18,16,48,23,6,13,19,53,6,10,19,15,30
202111220315,20,19,0,49,23,0,0,13,53,7,9,17,14,26,19,20,1,49,24,6,6,15,48,6,10,20,14,24
202111220330,20,22,0,53,22,0,0,14,47,6,10,17,12,26,19,22,1,53,23,5,5,16,43,6,10,20,12,24
202111220345,19,22,0,57,22,0,0,15,44,7,9,17,13,25,18,22,1,57,23,5,5,17,40,6,10,20,13,23
202111220400,22,19,12,51,18,0,0,14,45,6,9,12,12,24,20,20,12,51,20,5,5,16,41,6,9,15,12,23
202111220415,21,18,14,48,18,0,0,13,43,7,11,0,11,25,20,19,14,48,20,5,5,15,39,6,11,4,10,24
202111220430,20,19,14,46,18,0,0,15,44,7,11,0,11,27,18,19,14,46,20,5,5,17,40,6,11,4,10,26
202111220445,20,18,13,43,17,0,0,14,46,8,11,0,11,28,18,18,14,44,19,5,5,16,42,7,11,4,10,27
202111220500,22,21,18,38,17,9,12,15,44,6,9,12,14,21,20,21,18,39,19,12,16,17,41,6,10,14,13,21
202111220515,20,18,17,33,14,11,10,15,42,7,9,12,14,23,18,18,17,34,16,14,14,17,39,7,10,15,14,23
202111220530,22,17,18,35,14,10,11,17,40,7,10,12,12,22,20,18,18,36,16,13,14,19,38,7,11,14,12,22
202111220545,20,18,23,35,16,12,13,18,43,10,13,14,13,22,18,18,22,36,18,15,16,20,41,10,13,16,13,22
202111220600,24,18,19,39,17,16,12,20,46,10,15,22,16,25,22,19,19,40,19,19,16,22,43,10,15,24,16,25
202111220615,25,19,21,39,18,17,14,20,49,9,17,23,16,27,23,20,21,40,20,20,18,22,46,9,17,25,16,27
202111220630,30,19,23,47,20,19,16,30,52,12,17,24,19,28,28,20,23,48,22,22,20,32,49,12,18,26,19,28
202111220645,29,20,26,49,22,22,16,38,51,17,19,24,20,29,27,21,26,50,24,24,20,40,48,17,19,26,20,29
202111220700,41,45,30,78,24,22,17,47,55,30,24,30,31,39,39,45,30,78,27,25,21,49,52,29,25,33,30,39
202111220715,18,48,34,66,39,26,18,49,63,32,24,31,32,45,17,45,34,65,39,29,23,51,59,31,25,35,31,45
202111220730,19,55,35,68,47,38,16,61,64,31,26,39,34,46,19,52,35,67,47,40,21,63,60,30,27,42,34,46
202111220745,23,60,35,72,51,41,18,59,60,29,26,46,34,46,23,56,35,71,51,42,22,61,57,28,27,49,34,46
202111220800,25,64,38,71,70,42,18,54,59,37,29,41,32,49,26,60,38,70,68,42,22,56,56,36,30,45,32,49
202111220815,23,61,35,71,60,41,17,47,55,34,21,36,35,38,23,57,34,70,59,41,21,49,52,33,23,39,34,39
202111220830,21,65,35,70,57,35,15,43,50,32,16,31,27,36,21,61,34,69,56,36,19,45,47,31,18,34,27,37
202111220845,21,64,33,65,55,32,14,37,44,33,19,31,29,28,21,60,32,64,54,32,17,39,42,32,21,33,29,29
202111220900,17,52,29,71,45,29,13,34,49,32,21,32,29,26,17,49,28,70,45,30,17,36,46,31,22,33,29,27
202111220915,20,53,30,70,45,32,15,37,48,30,22,24,32,29,20,50,29,69,45,33,18,39,45,29,24,26,31,30
202111220930,15,57,33,70,50,27,14,41,49,33,19,27,35,29,15,53,32,69,49,29,17,42,46,32,21,29,34,30
202111220945,17,57,31,68,49,25,15,39,51,33,18,26,41,33,17,53,30,67,48,27,19,41,48,32,21,29,39,34
202111221000,18,57,25,72,56,29,16,38,48,38,20,24,39,31,18,53,25,71,55,30,19,40,45,36,23,27,37,31
202111221015,20,59,25,66,56,22,11,37,46,32,20,23,38,25,21,55,24,65,55,24,15,39,43,31,23,25,36,25
202111221030,15,57,24,73,55,22,11,41,43,35,21,30,37,24,16,53,23,71,54,24,14,42,40,33,23,31,36,24
202111221045,15,56,25,68,51,25,11,46,40,29,23,30,35,27,15,52,25,67,50,26,14,47,38,28,25,32,34,27
202111221100,19,60,26,69,52,23,11,43,41,30,21,30,33,32,19,56,26,68,51,24,14,44,39,29,23,32,32,32
202111221115,18,65,25,68,59,27,14,42,44,29,17,25,32,30,19,60,25,67,58,28,17,43,41,28,19,27,31,30
202111221130,18,62,29,72,62,22,13,44,43,28,17,25,31,32,19,58,29,71,61,24,16,45,40,27,19,28,30,32
202111221145,21,77,27,67,61,28,14,44,48,30,20,22,36,31,22,71,27,66,60,29,18,45,45,29,22,25,34,31
202111221200,25,86,27,69,68,31,14,51,57,30,24,25,37,36,26,80,27,68,67,33,19,53,53,29,26,28,35,36
202111221215,22,84,28,79,62,38,16,43,57,26,24,27,35,32,23,78,28,78,61,39,20,45,53,25,26,30,34,32
202111221230,24,92,29,85,65,39,13,39,55,30,19,24,36,35,24,85,29,83,64,39,18,41,51,29,21,27,34,35
202111221245,27,86,32,78,64,35,12,46,51,29,22,23,34,32,28,80,31,77,63,36,16,48,48,28,24,26,32,33
202111221300,30,82,30,68,66,32,11,45,47,34,17,26,33,28,31,77,29,68,65,33,15,46,44,32,19,28,32,29
202111221315,55,69,32,76,60,31,11,38,43,39,19,26,34,25,54,67,31,77,61,31,14,39,40,37,21,28,33,26
202111221330,51,44,26,64,53,32,13,35,38,33,16,24,28,25,50,45,25,65,54,32,16,37,36,32,18,26,27,26
202111221345,41,39,23,62,57,30,16,34,43,26,20,22,24,28,40,39,23,63,57,31,19,36,41,25,21,24,23,28
202111221400,40,37,24,63,58,30,21,33,41,27,20,23,26,32,40,37,24,64,58,30,23,35,40,26,21,26,25,32
202111221415,38,37,21,61,63,32,18,37,46,30,18,19,28,28,38,37,21,62,63,33,21,39,44,29,20,22,27,28
202111221430,43,40,23,63,66,34,17,36,52,29,18,23,32,29,43,40,23,64,66,35,21,38,49,28,20,25,31,29
202111221445,45,36,22,59,57,31,19,37,43,29,17,23,31,30,44,37,22,60,58,32,21,39,41,28,19,26,30,30
202111221500,45,32,22,59,61,30,17,39,44,34,19,21,31,24,44,34,21,60,61,31,20,40,42,33,21,23,30,24
202111221515,49,33,27,64,60,28,18,39,47,33,18,24,26,28,48,35,26,65,61,29,21,40,45,32,19,26,25,28
202111221530,47,37,30,61,61,26,20,39,46,34,14,22,30,33,46,38,30,62,61,27,22,41,44,33,16,25,29,33
202111221545,44,36,28,57,61,25,18,42,43,34,13,20,30,30,43,37,27,58,61,26,20,44,41,33,15,23,29,30
202111221600,48,34,27,59,66,26,19,40,40,31,16,22,28,29,47,36,26,61,66,27,21,41,38,30,18,25,27,29
202111221615,41,34,26,57,63,28,14,36,40,28,15,26,31,27,41,35,26,58,63,29,17,38,38,27,17,28,30,27
202111221630,51,35,32,59,69,30,13,48,44,31,16,29,30,25,51,37,31,61,69,31,16,49,41,30,18,31,29,26
202111221645,58,32,35,60,79,36,16,68,50,30,15,40,33,31,58,34,34,62,79,36,20,69,47,29,17,41,33,32
202111221700,55,34,34,67,83,38,17,67,52,31,14,41,28,33,55,36,33,69,83,38,21,68,49,30,16,43,29,34
202111221715,61,37,38,61,82,41,20,67,55,32,18,38,31,29,61,39,36,63,82,41,24,67,52,31,20,39,31,31
202111221730,70,41,35,68,77,48,20,73,51,33,19,36,30,31,69,44,34,71,78,47,23,73,48,32,21,38,30,32
202111221745,73,47,40,69,81,50,22,70,65,34,25,46,37,39,72,49,39,72,82,50,26,71,61,33,27,48,37,40
202111221800,86,57,46,71,90,59,22,62,67,40,27,41,41,43,85,59,45,75,91,58,27,63,63,39,29,44,40,44
202111221815,84,60,48,73,92,53,25,53,69,38,28,40,40,46,83,62,47,76,93,53,29,55,65,37,30,43,39,47
202111221830,87,58,49,83,99,60,24,62,75,41,32,43,40,53,86,60,48,86,100,60,29,64,70,40,33,47,40,54
202111221845,93,59,50,88,81,65,22,53,78,39,31,48,44,54,91,62,49,91,83,65,28,55,73,38,33,52,44,55
202111221900,103,59,53,94,86,60,26,64,78,39,36,40,45,49,101,63,52,97,89,60,31,66,73,38,38,44,44,51
202111221915,102,64,54,99,93,56,30,65,85,31,38,40,42,55,100,67,53,102,95,57,36,67,80,31,39,44,41,56
202111221930,104,62,53,92,93,57,30,58,95,30,36,39,47,59,102,65,53,96,95,59,37,61,89,30,38,44,45,60
202111221945,91,62,45,93,89,58,26,60,94,28,36,37,44,61,90,64,45,96,91,60,33,63,88,28,38,42,43,61
202111222000,87,65,49,94,90,66,22,56,97,26,35,39,41,57,86,67,49,96,91,67,30,58,90,26,36,44,40,58
202111222015,88,62,51,88,79,65,23,54,90,22,39,44,44,61,86,64,51,91,81,65,30,57,84,22,40,49,43,62
202111222030,90,60,46,90,76,62,26,53,89,25,43,40,41,61,88,62,46,93,79,63,33,56,83,25,44,45,40,61
202111222045,89,59,46,94,75,58,28,49,85,22,36,38,42,59,87,62,46,96,78,59,34,52,80,22,37,43,41,59
202111222100,87,60,48,99,70,57,30,47,79,25,40,34,44,62,85,62,48,101,73,58,35,50,75,25,41,39,42,62
202111222115,76,61,48,101,70,57,29,42,86,26,43,39,44,63,75,62,48,102,72,58,35,45,81,26,44,44,43,63
202111222130,76,58,46,108,65,55,29,44,91,24,47,36,41,65,74,59,47,109,67,57,36,47,85,24,47,42,40,65
202111222145,79,53,49,111,65,54,27,41,97,24,43,31,41,66,77,55,49,112,67,57,34,44,90,24,44,37,39,66
202111222200,77,56,53,110,68,50,25,44,98,24,43,31,42,69,75,58,53,110,70,54,33,48,91,24,44,38,40,69
202111222215,79,50,50,110,64,49,29,49,93,24,47,35,40,69,77,52,50,111,67,52,36,52,87,24,47,41,39,69
202111222230,76,46,51,109,62,48,31,48,90,21,40,31,40,69,74,49,51,110,64,51,37,51,85,21,41,38,38,69
202111222245,68,42,46,102,63,48,27,45,89,19,38,27,39,63,66,44,46,103,65,51,34,48,83,19,39,33,37,63
202111222300,63,38,45,98,59,47,24,45,90,19,34,25,32,59,61,40,45,99,61,50,31,48,84,19,34,31,31,59
202111222315,59,33,44,94,52,47,23,35,86,19,28,23,27,54,57,36,44,95,54,50,30,38,80,19,28,29,26,54
202111222330,53,39,40,91,47,40,22,30,80,21,23,18,25,51,51,40,40,91,49,43,28,33,75,21,24,24,24,51
202111222345,49,34,40,95,48,40,23,23,77,17,19,20,22,51,47,35,40,95,50,43,29,26,72,17,20,25,21,51
202111230000,49,32,37,85,46,41,20,22,78,21,20,22,24,46,47,34,37,85,48,44,26,25,73,21,21,27,23,46
202111230015,49,30,32,77,41,33,18,22,76,15,19,17,26,42,47,32,32,77,43,37,24,25,71,15,20,21,25,42
202111230030,47,32,30,73,37,28,18,20,71,16,17,16,21,34,45,33,30,74,39,32,24,23,66,16,18,20,20,34
202111230045,38,31,28,69,30,29,17,19,63,16,16,13,18,30,36,32,27,69,32,32,22,21,59,16,17,16,17,30
202111230100,36,33,27,68,29,26,15,15,61,13,17,17,17,25,34,33,26,68,31,29,20,17,57,13,17,19,17,25
202111230115,32,33,26,61,32,25,11,16,56,13,18,13,17,24,30,33,25,61,34,27,16,18,52,13,18,16,16,25
202111230130,30,33,26,56,31,23,11,14,54,12,14,12,17,24,29,33,25,57,32,25,16,16,50,12,15,15,16,25
202111230145,28,34,24,55,29,19,10,17,50,12,12,9,14,23,27,34,23,56,30,22,14,19,47,12,12,12,13,24
202111230200,28,33,23,53,31,20,10,19,54,14,10,12,13,25,27,33,22,54,32,23,15,21,50,14,11,15,13,25
202111230215,27,29,23,52,22,0,6,15,56,15,8,10,11,26,25,29,22,52,24,6,11,17,52,14,8,13,11,26
202111230230,29,27,22,49,24,0,7,15,57,14,10,11,11,27,27,27,22,50,26,6,13,17,53,14,10,14,11,27
202111230245,27,24,23,46,19,0,7,15,54,14,12,9,11,28,25,25,23,47,21,6,12,17,50,13,12,12,11,28
202111230300,28,26,21,54,20,0,6,15,62,13,12,12,11,33,26,26,21,54,22,7,12,18,57,12,12,16,11,32
202111230315,18,25,0,60,22,0,0,14,44,13,12,11,7,32,16,25,2,59,23,5,5,17,40,12,12,15,7,29
202111230330,19,22,0,62,20,0,0,15,45,13,11,10,8,28,18,22,2,61,21,5,5,17,41,12,11,13,8,26
202111230345,17,23,0,58,19,0,0,14,44,14,12,11,7,26,16,23,2,57,21,5,5,16,40,13,12,14,7,24
202111230400,26,25,10,51,16,0,0,15,44,11,12,9,10,27,24,25,11,52,18,5,5,17,40,10,12,12,10,26
202111230415,24,23,12,50,17,0,0,15,43,12,12,0,7,25,22,23,12,50,19,5,5,17,39,11,12,4,6,24
202111230430,25,21,14,49,16,0,0,13,44,11,14,0,8,25,23,22,14,49,18,5,5,15,40,10,14,4,7,24
202111230445,22,23,14,45,17,0,0,12,44,11,11,0,8,29,20,23,15,45,19,5,5,15,40,10,11,4,7,28
202111230500,18,21,18,42,20,18,7,14,41,13,12,9,10,25,16,21,18,42,22,20,11,16,38,13,12,12,10,25
202111230515,19,20,18,38,19,16,10,15,41,12,13,9,11,24,17,20,18,39,21,18,13,17,39,12,13,12,11,24
202111230530,18,20,17,35,18,19,10,16,43,12,12,9,12,23,17,20,17,36,20,21,13,18,40,12,12,12,11,23
202111230545,20,20,19,37,17,22,12,19,44,11,13,12,13,25,19,20,19,38,19,24,15,21,41,11,13,15,13,25
202111230600,22,22,16,42,20,23,15,21,45,13,16,15,15,26,21,22,16,43,22,25,18,23,43,13,16,18,15,26
202111230615,24,23,20,46,24,24,14,22,47,17,18,14,15,31,23,23,20,47,26,26,17,24,44,17,18,17,15,31
202111230630,26,27,22,52,25,25,17,27,51,17,21,18,20,34,24,27,22,52,27,27,21,29,48,17,21,22,19,34
202111230645,32,28,24,55,29,32,19,41,50,20,23,23,24,36,31,28,24,56,31,33,22,43,47,20,24,26,23,36
202111230700,39,30,28,61,30,32,22,46,61,29,23,27,26,42,37,31,29,62,32,34,26,48,58,28,24,31,26,42
202111230715,39,33,40,59,44,38,22,44,64,33,25,30,29,47,38,34,40,60,45,40,26,46,60,32,26,34,28,48
202111230730,42,33,37,59,49,40,20,54,58,29,26,36,26,44,41,34,37,60,50,41,24,56,55,28,27,39,26,45
202111230745,45,35,37,58,49,43,17,54,66,29,25,41,28,48,44,36,37,59,50,44,22,56,62,28,26,44,29,48
202111230800,48,34,37,61,68,42,20,52,60,35,23,35,25,44,48,35,37,62,68,43,24,54,57,34,24,38,25,44
202111230815,49,32,35,70,59,37,18,50,54,32,22,33,27,34,48,34,34,71,60,38,22,51,51,31,23,35,27,35
202111230830,48,34,33,69,59,32,18,56,50,32,21,32,27,31,47,35,32,70,60,33,21,57,47,31,22,34,27,32
202111230845,40,30,27,63,53,28,17,49,49,36,22,29,24,31,39,31,27,64,54,29,20,50,46,35,23,31,24,31
202111230900,37,30,29,63,49,24,17,45,48,31,22,35,28,28,36,31,28,63,50,26,20,46,45,30,23,36,28,29
202111230915,39,31,31,62,50,23,15,46,47,34,22,29,26,26,38,32,30,63,51,25,18,47,44,33,23,31,26,27
202111230930,38,27,29,63,54,22,13,46,47,32,21,27,25,25,37,28,28,64,54,24,17,47,44,31,22,29,25,26
202111230945,39,26,25,68,54,22,15,46,47,33,20,28,24,28,38,27,25,69,55,24,18,47,44,32,21,30,24,28
202111231000,36,29,28,65,57,22,19,45,50,34,21,29,25,29,36,30,27,65,57,24,22,46,47,33,22,31,25,29
202111231015,37,28,31,67,55,21,19,51,49,34,22,24,27,28,37,29,30,68,55,23,22,52,47,33,23,26,26,29
202111231030,40,29,32,63,59,21,20,48,48,35,21,25,28,27,39,30,31,64,59,23,23,49,46,34,22,27,27,28
202111231045,39,32,32,73,57,26,19,42,49,29,23,29,25,30,38,33,31,73,57,28,22,43,47,28,24,31,25,31
202111231100,40,32,34,76,66,24,20,43,41,28,22,33,24,33,40,33,33,76,66,25,22,45,39,27,23,35,24,34
202111231115,41,36,30,77,63,27,18,41,40,27,22,33,23,34,41,37,30,77,63,28,20,43,38,26,23,35,23,34
202111231130,45,40,31,73,66,30,17,42,46,29,23,35,23,31,44,40,30,74,66,31,20,44,44,28,23,37,24,32
202111231145,52,41,28,72,66,28,17,41,44,26,25,33,22,28,51,42,27,73,67,29,20,42,42,25,25,35,23,29
202111231200,54,51,26,80,66,34,17,42,53,25,22,30,30,34,53,51,26,81,67,35,21,44,50,24,23,33,30,34
202111231215,54,55,28,80,58,30,15,49,49,29,20,30,30,29,53,55,27,81,59,31,19,50,46,28,22,32,29,30
202111231230,60,55,25,82,60,36,12,41,46,27,19,26,26,24,58,55,24,83,62,36,16,42,43,26,20,28,25,25
202111231245,52,54,23,74,60,36,16,45,44,26,20,21,29,28,51,54,23,75,61,36,19,46,42,25,21,24,28,28
202111231300,56,49,27,74,55,30,13,39,49,26,17,23,33,27,55,50,26,75,57,31,17,40,46,25,19,25,31,28
202111231315,54,43,24,65,52,28,14,43,41,30,18,19,27,25,53,44,23,67,54,28,17,44,39,29,19,21,26,25
202111231330,49,43,25,65,58,31,17,45,36,34,18,23,25,23,48,44,24,66,59,31,19,46,35,33,19,25,24,24
202111231345,45,45,26,64,63,31,14,41,38,32,18,26,30,25,45,45,25,65,63,31,17,42,36,31,20,28,29,26
202111231400,46,44,27,67,55,32,17,35,37,35,19,21,31,26,45,44,26,68,56,32,19,37,35,34,21,23,30,27
202111231415,43,43,30,66,56,32,18,39,40,35,16,21,30,26,42,43,29,67,57,32,20,40,38,34,18,23,29,27
202111231430,41,39,25,66,51,33,19,38,39,37,16,22,31,24,40,39,24,67,52,33,21,39,37,36,18,24,30,24
202111231445,46,34,23,64,58,29,16,35,39,35,16,20,26,24,45,35,22,65,59,29,18,36,37,34,17,22,25,24
202111231500,50,38,23,66,60,32,17,33,42,36,17,17,30,25,49,39,22,67,61,32,20,35,40,35,19,19,28,25
202111231515,44,35,23,71,52,34,13,30,40,37,18,21,29,24,43,36,22,72,53,34,16,32,38,35,20,23,28,24
202111231530,48,37,19,67,53,35,17,37,41,44,17,26,29,24,47,38,19,68,54,35,19,38,39,42,19,28,28,24
202111231545,49,36,22,65,55,37,16,36,37,41,19,26,24,24,48,37,22,66,56,36,18,37,35,39,20,28,24,24
202111231600,47,43,23,62,64,35,14,36,43,37,18,27,26,28,47,43,23,63,64,35,17,38,41,35,19,29,26,28
202111231615,42,38,25,62,66,38,15,41,42,35,19,30,29,27,42,39,24,63,66,37,18,42,40,34,21,32,29,27
202111231630,50,42,26,62,70,36,18,49,45,41,16,30,28,30,50,43,25,63,70,36,21,50,43,39,18,32,28,30
202111231645,51,44,34,69,66,42,18,69,44,37,20,41,30,34,50,45,33,70,66,41,21,70,42,36,22,43,31,35
202111231700,55,43,28,67,81,45,20,73,49,36,18,47,34,37,55,44,28,69,80,44,23,74,47,35,20,49,35,37
202111231715,62,42,30,70,85,50,20,68,50,37,19,41,38,33,62,44,29,72,85,48,23,69,47,36,22,43,38,33
202111231730,70,50,38,75,85,52,19,70,47,34,21,44,41,36,69,52,37,77,85,50,22,71,45,33,24,46,41,37
202111231745,83,63,43,85,100,60,19,63,54,37,27,47,44,37,82,64,42,88,100,58,23,64,51,36,29,49,43,38
202111231800,92,63,41,86,108,55,20,68,57,35,30,47,43,43,91,65,40,89,108,54,24,69,54,34,32,49,43,44
202111231815,99,64,44,90,101,60,21,61,62,34,32,42,43,43,98,67,43,93,102,58,25,62,58,33,34,45,42,44
202111231830,105,66,45,92,104,61,22,63,72,34,28,47,45,54,104,69,45,96,106,60,27,65,67,33,31,51,44,54
202111231845,104,71,48,95,95,66,28,52,71,35,39,50,47,53,102,74,47,99,97,64,32,54,67,34,41,53,46,54
202111231900,105,74,58,105,100,82,30,62,71,29,31,51,53,52,104,76,57,108,102,78,34,64,67,29,34,54,52,54
202111231915,113,71,57,113,100,74,30,55,74,31,30,45,51,56,111,74,56,116,102,72,34,57,70,31,33,49,49,58
202111231930,103,76,59,111,97,68,30,57,75,30,31,43,54,67,102,78,59,114,99,67,35,60,71,30,34,48,52,68
202111231945,96,68,61,104,91,72,30,55,75,32,30,36,54,71,94,70,61,106,93,70,35,58,71,32,33,42,51,72
202111232000,93,71,63,106,94,80,29,51,79,34,37,37,59,71,92,73,63,108,95,77,34,54,75,34,40,43,56,72
202111232015,102,64,67,104,91,72,33,53,75,33,38,35,57,72,100,67,66,107,93,70,37,56,71,33,41,42,54,74
202111232030,102,60,63,98,86,70,33,52,82,29,38,39,55,68,100,64,62,101,88,69,38,55,78,29,41,45,53,69
202111232045,88,57,64,100,78,66,30,40,85,32,39,38,54,64,86,60,63,102,80,66,36,43,80,32,41,44,52,66
202111232100,94,59,60,102,77,66,31,44,78,37,38,35,50,62,92,62,59,104,80,65,36,47,74,36,40,40,48,64
202111232115,88,60,60,98,77,65,34,46,75,31,33,36,49,62,86,62,59,100,79,64,38,49,71,31,35,41,47,64
202111232130,79,59,61,108,74,59,32,54,78,28,35,35,47,57,77,61,60,109,76,59,37,57,74,28,37,40,45,59
202111232145,79,53,60,109,75,57,30,49,82,25,32,35,50,62,77,55,59,110,77,58,35,52,77,25,35,41,48,64
202111232200,85,49,61,115,73,56,30,44,82,20,32,35,46,64,83,52,60,116,75,57,35,47,77,20,34,41,44,66
202111232215,72,50,55,119,64,54,30,42,83,21,30,36,40,69,70,52,55,119,66,55,36,46,78,21,32,42,39,70
202111232230,83,48,53,126,53,52,29,49,86,21,32,32,44,71,80,51,53,126,57,54,35,52,81,21,34,39,42,71
202111232245,83,47,50,118,53,52,27,45,92,27,33,30,43,65,80,50,50,119,57,54,34,48,86,27,35,36,41,65
202111232300,77,50,52,112,52,49,25,42,89,23,29,28,38,62,74,52,52,113,55,52,32,45,83,23,31,34,36,63
202111232315,64,46,45,109,47,49,29,38,82,25,28,23,37,60,62,47,45,109,50,51,35,41,77,25,30,29,35,60
202111232330,60,44,41,96,51,46,30,33,71,22,24,26,30,54,58,45,41,96,53,47,34,36,67,22,25,31,29,54
202111232345,55,38,42,90,45,39,24,29,78,21,24,22,25,50,53,40,42,90,47,42,30,32,73,21,25,27,24,50
202111240000,59,41,37,87,46,39,25,26,74,23,22,18,20,47,57,43,37,88,48,41,30,29,70,23,22,23,20,47
202111240015,52,37,34,72,41,35,24,26,71,19,18,17,17,39,50,39,33,73,43,38,29,29,67,19,18,21,17,39
202111240030,33,23,34,48,38,30,19,23,62,18,9,10,14,20,32,24,32,49,39,33,24,25,58,18,10,12,13,22
202111240045,36,24,28,52,32,29,19,18,56,16,15,12,15,21,34,25,27,53,34,31,23,20,53,16,15,14,14,22
202111240100,31,24,25,49,30,28,16,18,55,13,17,12,15,23,29,25,24,50,32,30,20,20,52,13,17,15,14,24
202111240115,30,26,23,54,27,24,14,16,49,12,14,11,18,21,28,26,22,55,29,26,18,18,46,12,15,13,17,22
202111240130,29,23,22,58,26,31,12,17,50,10,15,12,16,22,27,24,21,58,28,32,16,19,47,10,15,14,15,22
202111240145,31,22,20,59,24,27,9,18,44,9,15,11,11,21,29,23,19,59,26,28,13,20,41,9,15,13,11,21
202111240200,31,21,22,59,23,22,10,19,49,11,17,11,12,21,29,22,21,59,25,24,14,21,46,11,17,13,12,22
202111240215,27,23,24,60,21,0,5,20,55,11,12,11,11,21,25,24,23,60,23,6,11,22,51,10,12,13,11,22
202111240230,29,25,25,56,22,0,4,18,50,10,13,12,13,21,27,26,24,56,24,5,9,20,46,10,13,14,13,22
202111240245,31,22,23,58,20,0,5,17,48,10,13,14,14,20,29,23,22,59,22,5,10,19,44,10,13,16,14,21
202111240300,34,23,23,57,22,0,4,21,55,11,11,12,14,29,32,24,23,58,24,6,10,23,51,10,12,15,14,29
202111240315,29,23,0,54,22,0,0,21,42,10,12,12,12,25,27,24,2,54,24,5,5,23,38,9,12,15,12,23
202111240330,29,21,0,55,20,0,0,19,47,10,13,13,11,27,27,22,2,55,22,5,5,21,43,9,13,16,11,25
202111240345,28,22,0,54,23,0,0,16,46,11,14,12,14,21,26,23,1,54,25,5,5,18,42,10,14,14,14,19
202111240400,33,22,11,51,16,0,0,15,45,10,14,9,12,21,31,23,11,52,19,5,5,17,41,9,14,12,12,20
202111240415,28,23,14,46,15,0,0,14,45,10,14,0,9,22,26,24,14,47,18,5,5,16,41,9,14,3,8,22
202111240430,28,22,13,46,15,0,0,15,46,9,13,0,10,24,26,23,13,47,18,5,5,17,42,8,13,4,9,23
202111240445,30,23,12,49,17,0,0,14,46,9,15,0,11,23,28,24,12,50,20,5,5,16,42,8,15,4,10,22
202111240500,24,23,16,43,17,17,9,15,44,8,15,12,13,21,22,23,16,44,19,20,13,17,41,8,15,14,13,21
202111240515,25,20,18,38,13,19,11,15,41,8,14,13,13,20,23,21,18,39,15,21,14,17,38,8,14,15,13,20
202111240530,24,20,16,42,15,17,10,17,40,8,13,13,15,20,22,21,16,43,17,19,13,19,37,8,14,15,14,20
202111240545,23,19,20,42,13,17,8,19,43,10,14,15,14,21,21,20,20,43,15,19,12,21,40,10,14,17,14,21
202111240600,24,18,19,42,16,19,12,21,49,12,19,18,17,25,23,19,19,43,18,22,16,23,46,12,19,20,17,25
202111240615,27,19,19,42,21,22,12,19,52,16,18,18,18,26,25,20,19,43,23,24,16,21,49,16,18,20,18,26
202111240630,30,21,21,49,25,23,15,21,52,17,19,22,20,30,28,22,21,50,27,25,19,23,49,17,19,25,20,30
202111240645,33,25,27,52,26,25,18,34,56,22,22,26,22,32,31,26,27,53,28,28,22,36,53,22,22,29,22,32
202111240700,41,34,31,58,33,31,18,39,58,32,24,31,24,35,39,35,31,59,35,33,22,41,55,31,24,34,24,35
202111240715,46,34,35,61,42,39,21,42,64,39,27,32,26,42,44,35,35,62,44,40,26,44,60,38,27,35,26,42
202111240730,45,33,40,59,46,50,16,54,65,34,24,37,28,45,43,34,40,60,48,50,21,56,61,33,25,40,28,46
202111240745,51,39,35,67,55,46,17,48,59,31,23,40,26,45,50,40,35,68,56,46,21,50,55,30,24,43,27,45
202111240800,51,37,38,70,64,43,18,48,59,36,24,38,25,44,50,38,38,71,65,44,22,50,55,35,25,41,26,44
202111240815,46,36,34,72,62,36,18,47,53,41,17,37,29,42,45,37,34,73,62,37,22,49,50,39,19,40,29,42
202111240830,39,36,30,70,60,37,16,46,53,38,21,44,28,38,39,36,30,70,60,38,20,48,50,36,22,46,29,38
202111240845,41,36,25,74,58,30,13,40,43,40,18,34,31,34,40,37,25,74,58,30,16,42,41,38,20,36,31,34
202111240900,40,33,26,78,59,28,12,41,41,38,20,37,34,31,39,34,26,78,59,29,15,43,39,36,22,39,34,31
202111240915,43,30,28,67,49,26,14,42,43,37,22,33,32,32,42,31,27,68,50,27,17,44,41,35,24,35,31,32
202111240930,43,29,28,60,52,23,13,37,40,38,19,36,29,30,42,30,27,61,53,24,16,39,38,36,21,38,29,30
202111240945,42,28,26,60,57,24,14,41,41,39,14,30,28,31,41,30,26,61,57,25,17,43,39,37,16,32,28,31
202111241000,49,29,32,55,54,26,15,41,39,41,14,33,29,32,48,31,31,57,55,27,17,43,37,39,16,35,29,33
202111241015,42,34,28,64,50,28,14,40,39,37,21,36,26,29,41,35,27,65,51,28,17,42,37,35,22,38,26,30
202111241030,43,34,27,63,53,27,11,37,38,39,23,39,28,29,42,35,26,64,54,28,14,39,36,37,24,40,28,30
202111241045,46,32,28,57,60,25,14,38,42,39,20,34,31,29,45,33,27,59,61,26,17,40,40,37,22,36,31,30
202111241100,51,37,30,62,59,24,12,38,38,37,19,33,30,29,50,38,29,64,60,25,15,39,36,35,21,35,30,30
202111241115,45,36,30,64,66,25,14,44,38,35,17,28,30,30,44,37,29,65,66,26,16,45,36,34,19,30,29,31
202111241130,56,38,34,71,67,33,13,44,43,37,19,28,28,31,55,40,33,73,68,33,16,45,40,35,20,30,28,32
202111241145,54,42,30,74,66,36,14,42,44,36,22,26,28,26,53,43,29,75,67,36,17,43,41,34,23,28,27,27
202111241200,61,55,28,79,75,44,16,41,52,37,24,27,33,29,60,56,27,80,75,44,20,42,49,36,26,29,32,30
202111241215,64,60,27,79,66,43,18,40,52,39,25,22,26,34,63,60,27,80,67,43,21,42,49,37,26,25,25,34
202111241230,65,58,26,70,63,41,18,35,55,40,28,23,30,30,64,58,26,72,65,41,22,37,52,38,29,26,29,30
202111241245,68,54,23,62,68,36,16,39,55,38,23,23,38,29,67,55,23,65,69,37,20,41,52,36,25,25,36,29
202111241300,62,44,22,66,67,32,12,34,50,42,23,28,36,29,61,45,22,68,68,33,16,36,47,40,25,30,35,29
202111241315,60,45,26,63,66,36,12,34,43,40,21,27,29,27,59,46,25,65,67,36,15,36,40,38,22,29,28,28
202111241330,54,42,25,66,67,30,11,39,44,41,21,31,29,32,53,43,25,68,67,31,14,41,41,39,22,33,29,32
202111241345,58,46,25,67,70,34,11,34,44,33,21,36,27,27,57,47,25,69,71,34,14,36,41,31,22,37,27,27
202111241400,54,47,23,68,61,30,10,38,43,38,21,37,26,29,53,48,23,70,62,31,14,40,40,36,22,38,26,29
202111241415,62,50,29,70,63,30,15,36,46,37,20,34,36,30,61,51,28,72,64,31,18,38,43,35,22,36,35,31
202111241430,57,43,30,63,60,22,15,39,44,36,16,33,30,26,56,44,29,65,61,24,18,40,42,34,18,34,30,27
202111241445,36,26,22,43,30,20,18,28,31,29,17,22,20,21,34,27,21,44,32,20,19,30,30,28,18,24,20,21
202111241500,32,28,19,44,26,21,21,34,34,11,16,24,22,25,30,29,19,45,28,22,22,36,33,12,17,26,22,25
202111241515,0,11,0,17,29,8,0,9,24,9,5,19,0,0,0,11,0,17,29,10,3,10,22,8,5,18,2,0
202111241530,0,10,0,14,32,5,0,10,23,10,4,17,0,0,0,10,0,15,31,7,3,11,21,9,4,16,1,0
202111241545,0,8,0,12,27,4,0,10,22,11,5,13,0,0,0,8,0,13,27,6,2,11,20,10,5,13,1,0
202111241600,0,8,0,14,28,5,0,11,24,12,4,17,0,0,0,8,0,15,28,7,3,12,22,11,4,17,2,0
202111241615,0,8,0,14,33,4,0,11,24,31,4,15,0,0,0,8,0,15,32,6,3,12,22,29,4,15,1,0
202111241630,0,10,0,15,45,7,0,16,26,30,3,21,0,0,1,10,0,16,44,9,3,17,24,28,3,20,2,0
202111241645,41,26,19,47,44,22,7,49,39,25,12,36,22,19,40,28,18,49,45,23,10,50,36,24,13,36,23,19
202111241700,49,42,25,81,98,36,11,85,64,44,17,62,26,25,50,43,24,81,96,38,17,84,59,42,18,61,29,26
202111241715,68,37,33,71,77,31,17,74,54,34,23,50,33,36,67,40,33,73,78,32,21,75,51,33,25,51,34,37
202111241730,68,43,30,64,95,40,18,78,54,30,24,54,36,39,68,45,30,67,95,40,22,79,51,29,26,55,37,39
202111241745,75,45,40,67,105,48,20,69,59,35,28,52,37,40,75,48,39,70,104,48,24,70,56,34,30,54,38,41
202111241800,80,57,41,77,98,53,23,68,68,40,30,49,38,44,80,59,40,80,98,53,28,69,64,39,31,51,38,45
202111241815,94,63,41,84,99,57,20,58,67,39,30,46,34,43,93,65,40,87,100,56,25,60,63,38,31,48,34,44
202111241830,91,72,49,92,95,61,21,61,69,39,39,53,34,44,90,73,48,95,96,60,26,63,65,38,39,55,35,46
202111241845,103,72,51,104,92,60,25,62,75,37,35,55,38,47,101,74,50,107,94,60,30,64,71,36,36,57,39,49
202111241900,105,72,48,113,87,62,22,62,80,35,40,42,45,51,103,75,47,116,90,62,28,64,75,34,41,46,44,52
202111241915,106,69,50,104,86,64,25,60,76,32,34,39,43,55,104,72,49,107,89,63,30,62,71,32,36,44,42,56
202111241930,105,68,48,101,90,68,29,57,76,31,35,38,47,53,103,71,47,104,92,67,34,59,72,31,37,42,45,54
202111241945,103,59,49,101,88,71,29,51,89,31,39,39,44,50,101,63,48,104,90,71,35,53,84,31,40,43,43,51
202111242000,106,60,51,102,91,77,30,47,87,30,41,36,51,47,104,64,50,105,93,76,36,49,82,30,43,40,49,49
202111242015,105,60,49,105,86,66,31,44,82,29,37,34,47,49,103,64,48,108,89,66,36,46,77,29,39,38,45,50
202111242030,100,57,49,109,80,72,30,43,89,29,41,40,44,56,97,61,49,112,83,71,36,46,84,29,42,44,43,57
202111242045,95,56,53,102,72,70,28,47,81,32,38,40,44,60,92,59,53,105,75,69,34,50,76,32,39,45,43,61
202111242100,91,58,46,97,73,70,26,54,79,32,42,40,43,58,89,61,46,99,76,69,32,57,74,31,43,45,42,58
202111242115,88,60,48,93,71,62,29,51,85,29,39,37,44,61,86,62,48,95,74,63,35,54,80,29,40,42,43,61
202111242130,87,55,48,91,66,56,30,47,83,28,37,33,42,62,84,58,48,93,69,57,36,50,78,28,38,39,40,62
202111242145,84,56,49,92,57,57,31,46,77,27,36,32,42,62,81,58,49,94,60,57,36,49,73,27,37,38,40,62
202111242200,78,57,48,100,64,55,27,48,88,26,36,36,42,63,76,59,48,101,66,57,33,51,82,26,37,42,41,63
202111242215,69,57,50,99,60,60,28,45,95,28,35,36,41,59,67,58,50,100,62,62,35,48,89,28,36,41,40,60
202111242230,59,54,52,99,62,59,29,48,99,27,37,35,34,57,58,54,51,99,63,61,36,51,92,27,37,40,34,58
202111242245,54,47,50,99,62,54,30,47,92,25,35,31,31,60,53,48,50,98,63,56,37,50,86,25,35,37,30,61
202111242300,52,46,46,97,60,52,29,44,90,26,33,31,32,58,51,47,46,96,61,54,36,47,84,26,33,36,31,59
202111242315,57,42,46,97,55,47,26,45,94,23,32,26,31,52,55,43,46,97,57,50,33,48,88,23,33,31,30,53
202111242330,54,40,41,102,53,45,19,48,91,19,28,23,29,48,52,41,41,102,55,48,27,50,84,19,29,28,28,49
202111242345,52,38,38,97,51,38,17,40,84,18,28,22,28,45,50,39,38,97,53,42,24,42,78,18,29,26,27,46
202111250000,51,37,31,95,37,35,19,38,77,21,27,20,25,42,49,38,31,95,39,38,25,40,72,21,27,24,24,42
202111250015,48,35,34,84,39,36,20,31,71,19,26,16,26,42,46,36,34,84,41,39,25,33,67,19,27,21,25,42
202111250030,44,37,32,72,36,33,16,27,64,15,23,14,24,40,42,38,32,72,38,35,21,30,60,15,24,18,23,40
202111250045,39,39,31,67,29,29,16,29,63,17,24,12,24,31,37,39,30,67,31,32,21,31,59,17,24,16,22,32
202111250100,38,37,30,64,27,34,14,29,61,15,23,10,21,30,36,37,29,64,29,36,19,31,57,15,23,13,20,31
202111250115,35,33,28,64,26,31,15,28,61,13,20,11,22,30,33,33,27,64,28,33,20,30,57,13,21,14,21,30
202111250130,36,33,24,65,27,27,15,25,58,14,16,12,21,28,34,33,24,65,29,29,20,27,54,14,17,15,20,28
202111250145,34,36,25,63,25,24,13,24,54,13,12,13,21,23,32,36,24,63,27,26,18,26,50,13,13,16,20,24
202111250200,37,34,20,66,27,23,12,22,53,14,14,11,18,24,35,34,20,66,29,26,16,24,49,14,15,14,17,24
202111250215,33,29,20,60,26,22,8,21,50,13,10,10,18,25,31,30,20,60,28,25,12,23,46,13,11,13,17,25
202111250230,32,30,20,60,23,26,7,19,46,13,8,9,18,24,30,30,20,60,25,27,11,21,43,13,9,12,17,24
202111250245,33,30,17,58,27,23,8,21,42,11,8,10,16,23,31,30,17,59,29,24,12,23,39,11,9,13,15,23
202111250300,33,31,19,55,26,21,8,21,50,13,9,10,17,20,31,31,18,56,28,23,13,23,46,13,10,12,16,20
202111250315,30,28,20,55,23,13,4,20,49,12,9,7,15,18,28,28,19,55,25,16,9,22,45,11,10,9,14,18
202111250330,32,29,22,57,24,15,3,19,44,11,10,7,14,20,30,29,21,57,26,18,8,21,40,10,11,10,13,20
202111250345,34,31,21,52,22,18,3,18,45,11,13,7,13,21,32,32,20,53,25,20,8,20,41,10,13,10,12,21
202111250400,31,28,21,49,21,21,3,20,44,12,13,7,16,22,29,29,20,50,23,23,7,22,41,11,14,10,15,22
202111250415,29,23,17,53,18,21,0,18,43,9,8,7,12,19,27,24,16,54,20,23,5,20,39,8,9,9,11,19
202111250430,27,22,18,49,20,24,0,17,45,8,8,7,12,19,25,23,17,50,22,26,5,19,41,7,9,9,11,19
202111250445,28,25,17,50,20,20,0,19,43,8,8,7,12,20,26,26,17,51,22,22,5,21,39,7,9,10,11,20
202111250500,27,25,17,50,21,19,10,19,38,13,12,10,16,20,25,26,17,51,23,21,13,21,36,13,13,12,15,20
202111250515,28,21,18,49,23,19,11,18,39,12,15,11,12,20,26,22,18,50,25,21,14,20,37,12,15,13,12,20
202111250530,30,25,19,50,20,24,13,19,46,17,17,12,17,22,28,26,19,51,22,26,17,21,43,17,17,14,16,22
202111250545,27,24,18,51,17,19,12,23,44,14,15,10,14,21,25,25,18,51,19,21,15,25,41,14,15,12,13,21
202111250600,28,21,17,50,14,23,15,22,33,10,10,12,19,23,26,22,17,51,17,24,17,24,32,10,11,15,18,23
202111250615,30,20,20,54,17,19,16,22,29,11,13,14,18,27,28,21,20,55,19,20,17,24,28,11,14,17,17,27
202111250630,39,22,30,64,23,25,14,32,54,19,20,18,20,37,37,24,30,65,26,27,18,34,51,19,20,22,19,37
202111250645,0,11,0,17,20,5,0,10,28,16,8,13,0,0,0,10,0,17,20,7,3,11,26,15,7,13,1,0
202111250700,0,13,0,21,22,6,0,10,33,25,10,14,0,0,0,12,0,21,22,9,4,11,30,23,9,14,1,0
202111250715,0,11,0,21,26,8,0,15,39,26,13,17,0,0,0,11,0,21,26,11,4,16,36,24,12,17,2,0
202111250730,0,12,0,21,31,10,0,20,40,23,12,21,0,0,0,11,0,21,30,13,5,21,37,21,11,20,2,0
202111250745,0,12,0,18,28,11,0,18,39,24,8,22,0,0,0,11,0,18,28,14,4,19,36,22,7,21,2,0
202111250800,0,13,0,22,39,11,0,16,43,24,6,15,0,0,1,12,0,22,38,14,5,17,39,22,6,15,1,0
202111250815,0,13,0,22,38,11,0,13,33,21,6,18,0,0,0,12,0,22,37,13,4,14,30,20,5,17,2,0
202111250830,0,12,0,19,38,9,0,11,26,22,5,17,0,0,0,11,0,19,37,11,3,12,24,20,4,16,2,0
202111250845,0,9,0,18,31,7,0,10,21,23,4,17,0,0,0,9,0,19,30,8,2,11,19,21,4,17,2,0
202111250900,0,10,0,17,25,4,0,9,21,23,5,16,0,0,0,10,0,18,25,6,2,10,19,21,5,16,1,0
202111250915,0,9,0,14,26,5,0,11,21,18,4,15,0,0,0,9,0,15,26,7,2,12,19,17,4,15,1,0
202111250930,0,5,0,11,23,6,0,12,17,16,4,15,0,0,0,5,0,12,23,7,2,13,16,15,4,15,1,0
202111250945,0,8,0,13,24,6,0,11,18,16,3,12,0,0,0,8,0,14,24,7,2,12,17,15,3,12,1,0
202111251000,0,8,0,16,22,5,0,13,24,20,4,12,0,0,0,8,0,16,22,7,3,14,22,19,4,12,1,0
202111251015,0,7,0,17,26,5,0,12,25,22,4,13,0,0,0,7,0,18,26,7,3,13,23,20,4,13,1,0
202111251030,0,9,0,15,28,7,0,12,27,21,4,14,0,0,0,9,0,16,28,9,3,13,25,20,4,14,1,0
202111251045,0,9,0,13,29,5,0,9,25,20,3,14,0,0,0,9,0,14,29,7,3,10,23,19,3,14,1,0
202111251100,0,11,0,14,26,5,0,9,22,19,5,10,0,0,0,11,0,14,26,7,2,10,20,18,5,10,1,0
202111251115,0,12,0,17,24,5,0,11,23,19,4,15,0,0,0,11,0,17,24,7,3,12,21,18,4,15,1,0
202111251130,0,11,0,18,28,5,0,10,24,19,6,15,0,0,0,10,0,18,28,7,3,11,22,18,5,15,1,0
202111251145,0,12,0,13,31,7,0,11,24,21,5,13,0,0,0,11,0,14,30,9,3,12,22,20,5,13,1,0
202111251200,0,15,0,19,33,8,0,11,31,23,6,16,0,0,0,14,0,19,32,10,3,12,29,21,6,16,1,0
202111251215,0,18,0,19,41,9,0,13,39,20,6,15,0,0,1,17,0,20,40,12,4,14,36,19,5,15,1,0
202111251230,0,16,0,23,33,9,0,17,37,22,8,18,0,0,0,15,0,23,32,12,4,18,34,20,7,17,2,0
202111251245,52,41,24,57,45,28,12,39,48,28,18,22,26,24,50,42,23,59,47,29,16,40,45,27,19,24,25,24
202111251300,54,46,24,60,55,32,13,39,42,28,17,24,27,25,53,46,23,62,56,32,16,40,40,27,19,26,26,25
202111251315,50,43,25,60,57,30,13,40,44,33,17,24,26,27,49,44,25,62,58,31,16,41,41,32,18,26,25,27
202111251330,51,34,21,60,59,33,12,43,42,38,15,25,24,25,50,36,21,62,60,33,15,44,39,36,16,27,24,25
202111251345,53,35,22,60,59,33,12,41,34,37,17,34,26,25,52,37,22,62,60,32,14,42,32,35,18,35,26,25
202111251400,47,37,23,57,56,35,12,40,37,32,14,40,27,25,46,38,22,59,57,34,15,41,35,31,16,41,28,25
202111251415,51,33,25,57,58,32,11,42,41,30,15,35,24,25,50,35,24,59,59,32,14,43,38,29,16,36,25,26
202111251430,57,38,28,67,50,34,16,38,42,34,17,34,29,28,55,40,27,69,52,34,19,40,40,33,19,36,29,29
202111251445,50,33,26,61,54,29,15,36,39,30,16,33,26,31,49,35,26,63,55,29,17,38,37,29,18,35,26,31
202111251500,0,0,43,0,83,0,0,60,0,13,18,27,26,40,3,1,42,2,79,0,0,61,1,12,19,30,26,41
202111251515,0,0,48,0,83,0,0,62,0,18,15,31,28,40,3,1,47,1,79,1,0,63,1,17,17,34,28,42
202111251530,0,0,48,0,92,0,0,62,0,12,15,31,30,44,3,1,47,2,87,0,0,63,0,11,17,35,30,46
202111251545,0,0,46,0,89,0,0,55,0,10,13,30,29,36,3,1,44,1,84,0,0,56,1,9,15,33,29,38
202111251600,0,0,53,0,93,0,0,49,0,9,17,35,27,43,3,1,51,2,88,0,0,51,1,8,19,38,27,45
202111251615,0,0,48,0,97,0,0,45,0,9,17,35,26,47,4,1,47,2,92,0,0,47,1,8,18,39,26,48
202111251630,0,0,55,0,87,0,0,61,0,10,20,33,27,47,3,1,53,1,83,0,0,63,1,9,21,37,27,49
202111251645,0,0,55,0,92,0,0,74,0,14,24,44,28,44,3,1,53,1,87,0,0,75,1,13,25,47,29,46
202111251700,0,0,61,0,88,0,0,82,0,12,22,49,27,50,3,1,59,1,83,0,0,83,1,11,23,52,28,53
202111251715,0,0,65,0,90,0,0,89,0,14,22,46,27,53,3,1,63,1,85,0,0,90,1,13,23,50,28,56
202111251730,0,0,72,0,96,0,0,99,0,13,23,51,34,57,4,1,70,1,91,0,0,100,1,12,25,55,35,60
202111251745,0,0,87,0,104,0,0,89,0,16,29,45,30,60,4,1,84,1,98,0,0,90,1,15,30,49,31,64
202111251800,0,0,87,0,101,0,0,95,0,18,30,49,35,64,4,1,84,2,95,0,0,96,1,17,31,54,36,68
202111251815,0,0,84,0,106,0,0,82,0,15,33,55,40,66,4,1,81,1,100,0,0,84,1,14,34,60,41,70
202111251830,0,0,97,0,106,0,0,102,0,16,34,55,42,68,4,1,93,1,100,0,0,103,1,15,36,60,42,73
202111251845,0,0,128,0,131,0,0,116,0,11,29,59,49,56,6,1,121,1,123,0,0,116,1,10,32,62,49,65
202111251900,0,0,118,0,140,0,0,103,0,12,29,53,48,77,6,1,113,1,132,0,0,105,1,11,32,59,48,83
202111251915,0,0,110,0,129,0,0,99,0,15,34,47,45,77,5,0,106,1,122,0,0,101,1,14,36,53,44,83
202111251930,0,0,107,0,140,0,0,99,0,14,34,49,43,81,6,0,104,2,132,0,0,101,0,13,36,56,43,86
202111251945,0,0,116,0,131,0,0,91,0,12,34,50,41,87,5,0,112,1,123,0,0,94,0,11,35,57,41,93
202111252000,72,52,98,63,137,55,18,97,63,44,41,46,37,83,74,54,95,66,134,54,23,99,59,42,41,53,37,87
202111252015,88,53,57,84,95,57,20,52,72,33,40,41,37,57,87,56,56,87,96,57,25,55,67,32,40,45,37,59
202111252030,92,58,55,92,89,60,20,48,74,30,40,42,41,56,90,61,54,95,91,60,26,51,69,29,41,46,40,58
202111252045,95,67,57,93,78,65,22,45,74,31,42,38,38,58,93,69,56,96,81,64,27,48,69,30,42,43,37,60
202111252100,89,57,53,104,75,63,22,42,69,31,40,34,35,57,87,60,52,106,78,62,27,45,65,30,40,39,34,58
202111252115,80,50,51,109,67,62,24,47,78,24,37,37,36,58,78,53,51,110,69,62,30,50,73,24,38,42,35,59
202111252130,78,51,54,113,70,61,23,44,78,23,42,40,38,62,76,53,54,114,72,61,29,47,73,23,42,45,38,63
202111252145,83,49,50,103,71,61,27,42,81,23,43,40,38,60,81,52,50,105,73,61,33,45,76,23,43,45,38,61
202111252200,86,53,50,112,71,59,23,37,90,23,42,32,36,63,84,56,50,113,73,60,30,40,84,23,42,38,35,63
202111252215,81,48,52,111,63,55,26,43,84,23,40,29,35,62,79,51,52,112,66,56,32,46,79,23,40,35,34,63
202111252230,76,48,51,106,65,54,26,43,85,21,40,29,34,59,74,50,51,107,67,56,32,46,80,21,40,35,33,60
202111252245,66,43,49,104,59,47,26,40,85,22,35,33,33,53,64,45,48,104,61,50,32,43,80,22,35,38,32,54
202111252300,69,39,48,102,53,43,26,43,75,25,34,34,32,55,67,42,48,103,56,45,31,46,71,25,34,39,32,56
202111252315,60,40,42,94,51,36,25,38,80,21,30,28,32,48,58,42,42,95,53,40,31,41,75,21,31,33,31,49
202111252330,54,37,37,90,50,38,24,34,78,20,29,24,30,45,52,39,37,90,52,41,30,37,73,20,30,28,29,45
202111252345,53,37,33,78,45,44,21,31,69,18,25,25,27,41,51,39,33,79,47,45,26,33,65,18,26,29,26,41
202111260000,52,38,38,80,38,36,21,27,65,18,23,18,23,42,50,39,37,81,41,38,26,30,61,18,23,22,22,43
202111260015,50,35,22,92,24,20,11,15,44,20,21,15,19,42,47,37,23,92,27,22,15,18,41,19,21,20,18,41
202111260030,46,31,20,70,24,19,12,14,46,18,18,13,16,39,43,33,21,71,27,21,16,17,43,17,18,17,15,38
202111260045,43,26,22,67,20,21,10,14,50,16,16,12,16,32,40,28,22,68,23,23,14,17,47,15,16,15,15,32
202111260100,40,30,23,58,20,25,13,14,48,17,19,10,16,29,38,31,23,59,23,27,17,17,45,17,19,13,15,29
202111260115,32,28,23,57,24,23,13,13,48,15,18,11,16,26,30,29,23,58,26,25,17,15,45,15,18,14,15,26
202111260130,34,30,22,63,25,22,10,14,49,14,17,12,14,23,32,31,21,63,27,24,14,16,46,14,17,14,14,23
202111260145,35,29,21,60,20,22,9,13,54,15,17,11,12,20,33,30,20,61,23,25,14,15,50,14,17,13,12,20
202111260200,35,27,17,58,25,20,9,14,54,13,14,8,14,20,33,28,17,59,27,23,14,16,50,13,14,10,13,20
202111260215,35,28,17,56,22,17,11,11,50,11,12,9,13,21,33,29,17,57,25,20,15,13,47,11,12,11,12,21
202111260230,33,28,18,56,19,16,9,11,49,12,13,11,14,23,31,29,18,57,22,19,13,13,46,12,13,14,13,23
202111260245,33,30,19,52,15,17,10,11,48,12,13,11,12,22,31,31,19,53,18,20,14,13,45,12,13,14,12,22
202111260300,28,27,18,51,15,14,9,10,51,12,14,10,12,23,26,27,18,51,18,18,13,12,47,12,14,13,12,23
202111260315,24,26,17,52,14,10,4,12,54,11,14,6,10,21,22,26,17,52,16,14,9,14,50,11,14,9,9,21
202111260330,24,23,16,49,16,11,4,11,57,11,13,7,9,21,22,23,16,49,18,15,10,13,52,11,13,10,9,21
202111260345,25,22,14,50,14,10,5,11,52,11,11,7,10,21,23,23,14,50,16,14,10,13,48,10,11,10,10,21
202111260400,25,21,15,49,15,10,4,11,52,12,11,7,10,21,23,22,15,49,17,14,9,13,48,11,11,10,10,21
202111260415,23,21,13,44,12,11,0,13,57,7,8,9,8,21,21,22,13,45,14,15,6,15,52,7,8,12,8,21
202111260430,22,22,12,41,13,13,0,14,54,7,8,9,8,21,20,22,12,42,15,17,6,16,49,6,8,12,8,21
202111260445,22,20,11,41,16,12,0,14,53,7,9,9,7,25,20,20,12,42,18,16,6,16,48,6,9,12,7,24
202111260500,21,20,14,37,16,13,11,13,50,11,12,13,10,22,19,20,14,38,18,17,15,15,47,11,12,15,10,22
202111260515,22,19,16,40,16,12,10,14,47,10,11,12,11,21,20,20,16,41,18,15,14,16,44,10,11,14,11,21
202111260530,26,19,17,49,20,16,15,14,51,15,14,12,14,23,24,20,17,50,22,19,19,16,48,15,14,15,14,23
202111260545,23,15,16,45,18,14,13,15,49,13,14,13,15,24,21,16,16,45,20,17,17,17,46,13,14,16,14,24
202111260600,24,18,14,50,22,16,15,19,52,13,18,14,17,26,22,19,14,50,24,19,19,21,49,13,18,17,16,25
202111260615,27,19,17,52,24,16,17,22,50,16,21,20,15,28,25,20,17,52,26,19,20,24,47,16,21,23,15,28
202111260630,24,22,43,52,61,21,18,55,64,22,21,24,18,40,25,22,42,52,60,25,23,57,60,22,21,28,18,41
202111260645,0,0,54,0,71,0,0,63,0,7,21,25,22,42,2,1,52,2,68,0,0,64,1,6,22,29,22,44
202111260700,0,0,63,0,80,0,0,72,0,11,24,32,27,47,3,1,61,2,76,0,0,73,1,10,25,36,27,50
202111260715,0,0,68,0,88,0,0,76,0,13,30,41,28,61,3,1,66,2,83,0,0,78,1,12,30,46,29,63
202111260730,0,0,70,0,104,0,0,92,0,15,33,43,29,59,4,1,68,1,98,0,0,93,0,14,33,48,30,62
202111260745,0,0,74,0,102,0,0,88,0,16,29,42,32,57,4,1,72,1,96,0,0,89,1,15,30,46,32,60
202111260800,0,0,68,0,120,0,0,92,0,19,26,43,33,57,5,1,66,1,113,0,0,93,1,18,27,47,33,60
202111260815,0,0,61,0,111,0,0,78,0,15,30,42,32,52,4,1,59,1,105,0,0,79,0,14,31,46,32,54
202111260830,0,0,55,0,97,0,0,68,0,15,29,40,31,49,4,1,54,1,92,1,0,69,0,14,30,44,31,51
202111260845,0,0,53,0,95,0,0,64,0,13,21,35,32,46,3,1,51,1,90,0,0,65,0,12,23,39,32,48
202111260900,0,0,55,0,81,0,0,60,0,11,19,35,36,33,3,1,52,2,77,0,0,61,1,10,21,37,35,36
202111260915,0,0,45,0,85,0,0,51,0,12,25,34,34,35,3,1,43,2,81,0,0,52,1,11,27,36,33,37
202111260930,0,0,45,0,86,0,0,55,0,14,22,31,30,39,3,1,44,1,82,0,0,56,1,13,23,34,30,41
202111260945,0,0,53,0,92,0,0,56,0,10,21,32,28,38,3,1,51,1,87,0,0,57,1,9,22,35,28,41
202111261000,0,0,50,0,77,0,0,57,0,9,21,36,29,36,3,1,48,2,73,0,0,58,1,8,22,38,29,38
202111261015,0,0,47,0,82,0,0,60,0,8,21,37,33,33,3,1,45,2,78,0,0,61,1,7,23,39,33,35
202111261030,0,0,47,0,76,0,0,58,0,11,25,29,34,38,3,1,45,2,72,0,0,59,1,10,27,32,33,40
202111261045,0,0,49,0,68,0,0,57,0,10,21,31,33,32,2,1,47,2,65,0,0,58,0,9,23,33,32,35
202111261100,0,0,49,0,60,0,0,66,0,8,17,32,34,33,2,0,47,2,57,0,0,67,0,7,19,34,33,35
202111261115,0,0,46,0,60,0,0,63,0,6,20,30,31,36,1,0,44,2,58,0,0,64,0,6,22,33,30,38
202111261130,0,0,49,0,67,0,0,61,0,8,22,31,33,38,2,1,47,1,64,0,0,62,0,7,24,34,32,40
202111261145,0,0,48,0,76,0,0,59,0,17,23,34,37,45,2,1,47,1,72,0,0,61,1,16,25,38,36,46
202111261200,58,30,48,49,70,33,9,64,32,35,26,31,37,45,57,33,47,52,71,32,11,66,30,33,28,35,36,46
202111261215,61,40,24,72,46,35,15,41,33,24,22,30,37,30,59,42,24,74,49,34,17,43,32,23,24,32,36,30
202111261230,59,43,30,73,50,35,11,41,37,30,24,30,32,35,57,45,30,74,52,34,14,43,35,29,25,33,31,35
202111261245,62,41,23,65,52,39,13,40,35,34,21,24,31,31,60,43,23,67,54,38,15,42,33,32,23,27,30,31
202111261300,59,42,25,56,53,34,12,34,37,35,20,28,26,33,57,44,25,59,55,34,15,36,35,33,21,31,26,33
202111261315,51,39,24,63,51,34,14,33,33,34,19,29,25,34,49,40,24,65,53,33,16,35,32,33,20,32,25,34
202111261330,51,34,27,58,53,32,13,36,32,39,18,28,25,33,50,36,27,60,54,31,15,38,31,37,19,31,25,33
202111261345,52,34,23,60,56,32,11,36,34,35,16,30,31,30,51,36,23,62,57,32,13,38,32,33,18,32,30,30
202111261400,54,33,21,61,53,29,10,35,36,35,19,31,29,33,53,35,21,63,55,29,13,37,34,33,20,33,29,33
202111261415,51,33,23,67,55,35,11,35,33,31,16,29,27,32,50,35,23,68,56,34,13,37,31,30,18,32,27,32
202111261430,58,29,23,66,55,30,11,36,34,30,16,31,29,29,56,32,23,68,57,30,13,38,32,29,18,33,29,29
202111261445,0,43,20,67,60,27,9,32,34,31,17,32,29,29,2,39,20,65,57,27,11,34,32,29,19,34,29,29
202111261500,0,0,21,83,69,23,12,33,37,34,15,32,31,26,2,1,21,80,66,24,14,35,35,32,17,33,31,26
202111261515,58,0,21,78,53,24,15,32,33,34,18,31,28,25,56,6,21,79,55,24,17,34,32,33,20,32,28,25
202111261530,62,42,22,66,52,25,15,33,38,31,19,35,29,27,60,44,22,68,54,26,17,35,36,30,21,36,29,27
202111261545,58,45,26,0,52,27,17,42,38,32,20,30,26,26,56,46,25,6,54,28,19,43,36,31,21,32,26,27
202111261600,54,42,23,0,59,28,17,45,37,32,18,32,28,28,53,43,23,6,60,28,19,46,36,31,20,34,28,28
202111261615,56,38,26,0,63,26,13,49,32,29,18,32,28,28,55,40,25,6,64,26,15,50,31,28,20,34,28,28
202111261630,55,40,30,69,68,25,15,57,38,32,22,42,29,29,54,41,29,70,69,26,17,58,36,31,23,43,30,30
202111261645,59,41,37,69,82,34,16,74,43,36,23,50,33,33,59,43,36,71,82,34,19,74,41,35,25,51,34,34
202111261700,69,42,35,68,88,39,17,77,51,36,24,56,32,37,69,44,34,71,88,39,21,78,48,34,25,57,33,38
202111261715,74,49,38,65,86,50,20,86,54,34,22,52,33,34,73,51,37,68,87,49,23,86,51,33,24,53,34,35
202111261730,79,55,37,69,88,50,21,92,56,33,22,48,38,37,78,57,36,72,89,49,25,92,53,32,24,50,38,38
202111261745,91,70,39,70,107,46,24,75,53,36,24,46,37,40,91,72,38,74,107,45,27,76,51,35,26,48,37,41
202111261800,105,75,39,73,106,50,22,60,54,39,27,43,36,46,104,77,39,78,107,49,25,62,51,38,28,46,36,47
202111261815,113,70,38,83,103,57,26,69,59,42,32,48,36,47,112,73,38,88,105,56,29,70,56,41,33,51,36,47
202111261830,119,78,36,100,95,64,25,67,62,38,33,55,35,53,117,81,37,104,98,62,29,69,59,37,34,58,36,53
202111261845,129,77,38,103,100,76,30,74,64,40,38,56,38,49,126,81,38,108,103,73,33,75,61,39,39,58,39,49
202111261900,128,84,41,99,111,82,30,73,76,42,41,53,41,52,126,87,41,104,113,79,35,75,72,41,42,56,41,52
202111261915,122,86,46,106,116,82,26,64,78,38,43,46,39,50,120,89,45,110,118,79,31,66,73,37,43,49,39,51
202111261930,121,86,43,106,109,73,28,68,77,40,40,47,44,52,119,89,43,110,111,71,33,70,73,39,41,51,44,53
202111261945,125,86,45,107,104,74,27,69,79,37,34,41,48,47,123,89,44,111,107,72,32,70,74,36,36,44,46,48
202111262000,111,88,47,109,111,79,27,65,81,38,36,39,45,47,110,90,46,112,112,77,33,67,76,37,38,43,44,48
202111262015,112,75,48,112,107,67,28,61,78,39,37,41,49,50,111,78,47,115,109,66,33,63,73,38,39,45,47,51
202111262030,113,79,52,114,97,67,29,55,86,35,36,38,44,58,111,81,51,117,100,67,35,57,81,34,38,43,43,59
202111262045,107,66,55,109,99,74,29,62,84,37,40,35,45,64,105,69,55,112,101,73,35,65,79,36,41,41,43,65
202111262100,105,73,58,106,86,73,30,56,85,39,38,38,42,62,103,76,57,109,89,72,36,59,80,38,39,43,41,63
202111262115,96,75,53,103,88,66,28,57,84,34,36,37,47,59,94,77,53,105,90,66,34,59,79,33,38,42,45,60
202111262130,84,71,51,102,82,59,30,45,92,34,34,38,48,65,83,72,51,104,84,61,37,48,86,34,36,44,46,65
202111262145,90,67,51,95,76,57,27,40,87,32,31,36,47,67,88,69,51,98,78,58,33,44,81,32,34,42,45,67
202111262200,89,72,49,108,89,54,26,39,87,31,32,32,51,68,88,73,50,110,90,56,33,43,82,31,35,39,48,68
202111262215,89,69,51,105,76,48,26,46,91,27,31,33,49,69,87,70,51,107,78,51,33,49,85,27,34,40,47,69
202111262230,77,65,54,104,69,52,28,46,91,26,32,33,44,65,75,66,54,105,71,54,35,49,85,26,34,39,42,66
202111262245,76,53,55,102,71,46,28,41,88,25,31,33,39,63,74,55,55,103,73,49,34,44,83,25,33,39,38,64
202111262300,68,48,59,94,68,50,28,34,88,21,31,33,39,63,67,50,58,95,69,52,34,38,83,21,33,39,38,64
202111262315,58,46,57,98,65,50,25,36,86,22,30,31,34,53,57,47,56,98,66,52,31,39,80,22,31,36,33,55
202111262330,59,47,47,97,51,40,31,35,84,20,29,29,32,49,57,48,46,97,53,43,36,38,79,21,30,34,31,50
202111262345,64,40,43,93,47,38,27,37,82,16,30,27,29,51,62,42,43,94,50,41,33,40,77,17,31,32,28,52
202111270000,59,43,41,89,44,41,23,35,77,16,26,25,24,51,57,44,41,90,46,43,29,38,72,16,26,30,24,51
202111270015,55,41,39,86,39,38,20,29,73,18,26,21,24,44,53,42,38,87,42,40,26,32,68,18,26,25,23,45
202111270030,49,35,38,79,35,32,18,26,67,16,24,18,22,38,47,36,37,79,38,35,23,28,63,16,24,22,21,39
202111270045,45,30,33,71,36,33,18,26,67,13,20,20,21,37,43,32,33,72,38,36,23,28,63,13,20,24,21,37
202111270100,38,22,29,68,33,32,16,23,65,14,19,18,20,35,36,24,29,69,35,34,21,26,61,14,19,21,19,35
202111270115,31,25,26,61,32,33,14,22,61,12,14,16,23,32,29,26,26,61,33,35,19,24,57,12,15,19,22,32
202111270130,32,25,24,62,31,28,14,20,57,14,11,15,20,31,30,26,24,62,33,30,19,22,53,14,12,18,19,31
202111270145,33,22,25,59,30,25,11,18,54,12,10,16,20,28,31,23,25,60,32,27,16,20,50,12,11,19,19,28
202111270200,32,21,22,57,31,24,9,23,53,14,12,16,19,29,31,22,22,58,33,27,14,25,49,14,13,19,19,29
202111270215,32,21,21,54,29,21,7,21,50,13,13,13,16,30,30,22,21,55,31,24,12,23,46,13,14,16,16,30
202111270230,33,22,20,53,28,23,8,19,44,13,12,16,17,29,31,23,20,54,30,25,12,21,41,13,13,19,17,29
202111270245,31,21,24,55,25,24,8,16,43,13,13,12,18,27,29,22,24,56,27,25,12,18,40,13,14,15,17,27
202111270300,29,22,23,58,23,21,8,18,45,12,12,13,17,26,27,23,23,58,25,23,12,20,42,12,13,16,16,26
202111270315,29,18,23,58,21,12,5,17,47,14,11,8,14,27,27,19,23,58,23,15,9,19,43,13,11,11,13,27
202111270330,28,17,21,51,20,12,7,15,47,14,11,7,13,29,26,18,21,51,22,15,11,17,44,14,11,11,12,29
202111270345,30,16,21,49,22,10,7,16,45,13,11,7,12,31,28,18,21,50,24,14,11,19,42,13,11,11,11,31
202111270400,33,16,23,50,20,19,5,17,43,12,16,7,15,34,31,18,23,51,22,21,9,20,40,12,16,11,14,34
202111270415,28,18,15,49,21,18,0,16,48,10,9,6,11,30,26,19,16,49,23,21,5,19,44,9,9,10,10,29
202111270430,24,17,13,49,19,19,0,16,47,9,9,6,11,30,22,18,14,49,21,21,5,19,43,8,9,10,10,29
202111270445,24,18,13,48,22,21,0,19,45,8,11,7,10,29,22,19,13,48,24,23,5,21,41,7,11,11,9,28
202111270500,23,19,20,46,21,25,10,17,43,10,15,11,11,27,21,20,20,46,23,26,13,19,40,10,15,14,11,27
202111270515,24,15,20,43,21,24,10,20,37,12,12,11,14,24,22,16,20,44,23,25,13,22,35,12,12,14,13,24
202111270530,24,14,21,40,22,21,11,19,40,13,11,11,13,25,22,15,21,41,24,22,14,21,38,13,11,14,12,25
202111270545,24,15,22,40,23,22,10,22,42,11,11,11,11,26,22,16,22,41,25,23,13,24,39,11,11,14,11,26
202111270600,25,14,23,38,23,21,16,23,44,11,12,13,13,30,23,16,23,39,25,23,19,25,42,11,12,16,13,30
202111270615,22,14,24,44,24,23,12,19,45,12,13,14,14,32,20,15,24,44,25,25,15,22,42,12,13,17,14,32
202111270630,23,17,23,49,24,23,16,21,46,16,15,17,16,32,22,18,23,49,26,25,19,23,43,16,15,20,16,32
202111270645,27,18,22,53,27,21,17,31,45,19,14,20,17,38,26,19,23,53,29,23,20,33,43,19,15,24,17,37
202111270700,30,22,28,58,30,26,16,35,55,28,20,25,20,45,28,23,29,58,32,28,20,38,52,27,20,29,20,44
202111270715,35,26,31,61,38,28,15,30,64,26,20,28,21,50,33,27,32,61,39,31,20,33,60,25,20,33,21,50
202111270730,41,27,30,62,43,33,18,32,69,26,20,28,19,46,39,28,30,63,44,36,23,35,64,25,20,32,19,46
202111270745,43,33,35,69,47,35,17,41,73,29,23,34,24,40,42,34,35,70,48,38,23,43,68,28,23,37,25,41
202111270800,50,36,34,72,53,43,21,43,75,32,27,43,24,45,48,37,34,73,54,45,27,45,70,31,27,46,25,45
202111270815,48,35,37,77,62,47,20,40,74,33,29,44,28,48,47,36,37,78,63,48,26,43,69,32,29,47,29,48
202111270830,44,36,33,81,63,46,21,43,78,31,29,43,26,46,43,37,33,81,63,48,27,45,73,30,29,46,27,46
202111270845,51,38,30,84,69,44,22,38,73,31,29,45,30,47,51,39,31,84,69,46,27,41,68,30,30,48,31,46
202111270900,48,36,36,86,73,46,22,42,69,30,29,53,34,53,48,37,37,86,73,47,27,45,65,29,30,56,35,53
202111270915,50,40,38,78,72,43,17,46,66,31,33,54,31,52,50,41,38,79,72,44,22,49,62,30,33,57,33,52
202111270930,45,43,42,78,75,40,22,46,62,33,34,53,32,55,45,43,42,78,74,41,26,49,58,32,34,56,33,55
202111270945,51,42,41,76,76,41,19,46,66,35,30,52,33,56,51,43,41,77,76,42,24,49,62,34,31,55,34,56
202111271000,48,45,43,79,81,42,17,48,68,38,30,58,34,51,48,45,43,79,80,43,22,50,63,36,31,60,35,52
202111271015,56,46,47,86,85,38,19,46,65,38,29,48,39,45,56,47,46,86,84,40,24,48,61,37,31,50,39,46
202111271030,64,44,47,89,85,38,21,39,61,38,29,52,37,37,64,46,45,90,85,39,25,41,58,37,30,53,38,39
202111271045,64,50,46,95,88,45,19,47,62,38,30,50,35,41,64,51,45,96,88,45,24,49,58,37,31,52,36,42
202111271100,64,56,39,89,85,44,21,54,62,43,29,52,35,41,64,57,38,90,85,44,25,56,59,41,30,54,36,42
202111271115,60,53,38,79,81,46,20,50,68,40,26,51,37,45,60,54,38,80,81,47,25,52,64,38,28,53,37,45
202111271130,71,61,41,85,88,48,22,54,67,41,24,48,38,46,71,62,41,87,88,49,27,56,63,39,26,51,38,47
202111271145,72,71,41,76,94,50,23,54,73,38,27,43,34,47,72,71,41,78,94,51,28,56,68,37,28,46,34,48
202111271200,88,79,39,81,100,59,23,51,80,38,31,50,38,49,87,79,39,84,101,59,29,53,75,37,32,53,38,49
202111271215,96,80,41,76,92,56,23,49,67,41,34,44,40,47,95,81,41,80,94,55,28,51,63,40,35,47,40,48
202111271230,87,79,38,81,90,50,24,44,68,38,35,42,40,44,86,79,38,84,91,50,29,46,64,37,36,45,39,44
202111271245,82,72,29,81,81,51,24,46,69,34,30,39,45,49,81,72,30,84,83,51,29,48,65,33,32,43,44,48
202111271300,91,71,33,89,81,47,23,39,72,30,32,35,45,46,89,72,33,92,83,48,28,42,68,29,34,39,43,46
202111271315,91,60,33,81,79,46,19,41,72,30,32,35,42,45,89,62,33,84,81,47,25,43,67,29,34,38,41,45
202111271330,89,57,34,81,75,46,19,47,65,33,28,40,45,42,87,60,34,84,78,47,24,49,61,32,30,43,44,42
202111271345,88,56,36,82,72,44,17,45,59,35,30,36,46,42,86,59,36,85,75,44,21,47,55,34,32,39,44,43
202111271400,90,58,41,87,79,44,19,43,60,40,28,42,43,43,88,61,40,90,81,44,23,45,56,38,30,45,42,44
202111271415,90,55,39,88,77,46,21,38,61,36,27,41,41,44,88,58,39,91,79,46,25,40,58,35,29,44,40,45
202111271430,98,55,33,88,80,48,19,39,64,35,25,42,44,45,96,59,33,91,83,48,24,41,60,34,28,45,43,45
202111271445,89,53,33,89,88,43,18,36,63,39,26,41,44,51,88,56,34,92,89,44,23,39,59,38,29,45,43,51
202111271500,95,61,33,88,84,44,21,43,64,38,28,41,50,53,93,64,34,91,86,45,26,46,60,37,31,45,48,52
202111271515,97,57,35,88,88,42,22,45,65,39,30,41,49,55,95,60,36,91,90,43,26,48,61,38,33,45,47,54
202111271530,94,59,32,87,91,43,22,46,62,39,26,40,45,53,92,62,33,90,93,44,26,49,59,38,29,44,44,52
202111271545,95,61,37,84,98,43,22,50,65,37,24,39,47,54,94,64,37,87,99,44,27,52,61,36,27,43,46,54
202111271600,91,57,41,89,99,42,21,52,68,37,26,41,46,52,90,60,41,92,100,43,26,54,64,36,29,45,45,52
202111271615,96,53,41,88,97,43,19,52,60,35,29,50,48,45,95,57,40,91,98,43,23,54,56,34,32,52,47,46
202111271630,99,64,37,88,101,44,18,49,59,39,26,41,50,41,98,67,37,91,102,44,22,51,55,37,29,44,48,42
202111271645,100,61,36,89,108,42,21,56,63,40,21,42,47,41,99,64,36,93,109,43,25,57,59,39,25,45,46,41
202111271700,96,65,47,87,114,44,21,59,63,37,26,41,46,51,96,67,47,90,114,45,25,61,59,36,29,45,45,52
202111271715,104,67,51,91,112,52,20,55,67,35,28,44,47,51,103,70,50,95,113,52,25,57,63,34,31,48,46,53
202111271730,102,77,48,93,105,53,25,59,65,32,26,44,49,43,101,79,47,97,106,53,29,61,62,31,29,47,48,45
202111271745,117,85,48,92,106,56,26,62,69,37,30,37,52,41,115,87,47,97,108,56,30,63,65,36,33,40,50,43
202111271800,132,92,50,92,106,59,24,67,71,38,32,39,55,44,129,95,49,97,109,59,29,68,67,37,35,42,53,46
202111271815,143,94,47,96,106,65,22,62,76,37,33,37,58,48,140,98,46,102,110,64,28,64,71,36,37,41,55,49
202111271830,136,93,49,99,107,66,27,55,78,33,37,43,58,47,133,96,48,105,110,65,32,57,73,33,40,46,56,48
202111271845,136,89,53,106,101,63,25,55,78,35,40,41,55,50,133,92,52,111,105,63,31,57,73,34,43,45,53,52
202111271900,137,95,57,112,114,71,25,55,77,31,42,42,54,54,135,98,56,117,117,70,31,57,72,30,44,46,52,56
202111271915,134,99,57,112,118,71,27,54,86,36,41,43,51,60,132,101,56,117,120,70,33,57,81,35,43,48,49,62
202111271930,135,94,59,118,114,73,29,57,91,32,44,43,53,60,133,97,58,122,117,73,36,59,85,32,46,48,51,62
202111271945,123,84,59,114,120,73,28,51,92,34,44,45,51,67,122,87,59,118,121,73,35,54,86,33,46,50,49,68
202111272000,133,87,58,111,119,67,29,50,92,32,49,46,51,66,131,90,58,115,121,67,36,53,86,32,50,51,50,67
202111272015,132,90,60,105,103,65,30,50,96,31,49,44,48,62,129,93,59,110,106,66,37,53,90,31,50,49,47,64
202111272030,124,80,59,108,94,64,35,44,90,27,49,45,44,63,121,83,58,112,98,65,41,47,85,27,49,50,43,64
202111272045,120,86,63,103,89,62,33,41,80,27,48,46,50,67,117,88,62,107,92,62,38,45,76,27,49,51,49,69
202111272100,119,78,62,105,90,63,33,40,83,27,45,46,50,71,116,81,62,109,93,63,38,44,78,27,46,52,49,72
202111272115,107,75,63,108,84,59,29,39,82,26,39,45,45,71,104,78,63,111,87,60,34,43,77,26,40,51,44,72
202111272130,98,74,60,111,83,58,32,46,90,25,40,40,46,73,96,76,60,113,86,59,38,50,85,25,41,46,45,74
202111272145,95,73,69,103,78,60,33,43,89,24,38,44,40,74,93,75,68,105,81,61,39,47,84,24,39,50,40,76
202111272200,97,73,63,101,79,55,27,44,90,23,32,40,39,77,94,75,63,104,82,57,34,48,84,23,33,47,38,78
202111272215,83,61,58,109,73,54,23,45,96,19,34,40,40,74,81,63,58,110,75,56,31,49,89,19,35,47,39,75
202111272230,74,62,58,105,73,58,25,44,97,19,37,40,43,65,72,63,58,106,74,60,33,47,90,19,38,46,42,66
202111272245,65,57,57,105,74,55,27,41,101,18,30,38,43,60,64,58,56,105,75,58,35,44,94,18,32,43,42,61
202111272300,64,53,54,102,68,55,25,41,99,21,30,39,47,56,63,54,53,102,69,58,33,44,92,21,33,44,45,57
202111272315,66,53,49,104,64,51,25,41,91,20,32,39,45,53,65,54,48,104,66,54,32,44,85,20,34,43,44,54
202111272330,68,51,48,106,59,45,23,38,92,22,29,37,41,55,66,52,48,106,61,48,30,41,86,22,31,41,40,56
202111272345,68,48,53,96,52,45,21,38,87,17,27,37,36,57,66,50,52,97,55,48,28,41,81,17,29,42,35,58
202111280000,65,47,48,94,45,40,21,33,84,17,27,33,31,53,63,49,48,95,48,43,28,36,78,17,28,38,31,54
202111280015,60,45,45,83,38,41,20,27,71,14,22,33,32,44,58,46,44,84,41,43,25,30,66,14,24,37,31,45
202111280030,59,39,42,81,39,33,19,26,70,14,19,28,28,41,56,41,41,82,42,36,24,29,65,14,20,31,27,42
202111280045,53,31,44,78,34,32,19,26,60,12,15,25,20,34,51,33,42,79,37,34,23,28,56,12,16,28,20,36
202111280100,47,32,40,69,29,28,16,22,61,11,14,24,19,32,45,34,39,70,32,31,21,24,57,11,15,27,19,34
202111280115,44,31,38,63,28,27,12,18,58,13,10,19,20,31,42,32,37,64,31,30,17,20,54,13,11,22,20,33
202111280130,42,28,31,59,24,24,13,16,58,13,10,19,19,27,40,29,30,60,27,27,18,18,54,13,11,21,19,28
202111280145,38,29,31,59,23,23,13,17,60,13,11,20,19,26,36,30,30,60,26,26,18,19,56,13,12,22,19,27
202111280200,32,27,30,53,23,21,13,17,58,13,14,18,16,27,30,28,29,54,25,24,18,19,54,13,15,21,16,28
